id,ten_khach,sdt,nhu_cau_mo_ta,score_budget,score_interest,score_timeline,score_authority,score_engagement,base_score,bonus_penalty,total_score,classification,badge,key_insights,recommended_action,sales_opener_pitch
1,Phan Văn Hoa,894782782,"Đang tìm thuê mặt bằng kinh doanh spa tại Quận 1, diện tích khoảng 80-100m2. Giá thuê mong muốn dưới 50 triệu/tháng. Cần ký hợp đồng dài hạn.",14,16,14,8,6,58,0,58,WARM,☀️ WARM LEAD,"Tìm thuê mặt bằng spa Quận 1 (80-100m2), giá dưới 50 triệu/tháng, hợp đồng dài hạn.","Chuyên viên tư vấn gọi trong 1 - 2 giờ, hỗ trợ phương án tài chính & hẹn nhà mẫu","Dạ em chào anh/chị Phan Văn Hoa, em bên mảng mặt bằng thương mại. Em nắm được nhu cầu thuê mặt bằng spa 80-100m2 tại Quận 1 dưới 50 triệu. Em đang có sẵn 2 căn vỉa hè rộng, hạ tầng cấp thoát nước hoàn chỉnh. Chiều nay em có thể dẫn anh/chị qua xem trực tiếp được không ạ?"
2,Hồ Hồng Linh,848475144,"Khách hàng nhầm số, không có nhu cầu về bất động sản. Có vẻ là dữ liệu cũ từ ngành khác trộn vào.",0,0,0,0,0,0,-50,0,COLD,❄️ COLD LEAD,Lý do loại: Nhầm số / Không có nhu cầu BĐS,Chặn số / Đưa vào Blacklist / Drip Marketing tự động,Không thực hiện gọi trực tiếp. Chuyển vào hệ thống chăm sóc tự động định kỳ.
3,Lý Đức Cường,953430096,"Quan tâm căn hộ 2PN tại Quận 7 cho gia đình trẻ. Tài chính khoảng 4-5 tỷ, cần hỗ trợ vay ngân hàng 70%. Muốn đi xem nhà mẫu vào cuối tuần này.",16,16,18,8,8,66,0,66,WARM,☀️ WARM LEAD,"Gia đình trẻ, quan tâm căn 2PN Q7 (4-5 tỷ), cần hỗ trợ vay 70%, muốn đi xem nhà mẫu cuối tuần.","Chuyên viên tư vấn gọi trong 1 - 2 giờ, hỗ trợ phương án tài chính & hẹn nhà mẫu","Dạ em chào anh/chị Lý Đức Cường, em là [Tên Sales] dự án căn hộ Quận 7. Em thấy gia đình mình quan tâm căn 2PN tài chính 4-5 tỷ và cần gói vay 70%. Em đã lập sẵn bảng tính dòng tiền miễn lãi 2 năm đầu. Thứ Bảy này bên em có xe đưa đón tham quan nhà mẫu, em xin phép đăng ký lịch cho gia đình mình nhé ạ?"
4,Lê Anh Lan,964591036,"Khách hàng tìm mua Penthouse diện tích lớn, yêu cầu có hồ bơi riêng và thang máy riêng. Ngân sách không thành vấn đề, quan trọng là đẳng cấp và sự riêng tư.",30,25,18,15,10,98,50,100,HOT,🔥 HOT LEAD,"VIP Flags: Ngân sách VIP (>= 20 tỷ / Tài chính mạnh), Sản phẩm VIP / Độc bản. Khách hàng phân khúc cao cấp/tài chính mạnh.",Giao Giám đốc Dự án / Senior Broker gọi ngay trong vòng 5 - 15 phút,"Dạ em chào anh/chị Lê Anh Lan, em là [Tên Sales] phụ trách giỏ hàng Penthouse độc bản tại [Dự án]. Nhận được yêu cầu tìm căn Penthouse diện tích lớn có hồ bơi và thang máy riêng của mình, bên em vừa ra mắt 2 căn phiên bản giới hạn có view panorama trực diện sông. Em xin phép kết bạn Zalo gửi trọn bộ Private Deck và video flycam trực tiếp cho anh/chị xem trước ạ."
5,Ngô Anh Mai,784760799,"Tìm nhà phố liền kề khu vực nội thành, ưu tiên gần trường học và bệnh viện. Ngân sách 8-10 tỷ. Đang cân nhắc giữa 2 dự án, cần tư vấn thêm về chính sách chiết khấu.",22,18,14,8,8,70,0,70,WARM,☀️ WARM LEAD,"Tìm nhà phố 8-10 tỷ gần trường học, đang so sánh 2 dự án, quan tâm chính sách chiết khấu.","Chuyên viên tư vấn gọi trong 1 - 2 giờ, hỗ trợ phương án tài chính & hẹn nhà mẫu","Dạ em chào anh/chị Ngô Anh Mai, biết anh/chị đang cân nhắc nhà phố nội thành gần trường học tài chính 8-10 tỷ. Em đã làm bảng so sánh chi tiết ưu thế và chính sách chiết khấu thanh toán sớm 8% bên em so với dự án anh/chị đang xem. Em xin phép gửi qua Zalo để anh/chị tham khảo nhé ạ."
6,Lý Đức Tâm,949816598,"Quan tâm căn hộ 2PN tại Quận 7 cho gia đình trẻ. Tài chính khoảng 4-5 tỷ, cần hỗ trợ vay ngân hàng 70%. Muốn đi xem nhà mẫu vào cuối tuần này.",16,16,18,8,8,66,0,66,WARM,☀️ WARM LEAD,"Gia đình trẻ, quan tâm căn 2PN Q7 (4-5 tỷ), cần hỗ trợ vay 70%, muốn đi xem nhà mẫu cuối tuần.","Chuyên viên tư vấn gọi trong 1 - 2 giờ, hỗ trợ phương án tài chính & hẹn nhà mẫu","Dạ em chào anh/chị Lý Đức Tâm, em là [Tên Sales] dự án căn hộ Quận 7. Em thấy gia đình mình quan tâm căn 2PN tài chính 4-5 tỷ và cần gói vay 70%. Em đã lập sẵn bảng tính dòng tiền miễn lãi 2 năm đầu. Thứ Bảy này bên em có xe đưa đón tham quan nhà mẫu, em xin phép đăng ký lịch cho gia đình mình nhé ạ?"
7,Đặng Hoàng Dũng,953795436,"Số điện thoại hay bị thuê bao, gọi nhiều lần không bắt máy. Nhắn tin Zalo không phản hồi.",0,0,0,0,0,0,-50,0,COLD,❄️ COLD LEAD,Lý do loại: Không liên lạc được (Thuê bao/Không rep),Chặn số / Đưa vào Blacklist / Drip Marketing tự động,Không thực hiện gọi trực tiếp. Chuyển vào hệ thống chăm sóc tự động định kỳ.
8,Phạm Minh Lan,386670033,"Cần mua đất nền vùng ven (Long An, Đồng Nai) để đầu tư dài hạn. Tài chính 2-3 tỷ. Yêu cầu sổ hồng riêng, không dính quy hoạch.",12,14,10,8,8,52,0,52,WARM,☀️ WARM LEAD,"Cần mua đất nền vùng ven (Long An, Đồng Nai) 2-3 tỷ đầu tư dài hạn, yêu cầu sổ hồng riêng.","Chuyên viên tư vấn gọi trong 1 - 2 giờ, hỗ trợ phương án tài chính & hẹn nhà mẫu","Dạ em chào anh/chị Phạm Minh Lan, em phụ trách đất nền khu Đông & vùng ven. Em có 3 lô đất Long An/Đồng Nai tài chính 2-3 tỷ đã có sổ hồng riêng từng nền, không dính quy hoạch. Em xin phép gửi sổ và trích lục bản đồ địa chính qua Zalo cho anh/chị xem trước nhé ạ."
9,Đặng Văn Hoa,364619938,"Quan tâm căn hộ 2PN tại Quận 7 cho gia đình trẻ. Tài chính khoảng 4-5 tỷ, cần hỗ trợ vay ngân hàng 70%. Muốn đi xem nhà mẫu vào cuối tuần này.",16,16,18,8,8,66,0,66,WARM,☀️ WARM LEAD,"Gia đình trẻ, quan tâm căn 2PN Q7 (4-5 tỷ), cần hỗ trợ vay 70%, muốn đi xem nhà mẫu cuối tuần.","Chuyên viên tư vấn gọi trong 1 - 2 giờ, hỗ trợ phương án tài chính & hẹn nhà mẫu","Dạ em chào anh/chị Đặng Văn Hoa, em là [Tên Sales] dự án căn hộ Quận 7. Em thấy gia đình mình quan tâm căn 2PN tài chính 4-5 tỷ và cần gói vay 70%. Em đã lập sẵn bảng tính dòng tiền miễn lãi 2 năm đầu. Thứ Bảy này bên em có xe đưa đón tham quan nhà mẫu, em xin phép đăng ký lịch cho gia đình mình nhé ạ?"
10,Lê Bảo Hoa,768273692,"Đang tìm thuê mặt bằng kinh doanh spa tại Quận 1, diện tích khoảng 80-100m2. Giá thuê mong muốn dưới 50 triệu/tháng. Cần ký hợp đồng dài hạn.",14,16,14,8,6,58,0,58,WARM,☀️ WARM LEAD,"Tìm thuê mặt bằng spa Quận 1 (80-100m2), giá dưới 50 triệu/tháng, hợp đồng dài hạn.","Chuyên viên tư vấn gọi trong 1 - 2 giờ, hỗ trợ phương án tài chính & hẹn nhà mẫu","Dạ em chào anh/chị Lê Bảo Hoa, em bên mảng mặt bằng thương mại. Em nắm được nhu cầu thuê mặt bằng spa 80-100m2 tại Quận 1 dưới 50 triệu. Em đang có sẵn 2 căn vỉa hè rộng, hạ tầng cấp thoát nước hoàn chỉnh. Chiều nay em có thể dẫn anh/chị qua xem trực tiếp được không ạ?"
11,Lý Ngọc Dũng,311281548,"Khách hàng tìm mua Penthouse diện tích lớn, yêu cầu có hồ bơi riêng và thang máy riêng. Ngân sách không thành vấn đề, quan trọng là đẳng cấp và sự riêng tư.",30,25,18,15,10,98,50,100,HOT,🔥 HOT LEAD,"VIP Flags: Ngân sách VIP (>= 20 tỷ / Tài chính mạnh), Sản phẩm VIP / Độc bản. Khách hàng phân khúc cao cấp/tài chính mạnh.",Giao Giám đốc Dự án / Senior Broker gọi ngay trong vòng 5 - 15 phút,"Dạ em chào anh/chị Lý Ngọc Dũng, em là [Tên Sales] phụ trách giỏ hàng Penthouse độc bản tại [Dự án]. Nhận được yêu cầu tìm căn Penthouse diện tích lớn có hồ bơi và thang máy riêng của mình, bên em vừa ra mắt 2 căn phiên bản giới hạn có view panorama trực diện sông. Em xin phép kết bạn Zalo gửi trọn bộ Private Deck và video flycam trực tiếp cho anh/chị xem trước ạ."
12,Trần Bảo Tuấn,942416997,"Đang tìm thuê mặt bằng kinh doanh spa tại Quận 1, diện tích khoảng 80-100m2. Giá thuê mong muốn dưới 50 triệu/tháng. Cần ký hợp đồng dài hạn.",14,16,14,8,6,58,0,58,WARM,☀️ WARM LEAD,"Tìm thuê mặt bằng spa Quận 1 (80-100m2), giá dưới 50 triệu/tháng, hợp đồng dài hạn.","Chuyên viên tư vấn gọi trong 1 - 2 giờ, hỗ trợ phương án tài chính & hẹn nhà mẫu","Dạ em chào anh/chị Trần Bảo Tuấn, em bên mảng mặt bằng thương mại. Em nắm được nhu cầu thuê mặt bằng spa 80-100m2 tại Quận 1 dưới 50 triệu. Em đang có sẵn 2 căn vỉa hè rộng, hạ tầng cấp thoát nước hoàn chỉnh. Chiều nay em có thể dẫn anh/chị qua xem trực tiếp được không ạ?"
13,Dương Anh Nam,991088161,"Quan tâm căn hộ 2PN tại Quận 7 cho gia đình trẻ. Tài chính khoảng 4-5 tỷ, cần hỗ trợ vay ngân hàng 70%. Muốn đi xem nhà mẫu vào cuối tuần này.",16,16,18,8,8,66,0,66,WARM,☀️ WARM LEAD,"Gia đình trẻ, quan tâm căn 2PN Q7 (4-5 tỷ), cần hỗ trợ vay 70%, muốn đi xem nhà mẫu cuối tuần.","Chuyên viên tư vấn gọi trong 1 - 2 giờ, hỗ trợ phương án tài chính & hẹn nhà mẫu","Dạ em chào anh/chị Dương Anh Nam, em là [Tên Sales] dự án căn hộ Quận 7. Em thấy gia đình mình quan tâm căn 2PN tài chính 4-5 tỷ và cần gói vay 70%. Em đã lập sẵn bảng tính dòng tiền miễn lãi 2 năm đầu. Thứ Bảy này bên em có xe đưa đón tham quan nhà mẫu, em xin phép đăng ký lịch cho gia đình mình nhé ạ?"
14,Vũ Văn Cường,792789178,"Đang tìm thuê mặt bằng kinh doanh spa tại Quận 1, diện tích khoảng 80-100m2. Giá thuê mong muốn dưới 50 triệu/tháng. Cần ký hợp đồng dài hạn.",14,16,14,8,6,58,0,58,WARM,☀️ WARM LEAD,"Tìm thuê mặt bằng spa Quận 1 (80-100m2), giá dưới 50 triệu/tháng, hợp đồng dài hạn.","Chuyên viên tư vấn gọi trong 1 - 2 giờ, hỗ trợ phương án tài chính & hẹn nhà mẫu","Dạ em chào anh/chị Vũ Văn Cường, em bên mảng mặt bằng thương mại. Em nắm được nhu cầu thuê mặt bằng spa 80-100m2 tại Quận 1 dưới 50 triệu. Em đang có sẵn 2 căn vỉa hè rộng, hạ tầng cấp thoát nước hoàn chỉnh. Chiều nay em có thể dẫn anh/chị qua xem trực tiếp được không ạ?"
15,Trần Minh Sơn,399234365,"Tìm nhà phố liền kề khu vực nội thành, ưu tiên gần trường học và bệnh viện. Ngân sách 8-10 tỷ. Đang cân nhắc giữa 2 dự án, cần tư vấn thêm về chính sách chiết khấu.",22,18,14,8,8,70,0,70,WARM,☀️ WARM LEAD,"Tìm nhà phố 8-10 tỷ gần trường học, đang so sánh 2 dự án, quan tâm chính sách chiết khấu.","Chuyên viên tư vấn gọi trong 1 - 2 giờ, hỗ trợ phương án tài chính & hẹn nhà mẫu","Dạ em chào anh/chị Trần Minh Sơn, biết anh/chị đang cân nhắc nhà phố nội thành gần trường học tài chính 8-10 tỷ. Em đã làm bảng so sánh chi tiết ưu thế và chính sách chiết khấu thanh toán sớm 8% bên em so với dự án anh/chị đang xem. Em xin phép gửi qua Zalo để anh/chị tham khảo nhé ạ."
16,Hồ Ngọc Dũng,797825283,"Quan tâm căn hộ 2PN tại Quận 7 cho gia đình trẻ. Tài chính khoảng 4-5 tỷ, cần hỗ trợ vay ngân hàng 70%. Muốn đi xem nhà mẫu vào cuối tuần này.",16,16,18,8,8,66,0,66,WARM,☀️ WARM LEAD,"Gia đình trẻ, quan tâm căn 2PN Q7 (4-5 tỷ), cần hỗ trợ vay 70%, muốn đi xem nhà mẫu cuối tuần.","Chuyên viên tư vấn gọi trong 1 - 2 giờ, hỗ trợ phương án tài chính & hẹn nhà mẫu","Dạ em chào anh/chị Hồ Ngọc Dũng, em là [Tên Sales] dự án căn hộ Quận 7. Em thấy gia đình mình quan tâm căn 2PN tài chính 4-5 tỷ và cần gói vay 70%. Em đã lập sẵn bảng tính dòng tiền miễn lãi 2 năm đầu. Thứ Bảy này bên em có xe đưa đón tham quan nhà mẫu, em xin phép đăng ký lịch cho gia đình mình nhé ạ?"
17,Hồ Văn Nam,917691453,"Tìm nhà phố liền kề khu vực nội thành, ưu tiên gần trường học và bệnh viện. Ngân sách 8-10 tỷ. Đang cân nhắc giữa 2 dự án, cần tư vấn thêm về chính sách chiết khấu.",22,18,14,8,8,70,0,70,WARM,☀️ WARM LEAD,"Tìm nhà phố 8-10 tỷ gần trường học, đang so sánh 2 dự án, quan tâm chính sách chiết khấu.","Chuyên viên tư vấn gọi trong 1 - 2 giờ, hỗ trợ phương án tài chính & hẹn nhà mẫu","Dạ em chào anh/chị Hồ Văn Nam, biết anh/chị đang cân nhắc nhà phố nội thành gần trường học tài chính 8-10 tỷ. Em đã làm bảng so sánh chi tiết ưu thế và chính sách chiết khấu thanh toán sớm 8% bên em so với dự án anh/chị đang xem. Em xin phép gửi qua Zalo để anh/chị tham khảo nhé ạ."
18,Ngô Phương Lan,856067439,"Tìm nhà phố liền kề khu vực nội thành, ưu tiên gần trường học và bệnh viện. Ngân sách 8-10 tỷ. Đang cân nhắc giữa 2 dự án, cần tư vấn thêm về chính sách chiết khấu.",22,18,14,8,8,70,0,70,WARM,☀️ WARM LEAD,"Tìm nhà phố 8-10 tỷ gần trường học, đang so sánh 2 dự án, quan tâm chính sách chiết khấu.","Chuyên viên tư vấn gọi trong 1 - 2 giờ, hỗ trợ phương án tài chính & hẹn nhà mẫu","Dạ em chào anh/chị Ngô Phương Lan, biết anh/chị đang cân nhắc nhà phố nội thành gần trường học tài chính 8-10 tỷ. Em đã làm bảng so sánh chi tiết ưu thế và chính sách chiết khấu thanh toán sớm 8% bên em so với dự án anh/chị đang xem. Em xin phép gửi qua Zalo để anh/chị tham khảo nhé ạ."
19,Dương Hoàng Hoa,353940782,"Đang tìm thuê mặt bằng kinh doanh spa tại Quận 1, diện tích khoảng 80-100m2. Giá thuê mong muốn dưới 50 triệu/tháng. Cần ký hợp đồng dài hạn.",14,16,14,8,6,58,0,58,WARM,☀️ WARM LEAD,"Tìm thuê mặt bằng spa Quận 1 (80-100m2), giá dưới 50 triệu/tháng, hợp đồng dài hạn.","Chuyên viên tư vấn gọi trong 1 - 2 giờ, hỗ trợ phương án tài chính & hẹn nhà mẫu","Dạ em chào anh/chị Dương Hoàng Hoa, em bên mảng mặt bằng thương mại. Em nắm được nhu cầu thuê mặt bằng spa 80-100m2 tại Quận 1 dưới 50 triệu. Em đang có sẵn 2 căn vỉa hè rộng, hạ tầng cấp thoát nước hoàn chỉnh. Chiều nay em có thể dẫn anh/chị qua xem trực tiếp được không ạ?"
20,Hồ Phương Mai,915805255,"Hỏi giá cho vui, chưa có ý định mua trong năm nay. Ngân sách rất thấp so với mặt bằng chung (đòi mua nhà Q1 giá 1 tỷ).",0,0,0,0,0,0,-50,0,COLD,❄️ COLD LEAD,"Lý do loại: Yêu cầu phi thực tế (Giá vô lý), Khách không thiện chí (Hỏi cho vui)",Chặn số / Đưa vào Blacklist / Drip Marketing tự động,Không thực hiện gọi trực tiếp. Chuyển vào hệ thống chăm sóc tự động định kỳ.
21,Đỗ Bảo Nam,312670774,"Quan tâm căn hộ 2PN tại Quận 7 cho gia đình trẻ. Tài chính khoảng 4-5 tỷ, cần hỗ trợ vay ngân hàng 70%. Muốn đi xem nhà mẫu vào cuối tuần này.",16,16,18,8,8,66,0,66,WARM,☀️ WARM LEAD,"Gia đình trẻ, quan tâm căn 2PN Q7 (4-5 tỷ), cần hỗ trợ vay 70%, muốn đi xem nhà mẫu cuối tuần.","Chuyên viên tư vấn gọi trong 1 - 2 giờ, hỗ trợ phương án tài chính & hẹn nhà mẫu","Dạ em chào anh/chị Đỗ Bảo Nam, em là [Tên Sales] dự án căn hộ Quận 7. Em thấy gia đình mình quan tâm căn 2PN tài chính 4-5 tỷ và cần gói vay 70%. Em đã lập sẵn bảng tính dòng tiền miễn lãi 2 năm đầu. Thứ Bảy này bên em có xe đưa đón tham quan nhà mẫu, em xin phép đăng ký lịch cho gia đình mình nhé ạ?"
22,Dương Minh Hùng,946432914,"Khách hàng nhầm số, không có nhu cầu về bất động sản. Có vẻ là dữ liệu cũ từ ngành khác trộn vào.",0,0,0,0,0,0,-50,0,COLD,❄️ COLD LEAD,Lý do loại: Nhầm số / Không có nhu cầu BĐS,Chặn số / Đưa vào Blacklist / Drip Marketing tự động,Không thực hiện gọi trực tiếp. Chuyển vào hệ thống chăm sóc tự động định kỳ.
23,Đặng Minh Mai,817282514,"Đang tìm thuê mặt bằng kinh doanh spa tại Quận 1, diện tích khoảng 80-100m2. Giá thuê mong muốn dưới 50 triệu/tháng. Cần ký hợp đồng dài hạn.",14,16,14,8,6,58,0,58,WARM,☀️ WARM LEAD,"Tìm thuê mặt bằng spa Quận 1 (80-100m2), giá dưới 50 triệu/tháng, hợp đồng dài hạn.","Chuyên viên tư vấn gọi trong 1 - 2 giờ, hỗ trợ phương án tài chính & hẹn nhà mẫu","Dạ em chào anh/chị Đặng Minh Mai, em bên mảng mặt bằng thương mại. Em nắm được nhu cầu thuê mặt bằng spa 80-100m2 tại Quận 1 dưới 50 triệu. Em đang có sẵn 2 căn vỉa hè rộng, hạ tầng cấp thoát nước hoàn chỉnh. Chiều nay em có thể dẫn anh/chị qua xem trực tiếp được không ạ?"
24,Phạm Anh Cường,334704752,"Khách hàng nhầm số, không có nhu cầu về bất động sản. Có vẻ là dữ liệu cũ từ ngành khác trộn vào.",0,0,0,0,0,0,-50,0,COLD,❄️ COLD LEAD,Lý do loại: Nhầm số / Không có nhu cầu BĐS,Chặn số / Đưa vào Blacklist / Drip Marketing tự động,Không thực hiện gọi trực tiếp. Chuyển vào hệ thống chăm sóc tự động định kỳ.
25,Lý Đức Nam,812033818,"Hỏi giá cho vui, chưa có ý định mua trong năm nay. Ngân sách rất thấp so với mặt bằng chung (đòi mua nhà Q1 giá 1 tỷ).",0,0,0,0,0,0,-50,0,COLD,❄️ COLD LEAD,"Lý do loại: Yêu cầu phi thực tế (Giá vô lý), Khách không thiện chí (Hỏi cho vui)",Chặn số / Đưa vào Blacklist / Drip Marketing tự động,Không thực hiện gọi trực tiếp. Chuyển vào hệ thống chăm sóc tự động định kỳ.
26,Phạm Ngọc Anh,715608641,"Tìm nhà phố liền kề khu vực nội thành, ưu tiên gần trường học và bệnh viện. Ngân sách 8-10 tỷ. Đang cân nhắc giữa 2 dự án, cần tư vấn thêm về chính sách chiết khấu.",22,18,14,8,8,70,0,70,WARM,☀️ WARM LEAD,"Tìm nhà phố 8-10 tỷ gần trường học, đang so sánh 2 dự án, quan tâm chính sách chiết khấu.","Chuyên viên tư vấn gọi trong 1 - 2 giờ, hỗ trợ phương án tài chính & hẹn nhà mẫu","Dạ em chào anh/chị Phạm Ngọc Anh, biết anh/chị đang cân nhắc nhà phố nội thành gần trường học tài chính 8-10 tỷ. Em đã làm bảng so sánh chi tiết ưu thế và chính sách chiết khấu thanh toán sớm 8% bên em so với dự án anh/chị đang xem. Em xin phép gửi qua Zalo để anh/chị tham khảo nhé ạ."
27,Phạm Thị Sơn,969488574,"Cần mua đất nền vùng ven (Long An, Đồng Nai) để đầu tư dài hạn. Tài chính 2-3 tỷ. Yêu cầu sổ hồng riêng, không dính quy hoạch.",12,14,10,8,8,52,0,52,WARM,☀️ WARM LEAD,"Cần mua đất nền vùng ven (Long An, Đồng Nai) 2-3 tỷ đầu tư dài hạn, yêu cầu sổ hồng riêng.","Chuyên viên tư vấn gọi trong 1 - 2 giờ, hỗ trợ phương án tài chính & hẹn nhà mẫu","Dạ em chào anh/chị Phạm Thị Sơn, em phụ trách đất nền khu Đông & vùng ven. Em có 3 lô đất Long An/Đồng Nai tài chính 2-3 tỷ đã có sổ hồng riêng từng nền, không dính quy hoạch. Em xin phép gửi sổ và trích lục bản đồ địa chính qua Zalo cho anh/chị xem trước nhé ạ."
28,Trần Hoàng Dũng,943392982,"Chủ doanh nghiệp lớn, cần tìm quỹ đất công nghiệp hoặc sàn văn phòng diện tích trên 2000m2 tại khu Đông. Tài chính cực mạnh, yêu cầu pháp lý chuẩn 100%.",30,25,18,15,10,98,50,100,HOT,🔥 HOT LEAD,"VIP Flags: Ngân sách VIP (>= 20 tỷ / Tài chính mạnh), Sản phẩm VIP / Độc bản, Chân dung VIP (Chủ DN/NĐT gom sỉ), Minh bạch / Muốn gặp CĐT. Khách hàng phân khúc cao cấp/tài chính mạnh.",Giao Giám đốc Dự án / Senior Broker gọi ngay trong vòng 5 - 15 phút,"Dạ em chào anh/chị Trần Hoàng Dũng, em phụ trách BĐS Thương mại & Doanh nghiệp. Nhận thông tin doanh nghiệp mình cần quỹ đất/sàn văn phòng >2000m2 chuẩn pháp lý 100% tại Khu Đông, bên em có sẵn 2 quỹ đất sổ đỏ hoàn chỉnh. Chiều nay em xin phép mang trích lục quy hoạch 1/500 qua văn phòng gửi anh/chị ạ."
29,Đỗ Đức Hùng,743978800,"Hỏi giá cho vui, chưa có ý định mua trong năm nay. Ngân sách rất thấp so với mặt bằng chung (đòi mua nhà Q1 giá 1 tỷ).",0,0,0,0,0,0,-50,0,COLD,❄️ COLD LEAD,"Lý do loại: Yêu cầu phi thực tế (Giá vô lý), Khách không thiện chí (Hỏi cho vui)",Chặn số / Đưa vào Blacklist / Drip Marketing tự động,Không thực hiện gọi trực tiếp. Chuyển vào hệ thống chăm sóc tự động định kỳ.
30,Trần Minh Dũng,897699529,"Khách hàng nhầm số, không có nhu cầu về bất động sản. Có vẻ là dữ liệu cũ từ ngành khác trộn vào.",0,0,0,0,0,0,-50,0,COLD,❄️ COLD LEAD,Lý do loại: Nhầm số / Không có nhu cầu BĐS,Chặn số / Đưa vào Blacklist / Drip Marketing tự động,Không thực hiện gọi trực tiếp. Chuyển vào hệ thống chăm sóc tự động định kỳ.
31,Lê Ngọc Dũng,926979323,"Cần mua đất nền vùng ven (Long An, Đồng Nai) để đầu tư dài hạn. Tài chính 2-3 tỷ. Yêu cầu sổ hồng riêng, không dính quy hoạch.",12,14,10,8,8,52,0,52,WARM,☀️ WARM LEAD,"Cần mua đất nền vùng ven (Long An, Đồng Nai) 2-3 tỷ đầu tư dài hạn, yêu cầu sổ hồng riêng.","Chuyên viên tư vấn gọi trong 1 - 2 giờ, hỗ trợ phương án tài chính & hẹn nhà mẫu","Dạ em chào anh/chị Lê Ngọc Dũng, em phụ trách đất nền khu Đông & vùng ven. Em có 3 lô đất Long An/Đồng Nai tài chính 2-3 tỷ đã có sổ hồng riêng từng nền, không dính quy hoạch. Em xin phép gửi sổ và trích lục bản đồ địa chính qua Zalo cho anh/chị xem trước nhé ạ."
32,Phan Thị Cường,390725674,"Đang tìm thuê mặt bằng kinh doanh spa tại Quận 1, diện tích khoảng 80-100m2. Giá thuê mong muốn dưới 50 triệu/tháng. Cần ký hợp đồng dài hạn.",14,16,14,8,6,58,0,58,WARM,☀️ WARM LEAD,"Tìm thuê mặt bằng spa Quận 1 (80-100m2), giá dưới 50 triệu/tháng, hợp đồng dài hạn.","Chuyên viên tư vấn gọi trong 1 - 2 giờ, hỗ trợ phương án tài chính & hẹn nhà mẫu","Dạ em chào anh/chị Phan Thị Cường, em bên mảng mặt bằng thương mại. Em nắm được nhu cầu thuê mặt bằng spa 80-100m2 tại Quận 1 dưới 50 triệu. Em đang có sẵn 2 căn vỉa hè rộng, hạ tầng cấp thoát nước hoàn chỉnh. Chiều nay em có thể dẫn anh/chị qua xem trực tiếp được không ạ?"
33,Ngô Anh Lan,396470994,"Tìm nhà thuê nguyên căn giá 2 triệu ở trung tâm thành phố. Yêu cầu phi thực tế, thái độ không hợp tác khi tư vấn.",0,0,0,0,0,0,-50,0,COLD,❄️ COLD LEAD,"Lý do loại: Yêu cầu phi thực tế (Giá vô lý), Khách không thiện chí (Hỏi cho vui)",Chặn số / Đưa vào Blacklist / Drip Marketing tự động,Không thực hiện gọi trực tiếp. Chuyển vào hệ thống chăm sóc tự động định kỳ.
34,Bùi Thị Cường,334903448,"Số điện thoại hay bị thuê bao, gọi nhiều lần không bắt máy. Nhắn tin Zalo không phản hồi.",0,0,0,0,0,0,-50,0,COLD,❄️ COLD LEAD,Lý do loại: Không liên lạc được (Thuê bao/Không rep),Chặn số / Đưa vào Blacklist / Drip Marketing tự động,Không thực hiện gọi trực tiếp. Chuyển vào hệ thống chăm sóc tự động định kỳ.
35,Hồ Anh Hùng,970978478,"Quan tâm căn hộ 2PN tại Quận 7 cho gia đình trẻ. Tài chính khoảng 4-5 tỷ, cần hỗ trợ vay ngân hàng 70%. Muốn đi xem nhà mẫu vào cuối tuần này.",16,16,18,8,8,66,0,66,WARM,☀️ WARM LEAD,"Gia đình trẻ, quan tâm căn 2PN Q7 (4-5 tỷ), cần hỗ trợ vay 70%, muốn đi xem nhà mẫu cuối tuần.","Chuyên viên tư vấn gọi trong 1 - 2 giờ, hỗ trợ phương án tài chính & hẹn nhà mẫu","Dạ em chào anh/chị Hồ Anh Hùng, em là [Tên Sales] dự án căn hộ Quận 7. Em thấy gia đình mình quan tâm căn 2PN tài chính 4-5 tỷ và cần gói vay 70%. Em đã lập sẵn bảng tính dòng tiền miễn lãi 2 năm đầu. Thứ Bảy này bên em có xe đưa đón tham quan nhà mẫu, em xin phép đăng ký lịch cho gia đình mình nhé ạ?"
36,Phạm Ngọc Trang,776785199,"Cần mua đất nền vùng ven (Long An, Đồng Nai) để đầu tư dài hạn. Tài chính 2-3 tỷ. Yêu cầu sổ hồng riêng, không dính quy hoạch.",12,14,10,8,8,52,0,52,WARM,☀️ WARM LEAD,"Cần mua đất nền vùng ven (Long An, Đồng Nai) 2-3 tỷ đầu tư dài hạn, yêu cầu sổ hồng riêng.","Chuyên viên tư vấn gọi trong 1 - 2 giờ, hỗ trợ phương án tài chính & hẹn nhà mẫu","Dạ em chào anh/chị Phạm Ngọc Trang, em phụ trách đất nền khu Đông & vùng ven. Em có 3 lô đất Long An/Đồng Nai tài chính 2-3 tỷ đã có sổ hồng riêng từng nền, không dính quy hoạch. Em xin phép gửi sổ và trích lục bản đồ địa chính qua Zalo cho anh/chị xem trước nhé ạ."
37,Vũ Ngọc Tâm,327088943,"Số điện thoại hay bị thuê bao, gọi nhiều lần không bắt máy. Nhắn tin Zalo không phản hồi.",0,0,0,0,0,0,-50,0,COLD,❄️ COLD LEAD,Lý do loại: Không liên lạc được (Thuê bao/Không rep),Chặn số / Đưa vào Blacklist / Drip Marketing tự động,Không thực hiện gọi trực tiếp. Chuyển vào hệ thống chăm sóc tự động định kỳ.
38,Trần Thị Trang,912172248,"Quan tâm căn hộ 2PN tại Quận 7 cho gia đình trẻ. Tài chính khoảng 4-5 tỷ, cần hỗ trợ vay ngân hàng 70%. Muốn đi xem nhà mẫu vào cuối tuần này.",16,16,18,8,8,66,0,66,WARM,☀️ WARM LEAD,"Gia đình trẻ, quan tâm căn 2PN Q7 (4-5 tỷ), cần hỗ trợ vay 70%, muốn đi xem nhà mẫu cuối tuần.","Chuyên viên tư vấn gọi trong 1 - 2 giờ, hỗ trợ phương án tài chính & hẹn nhà mẫu","Dạ em chào anh/chị Trần Thị Trang, em là [Tên Sales] dự án căn hộ Quận 7. Em thấy gia đình mình quan tâm căn 2PN tài chính 4-5 tỷ và cần gói vay 70%. Em đã lập sẵn bảng tính dòng tiền miễn lãi 2 năm đầu. Thứ Bảy này bên em có xe đưa đón tham quan nhà mẫu, em xin phép đăng ký lịch cho gia đình mình nhé ạ?"
39,Phạm Phương Anh,957281057,"Đang tìm thuê mặt bằng kinh doanh spa tại Quận 1, diện tích khoảng 80-100m2. Giá thuê mong muốn dưới 50 triệu/tháng. Cần ký hợp đồng dài hạn.",14,16,14,8,6,58,0,58,WARM,☀️ WARM LEAD,"Tìm thuê mặt bằng spa Quận 1 (80-100m2), giá dưới 50 triệu/tháng, hợp đồng dài hạn.","Chuyên viên tư vấn gọi trong 1 - 2 giờ, hỗ trợ phương án tài chính & hẹn nhà mẫu","Dạ em chào anh/chị Phạm Phương Anh, em bên mảng mặt bằng thương mại. Em nắm được nhu cầu thuê mặt bằng spa 80-100m2 tại Quận 1 dưới 50 triệu. Em đang có sẵn 2 căn vỉa hè rộng, hạ tầng cấp thoát nước hoàn chỉnh. Chiều nay em có thể dẫn anh/chị qua xem trực tiếp được không ạ?"
40,Ngô Minh Quân,720933224,"Quan tâm căn hộ 2PN tại Quận 7 cho gia đình trẻ. Tài chính khoảng 4-5 tỷ, cần hỗ trợ vay ngân hàng 70%. Muốn đi xem nhà mẫu vào cuối tuần này.",16,16,18,8,8,66,0,66,WARM,☀️ WARM LEAD,"Gia đình trẻ, quan tâm căn 2PN Q7 (4-5 tỷ), cần hỗ trợ vay 70%, muốn đi xem nhà mẫu cuối tuần.","Chuyên viên tư vấn gọi trong 1 - 2 giờ, hỗ trợ phương án tài chính & hẹn nhà mẫu","Dạ em chào anh/chị Ngô Minh Quân, em là [Tên Sales] dự án căn hộ Quận 7. Em thấy gia đình mình quan tâm căn 2PN tài chính 4-5 tỷ và cần gói vay 70%. Em đã lập sẵn bảng tính dòng tiền miễn lãi 2 năm đầu. Thứ Bảy này bên em có xe đưa đón tham quan nhà mẫu, em xin phép đăng ký lịch cho gia đình mình nhé ạ?"
41,Nguyễn Minh Hùng,341253434,"Quan tâm căn hộ 2PN tại Quận 7 cho gia đình trẻ. Tài chính khoảng 4-5 tỷ, cần hỗ trợ vay ngân hàng 70%. Muốn đi xem nhà mẫu vào cuối tuần này.",16,16,18,8,8,66,0,66,WARM,☀️ WARM LEAD,"Gia đình trẻ, quan tâm căn 2PN Q7 (4-5 tỷ), cần hỗ trợ vay 70%, muốn đi xem nhà mẫu cuối tuần.","Chuyên viên tư vấn gọi trong 1 - 2 giờ, hỗ trợ phương án tài chính & hẹn nhà mẫu","Dạ em chào anh/chị Nguyễn Minh Hùng, em là [Tên Sales] dự án căn hộ Quận 7. Em thấy gia đình mình quan tâm căn 2PN tài chính 4-5 tỷ và cần gói vay 70%. Em đã lập sẵn bảng tính dòng tiền miễn lãi 2 năm đầu. Thứ Bảy này bên em có xe đưa đón tham quan nhà mẫu, em xin phép đăng ký lịch cho gia đình mình nhé ạ?"
42,Bùi Phương Dũng,914217310,"Tìm nhà phố liền kề khu vực nội thành, ưu tiên gần trường học và bệnh viện. Ngân sách 8-10 tỷ. Đang cân nhắc giữa 2 dự án, cần tư vấn thêm về chính sách chiết khấu.",22,18,14,8,8,70,0,70,WARM,☀️ WARM LEAD,"Tìm nhà phố 8-10 tỷ gần trường học, đang so sánh 2 dự án, quan tâm chính sách chiết khấu.","Chuyên viên tư vấn gọi trong 1 - 2 giờ, hỗ trợ phương án tài chính & hẹn nhà mẫu","Dạ em chào anh/chị Bùi Phương Dũng, biết anh/chị đang cân nhắc nhà phố nội thành gần trường học tài chính 8-10 tỷ. Em đã làm bảng so sánh chi tiết ưu thế và chính sách chiết khấu thanh toán sớm 8% bên em so với dự án anh/chị đang xem. Em xin phép gửi qua Zalo để anh/chị tham khảo nhé ạ."
43,Hồ Phương Sơn,748205267,"Cần mua đất nền vùng ven (Long An, Đồng Nai) để đầu tư dài hạn. Tài chính 2-3 tỷ. Yêu cầu sổ hồng riêng, không dính quy hoạch.",12,14,10,8,8,52,0,52,WARM,☀️ WARM LEAD,"Cần mua đất nền vùng ven (Long An, Đồng Nai) 2-3 tỷ đầu tư dài hạn, yêu cầu sổ hồng riêng.","Chuyên viên tư vấn gọi trong 1 - 2 giờ, hỗ trợ phương án tài chính & hẹn nhà mẫu","Dạ em chào anh/chị Hồ Phương Sơn, em phụ trách đất nền khu Đông & vùng ven. Em có 3 lô đất Long An/Đồng Nai tài chính 2-3 tỷ đã có sổ hồng riêng từng nền, không dính quy hoạch. Em xin phép gửi sổ và trích lục bản đồ địa chính qua Zalo cho anh/chị xem trước nhé ạ."
44,Bùi Anh Mai,891197771,"Cần mua đất nền vùng ven (Long An, Đồng Nai) để đầu tư dài hạn. Tài chính 2-3 tỷ. Yêu cầu sổ hồng riêng, không dính quy hoạch.",12,14,10,8,8,52,0,52,WARM,☀️ WARM LEAD,"Cần mua đất nền vùng ven (Long An, Đồng Nai) 2-3 tỷ đầu tư dài hạn, yêu cầu sổ hồng riêng.","Chuyên viên tư vấn gọi trong 1 - 2 giờ, hỗ trợ phương án tài chính & hẹn nhà mẫu","Dạ em chào anh/chị Bùi Anh Mai, em phụ trách đất nền khu Đông & vùng ven. Em có 3 lô đất Long An/Đồng Nai tài chính 2-3 tỷ đã có sổ hồng riêng từng nền, không dính quy hoạch. Em xin phép gửi sổ và trích lục bản đồ địa chính qua Zalo cho anh/chị xem trước nhé ạ."
45,Đỗ Bảo Tâm,918321804,"Cần mua đất nền vùng ven (Long An, Đồng Nai) để đầu tư dài hạn. Tài chính 2-3 tỷ. Yêu cầu sổ hồng riêng, không dính quy hoạch.",12,14,10,8,8,52,0,52,WARM,☀️ WARM LEAD,"Cần mua đất nền vùng ven (Long An, Đồng Nai) 2-3 tỷ đầu tư dài hạn, yêu cầu sổ hồng riêng.","Chuyên viên tư vấn gọi trong 1 - 2 giờ, hỗ trợ phương án tài chính & hẹn nhà mẫu","Dạ em chào anh/chị Đỗ Bảo Tâm, em phụ trách đất nền khu Đông & vùng ven. Em có 3 lô đất Long An/Đồng Nai tài chính 2-3 tỷ đã có sổ hồng riêng từng nền, không dính quy hoạch. Em xin phép gửi sổ và trích lục bản đồ địa chính qua Zalo cho anh/chị xem trước nhé ạ."
46,Nguyễn Hồng Lan,748126031,"Khách hàng nhầm số, không có nhu cầu về bất động sản. Có vẻ là dữ liệu cũ từ ngành khác trộn vào.",0,0,0,0,0,0,-50,0,COLD,❄️ COLD LEAD,Lý do loại: Nhầm số / Không có nhu cầu BĐS,Chặn số / Đưa vào Blacklist / Drip Marketing tự động,Không thực hiện gọi trực tiếp. Chuyển vào hệ thống chăm sóc tự động định kỳ.
47,Bùi Thị Hùng,380830161,"Quan tâm căn hộ 2PN tại Quận 7 cho gia đình trẻ. Tài chính khoảng 4-5 tỷ, cần hỗ trợ vay ngân hàng 70%. Muốn đi xem nhà mẫu vào cuối tuần này.",16,16,18,8,8,66,0,66,WARM,☀️ WARM LEAD,"Gia đình trẻ, quan tâm căn 2PN Q7 (4-5 tỷ), cần hỗ trợ vay 70%, muốn đi xem nhà mẫu cuối tuần.","Chuyên viên tư vấn gọi trong 1 - 2 giờ, hỗ trợ phương án tài chính & hẹn nhà mẫu","Dạ em chào anh/chị Bùi Thị Hùng, em là [Tên Sales] dự án căn hộ Quận 7. Em thấy gia đình mình quan tâm căn 2PN tài chính 4-5 tỷ và cần gói vay 70%. Em đã lập sẵn bảng tính dòng tiền miễn lãi 2 năm đầu. Thứ Bảy này bên em có xe đưa đón tham quan nhà mẫu, em xin phép đăng ký lịch cho gia đình mình nhé ạ?"
48,Hồ Hoàng Sơn,859218147,"Hỏi giá cho vui, chưa có ý định mua trong năm nay. Ngân sách rất thấp so với mặt bằng chung (đòi mua nhà Q1 giá 1 tỷ).",0,0,0,0,0,0,-50,0,COLD,❄️ COLD LEAD,"Lý do loại: Yêu cầu phi thực tế (Giá vô lý), Khách không thiện chí (Hỏi cho vui)",Chặn số / Đưa vào Blacklist / Drip Marketing tự động,Không thực hiện gọi trực tiếp. Chuyển vào hệ thống chăm sóc tự động định kỳ.
49,Đặng Anh Cường,992531147,"Khách hàng nhầm số, không có nhu cầu về bất động sản. Có vẻ là dữ liệu cũ từ ngành khác trộn vào.",0,0,0,0,0,0,-50,0,COLD,❄️ COLD LEAD,Lý do loại: Nhầm số / Không có nhu cầu BĐS,Chặn số / Đưa vào Blacklist / Drip Marketing tự động,Không thực hiện gọi trực tiếp. Chuyển vào hệ thống chăm sóc tự động định kỳ.
50,Trần Hoàng Cường,798590946,"Quan tâm căn hộ 2PN tại Quận 7 cho gia đình trẻ. Tài chính khoảng 4-5 tỷ, cần hỗ trợ vay ngân hàng 70%. Muốn đi xem nhà mẫu vào cuối tuần này.",16,16,18,8,8,66,0,66,WARM,☀️ WARM LEAD,"Gia đình trẻ, quan tâm căn 2PN Q7 (4-5 tỷ), cần hỗ trợ vay 70%, muốn đi xem nhà mẫu cuối tuần.","Chuyên viên tư vấn gọi trong 1 - 2 giờ, hỗ trợ phương án tài chính & hẹn nhà mẫu","Dạ em chào anh/chị Trần Hoàng Cường, em là [Tên Sales] dự án căn hộ Quận 7. Em thấy gia đình mình quan tâm căn 2PN tài chính 4-5 tỷ và cần gói vay 70%. Em đã lập sẵn bảng tính dòng tiền miễn lãi 2 năm đầu. Thứ Bảy này bên em có xe đưa đón tham quan nhà mẫu, em xin phép đăng ký lịch cho gia đình mình nhé ạ?"
51,Trần Văn Sơn,731326604,"Đang tìm thuê mặt bằng kinh doanh spa tại Quận 1, diện tích khoảng 80-100m2. Giá thuê mong muốn dưới 50 triệu/tháng. Cần ký hợp đồng dài hạn.",14,16,14,8,6,58,0,58,WARM,☀️ WARM LEAD,"Tìm thuê mặt bằng spa Quận 1 (80-100m2), giá dưới 50 triệu/tháng, hợp đồng dài hạn.","Chuyên viên tư vấn gọi trong 1 - 2 giờ, hỗ trợ phương án tài chính & hẹn nhà mẫu","Dạ em chào anh/chị Trần Văn Sơn, em bên mảng mặt bằng thương mại. Em nắm được nhu cầu thuê mặt bằng spa 80-100m2 tại Quận 1 dưới 50 triệu. Em đang có sẵn 2 căn vỉa hè rộng, hạ tầng cấp thoát nước hoàn chỉnh. Chiều nay em có thể dẫn anh/chị qua xem trực tiếp được không ạ?"
52,Lý Văn Quân,961022888,"Đang tìm thuê mặt bằng kinh doanh spa tại Quận 1, diện tích khoảng 80-100m2. Giá thuê mong muốn dưới 50 triệu/tháng. Cần ký hợp đồng dài hạn.",14,16,14,8,6,58,0,58,WARM,☀️ WARM LEAD,"Tìm thuê mặt bằng spa Quận 1 (80-100m2), giá dưới 50 triệu/tháng, hợp đồng dài hạn.","Chuyên viên tư vấn gọi trong 1 - 2 giờ, hỗ trợ phương án tài chính & hẹn nhà mẫu","Dạ em chào anh/chị Lý Văn Quân, em bên mảng mặt bằng thương mại. Em nắm được nhu cầu thuê mặt bằng spa 80-100m2 tại Quận 1 dưới 50 triệu. Em đang có sẵn 2 căn vỉa hè rộng, hạ tầng cấp thoát nước hoàn chỉnh. Chiều nay em có thể dẫn anh/chị qua xem trực tiếp được không ạ?"
53,Dương Anh Trang,847277300,"Khách hàng nhầm số, không có nhu cầu về bất động sản. Có vẻ là dữ liệu cũ từ ngành khác trộn vào.",0,0,0,0,0,0,-50,0,COLD,❄️ COLD LEAD,Lý do loại: Nhầm số / Không có nhu cầu BĐS,Chặn số / Đưa vào Blacklist / Drip Marketing tự động,Không thực hiện gọi trực tiếp. Chuyển vào hệ thống chăm sóc tự động định kỳ.
54,Lý Bảo Mai,740070305,"Tìm nhà phố liền kề khu vực nội thành, ưu tiên gần trường học và bệnh viện. Ngân sách 8-10 tỷ. Đang cân nhắc giữa 2 dự án, cần tư vấn thêm về chính sách chiết khấu.",22,18,14,8,8,70,0,70,WARM,☀️ WARM LEAD,"Tìm nhà phố 8-10 tỷ gần trường học, đang so sánh 2 dự án, quan tâm chính sách chiết khấu.","Chuyên viên tư vấn gọi trong 1 - 2 giờ, hỗ trợ phương án tài chính & hẹn nhà mẫu","Dạ em chào anh/chị Lý Bảo Mai, biết anh/chị đang cân nhắc nhà phố nội thành gần trường học tài chính 8-10 tỷ. Em đã làm bảng so sánh chi tiết ưu thế và chính sách chiết khấu thanh toán sớm 8% bên em so với dự án anh/chị đang xem. Em xin phép gửi qua Zalo để anh/chị tham khảo nhé ạ."
55,Trần Phương Nam,388712224,"Số điện thoại hay bị thuê bao, gọi nhiều lần không bắt máy. Nhắn tin Zalo không phản hồi.",0,0,0,0,0,0,-50,0,COLD,❄️ COLD LEAD,Lý do loại: Không liên lạc được (Thuê bao/Không rep),Chặn số / Đưa vào Blacklist / Drip Marketing tự động,Không thực hiện gọi trực tiếp. Chuyển vào hệ thống chăm sóc tự động định kỳ.
56,Lê Hồng Quân,326879492,"Quan tâm căn hộ 2PN tại Quận 7 cho gia đình trẻ. Tài chính khoảng 4-5 tỷ, cần hỗ trợ vay ngân hàng 70%. Muốn đi xem nhà mẫu vào cuối tuần này.",16,16,18,8,8,66,0,66,WARM,☀️ WARM LEAD,"Gia đình trẻ, quan tâm căn 2PN Q7 (4-5 tỷ), cần hỗ trợ vay 70%, muốn đi xem nhà mẫu cuối tuần.","Chuyên viên tư vấn gọi trong 1 - 2 giờ, hỗ trợ phương án tài chính & hẹn nhà mẫu","Dạ em chào anh/chị Lê Hồng Quân, em là [Tên Sales] dự án căn hộ Quận 7. Em thấy gia đình mình quan tâm căn 2PN tài chính 4-5 tỷ và cần gói vay 70%. Em đã lập sẵn bảng tính dòng tiền miễn lãi 2 năm đầu. Thứ Bảy này bên em có xe đưa đón tham quan nhà mẫu, em xin phép đăng ký lịch cho gia đình mình nhé ạ?"
57,Dương Anh Tâm,780283644,"Cần mua đất nền vùng ven (Long An, Đồng Nai) để đầu tư dài hạn. Tài chính 2-3 tỷ. Yêu cầu sổ hồng riêng, không dính quy hoạch.",12,14,10,8,8,52,0,52,WARM,☀️ WARM LEAD,"Cần mua đất nền vùng ven (Long An, Đồng Nai) 2-3 tỷ đầu tư dài hạn, yêu cầu sổ hồng riêng.","Chuyên viên tư vấn gọi trong 1 - 2 giờ, hỗ trợ phương án tài chính & hẹn nhà mẫu","Dạ em chào anh/chị Dương Anh Tâm, em phụ trách đất nền khu Đông & vùng ven. Em có 3 lô đất Long An/Đồng Nai tài chính 2-3 tỷ đã có sổ hồng riêng từng nền, không dính quy hoạch. Em xin phép gửi sổ và trích lục bản đồ địa chính qua Zalo cho anh/chị xem trước nhé ạ."
58,Lý Văn Linh,770059241,"Quan tâm căn hộ 2PN tại Quận 7 cho gia đình trẻ. Tài chính khoảng 4-5 tỷ, cần hỗ trợ vay ngân hàng 70%. Muốn đi xem nhà mẫu vào cuối tuần này.",16,16,18,8,8,66,0,66,WARM,☀️ WARM LEAD,"Gia đình trẻ, quan tâm căn 2PN Q7 (4-5 tỷ), cần hỗ trợ vay 70%, muốn đi xem nhà mẫu cuối tuần.","Chuyên viên tư vấn gọi trong 1 - 2 giờ, hỗ trợ phương án tài chính & hẹn nhà mẫu","Dạ em chào anh/chị Lý Văn Linh, em là [Tên Sales] dự án căn hộ Quận 7. Em thấy gia đình mình quan tâm căn 2PN tài chính 4-5 tỷ và cần gói vay 70%. Em đã lập sẵn bảng tính dòng tiền miễn lãi 2 năm đầu. Thứ Bảy này bên em có xe đưa đón tham quan nhà mẫu, em xin phép đăng ký lịch cho gia đình mình nhé ạ?"
59,Đỗ Anh Hùng,882644965,"Đang tìm thuê mặt bằng kinh doanh spa tại Quận 1, diện tích khoảng 80-100m2. Giá thuê mong muốn dưới 50 triệu/tháng. Cần ký hợp đồng dài hạn.",14,16,14,8,6,58,0,58,WARM,☀️ WARM LEAD,"Tìm thuê mặt bằng spa Quận 1 (80-100m2), giá dưới 50 triệu/tháng, hợp đồng dài hạn.","Chuyên viên tư vấn gọi trong 1 - 2 giờ, hỗ trợ phương án tài chính & hẹn nhà mẫu","Dạ em chào anh/chị Đỗ Anh Hùng, em bên mảng mặt bằng thương mại. Em nắm được nhu cầu thuê mặt bằng spa 80-100m2 tại Quận 1 dưới 50 triệu. Em đang có sẵn 2 căn vỉa hè rộng, hạ tầng cấp thoát nước hoàn chỉnh. Chiều nay em có thể dẫn anh/chị qua xem trực tiếp được không ạ?"
60,Nguyễn Bảo Dũng,330874915,"Quan tâm căn hộ 2PN tại Quận 7 cho gia đình trẻ. Tài chính khoảng 4-5 tỷ, cần hỗ trợ vay ngân hàng 70%. Muốn đi xem nhà mẫu vào cuối tuần này.",16,16,18,8,8,66,0,66,WARM,☀️ WARM LEAD,"Gia đình trẻ, quan tâm căn 2PN Q7 (4-5 tỷ), cần hỗ trợ vay 70%, muốn đi xem nhà mẫu cuối tuần.","Chuyên viên tư vấn gọi trong 1 - 2 giờ, hỗ trợ phương án tài chính & hẹn nhà mẫu","Dạ em chào anh/chị Nguyễn Bảo Dũng, em là [Tên Sales] dự án căn hộ Quận 7. Em thấy gia đình mình quan tâm căn 2PN tài chính 4-5 tỷ và cần gói vay 70%. Em đã lập sẵn bảng tính dòng tiền miễn lãi 2 năm đầu. Thứ Bảy này bên em có xe đưa đón tham quan nhà mẫu, em xin phép đăng ký lịch cho gia đình mình nhé ạ?"
61,Đặng Bảo Anh,973456970,"Tìm nhà phố liền kề khu vực nội thành, ưu tiên gần trường học và bệnh viện. Ngân sách 8-10 tỷ. Đang cân nhắc giữa 2 dự án, cần tư vấn thêm về chính sách chiết khấu.",22,18,14,8,8,70,0,70,WARM,☀️ WARM LEAD,"Tìm nhà phố 8-10 tỷ gần trường học, đang so sánh 2 dự án, quan tâm chính sách chiết khấu.","Chuyên viên tư vấn gọi trong 1 - 2 giờ, hỗ trợ phương án tài chính & hẹn nhà mẫu","Dạ em chào anh/chị Đặng Bảo Anh, biết anh/chị đang cân nhắc nhà phố nội thành gần trường học tài chính 8-10 tỷ. Em đã làm bảng so sánh chi tiết ưu thế và chính sách chiết khấu thanh toán sớm 8% bên em so với dự án anh/chị đang xem. Em xin phép gửi qua Zalo để anh/chị tham khảo nhé ạ."
62,Hồ Minh Dũng,789779546,"Tìm nhà thuê nguyên căn giá 2 triệu ở trung tâm thành phố. Yêu cầu phi thực tế, thái độ không hợp tác khi tư vấn.",0,0,0,0,0,0,-50,0,COLD,❄️ COLD LEAD,"Lý do loại: Yêu cầu phi thực tế (Giá vô lý), Khách không thiện chí (Hỏi cho vui)",Chặn số / Đưa vào Blacklist / Drip Marketing tự động,Không thực hiện gọi trực tiếp. Chuyển vào hệ thống chăm sóc tự động định kỳ.
63,Dương Văn Mai,323344639,"Tìm nhà phố liền kề khu vực nội thành, ưu tiên gần trường học và bệnh viện. Ngân sách 8-10 tỷ. Đang cân nhắc giữa 2 dự án, cần tư vấn thêm về chính sách chiết khấu.",22,18,14,8,8,70,0,70,WARM,☀️ WARM LEAD,"Tìm nhà phố 8-10 tỷ gần trường học, đang so sánh 2 dự án, quan tâm chính sách chiết khấu.","Chuyên viên tư vấn gọi trong 1 - 2 giờ, hỗ trợ phương án tài chính & hẹn nhà mẫu","Dạ em chào anh/chị Dương Văn Mai, biết anh/chị đang cân nhắc nhà phố nội thành gần trường học tài chính 8-10 tỷ. Em đã làm bảng so sánh chi tiết ưu thế và chính sách chiết khấu thanh toán sớm 8% bên em so với dự án anh/chị đang xem. Em xin phép gửi qua Zalo để anh/chị tham khảo nhé ạ."
64,Bùi Hoàng Trang,797839149,"Cần mua đất nền vùng ven (Long An, Đồng Nai) để đầu tư dài hạn. Tài chính 2-3 tỷ. Yêu cầu sổ hồng riêng, không dính quy hoạch.",12,14,10,8,8,52,0,52,WARM,☀️ WARM LEAD,"Cần mua đất nền vùng ven (Long An, Đồng Nai) 2-3 tỷ đầu tư dài hạn, yêu cầu sổ hồng riêng.","Chuyên viên tư vấn gọi trong 1 - 2 giờ, hỗ trợ phương án tài chính & hẹn nhà mẫu","Dạ em chào anh/chị Bùi Hoàng Trang, em phụ trách đất nền khu Đông & vùng ven. Em có 3 lô đất Long An/Đồng Nai tài chính 2-3 tỷ đã có sổ hồng riêng từng nền, không dính quy hoạch. Em xin phép gửi sổ và trích lục bản đồ địa chính qua Zalo cho anh/chị xem trước nhé ạ."
65,Vũ Đức Sơn,739616820,"Đang tìm thuê mặt bằng kinh doanh spa tại Quận 1, diện tích khoảng 80-100m2. Giá thuê mong muốn dưới 50 triệu/tháng. Cần ký hợp đồng dài hạn.",14,16,14,8,6,58,0,58,WARM,☀️ WARM LEAD,"Tìm thuê mặt bằng spa Quận 1 (80-100m2), giá dưới 50 triệu/tháng, hợp đồng dài hạn.","Chuyên viên tư vấn gọi trong 1 - 2 giờ, hỗ trợ phương án tài chính & hẹn nhà mẫu","Dạ em chào anh/chị Vũ Đức Sơn, em bên mảng mặt bằng thương mại. Em nắm được nhu cầu thuê mặt bằng spa 80-100m2 tại Quận 1 dưới 50 triệu. Em đang có sẵn 2 căn vỉa hè rộng, hạ tầng cấp thoát nước hoàn chỉnh. Chiều nay em có thể dẫn anh/chị qua xem trực tiếp được không ạ?"
66,Lê Phương Hùng,354232766,"Số điện thoại hay bị thuê bao, gọi nhiều lần không bắt máy. Nhắn tin Zalo không phản hồi.",0,0,0,0,0,0,-50,0,COLD,❄️ COLD LEAD,Lý do loại: Không liên lạc được (Thuê bao/Không rep),Chặn số / Đưa vào Blacklist / Drip Marketing tự động,Không thực hiện gọi trực tiếp. Chuyển vào hệ thống chăm sóc tự động định kỳ.
67,Dương Hồng Quân,371914550,"Quan tâm căn hộ 2PN tại Quận 7 cho gia đình trẻ. Tài chính khoảng 4-5 tỷ, cần hỗ trợ vay ngân hàng 70%. Muốn đi xem nhà mẫu vào cuối tuần này.",16,16,18,8,8,66,0,66,WARM,☀️ WARM LEAD,"Gia đình trẻ, quan tâm căn 2PN Q7 (4-5 tỷ), cần hỗ trợ vay 70%, muốn đi xem nhà mẫu cuối tuần.","Chuyên viên tư vấn gọi trong 1 - 2 giờ, hỗ trợ phương án tài chính & hẹn nhà mẫu","Dạ em chào anh/chị Dương Hồng Quân, em là [Tên Sales] dự án căn hộ Quận 7. Em thấy gia đình mình quan tâm căn 2PN tài chính 4-5 tỷ và cần gói vay 70%. Em đã lập sẵn bảng tính dòng tiền miễn lãi 2 năm đầu. Thứ Bảy này bên em có xe đưa đón tham quan nhà mẫu, em xin phép đăng ký lịch cho gia đình mình nhé ạ?"
68,Dương Đức Hoa,931033995,"Khách hàng nhầm số, không có nhu cầu về bất động sản. Có vẻ là dữ liệu cũ từ ngành khác trộn vào.",0,0,0,0,0,0,-50,0,COLD,❄️ COLD LEAD,Lý do loại: Nhầm số / Không có nhu cầu BĐS,Chặn số / Đưa vào Blacklist / Drip Marketing tự động,Không thực hiện gọi trực tiếp. Chuyển vào hệ thống chăm sóc tự động định kỳ.
69,Phạm Ngọc Anh,960926173,"Số điện thoại hay bị thuê bao, gọi nhiều lần không bắt máy. Nhắn tin Zalo không phản hồi.",0,0,0,0,0,0,-50,0,COLD,❄️ COLD LEAD,Lý do loại: Không liên lạc được (Thuê bao/Không rep),Chặn số / Đưa vào Blacklist / Drip Marketing tự động,Không thực hiện gọi trực tiếp. Chuyển vào hệ thống chăm sóc tự động định kỳ.
70,Hồ Đức Lan,991102318,"Spam, gọi điện đến chỉ để quảng cáo ngược lại dịch vụ bảo hiểm.",0,0,0,0,0,0,-50,0,COLD,❄️ COLD LEAD,Lý do loại: Spam / Mời chào dịch vụ khác,Chặn số / Đưa vào Blacklist / Drip Marketing tự động,Không thực hiện gọi trực tiếp. Chuyển vào hệ thống chăm sóc tự động định kỳ.
71,Vũ Thị Hoa,863908397,"Hỏi giá cho vui, chưa có ý định mua trong năm nay. Ngân sách rất thấp so với mặt bằng chung (đòi mua nhà Q1 giá 1 tỷ).",0,0,0,0,0,0,-50,0,COLD,❄️ COLD LEAD,"Lý do loại: Yêu cầu phi thực tế (Giá vô lý), Khách không thiện chí (Hỏi cho vui)",Chặn số / Đưa vào Blacklist / Drip Marketing tự động,Không thực hiện gọi trực tiếp. Chuyển vào hệ thống chăm sóc tự động định kỳ.
72,Dương Anh Dũng,799017664,"Quan tâm căn hộ 2PN tại Quận 7 cho gia đình trẻ. Tài chính khoảng 4-5 tỷ, cần hỗ trợ vay ngân hàng 70%. Muốn đi xem nhà mẫu vào cuối tuần này.",16,16,18,8,8,66,0,66,WARM,☀️ WARM LEAD,"Gia đình trẻ, quan tâm căn 2PN Q7 (4-5 tỷ), cần hỗ trợ vay 70%, muốn đi xem nhà mẫu cuối tuần.","Chuyên viên tư vấn gọi trong 1 - 2 giờ, hỗ trợ phương án tài chính & hẹn nhà mẫu","Dạ em chào anh/chị Dương Anh Dũng, em là [Tên Sales] dự án căn hộ Quận 7. Em thấy gia đình mình quan tâm căn 2PN tài chính 4-5 tỷ và cần gói vay 70%. Em đã lập sẵn bảng tính dòng tiền miễn lãi 2 năm đầu. Thứ Bảy này bên em có xe đưa đón tham quan nhà mẫu, em xin phép đăng ký lịch cho gia đình mình nhé ạ?"
73,Đặng Bảo Tuấn,866192410,"Tìm nhà thuê nguyên căn giá 2 triệu ở trung tâm thành phố. Yêu cầu phi thực tế, thái độ không hợp tác khi tư vấn.",0,0,0,0,0,0,-50,0,COLD,❄️ COLD LEAD,"Lý do loại: Yêu cầu phi thực tế (Giá vô lý), Khách không thiện chí (Hỏi cho vui)",Chặn số / Đưa vào Blacklist / Drip Marketing tự động,Không thực hiện gọi trực tiếp. Chuyển vào hệ thống chăm sóc tự động định kỳ.
74,Lê Phương Nam,389404152,"Tìm nhà thuê nguyên căn giá 2 triệu ở trung tâm thành phố. Yêu cầu phi thực tế, thái độ không hợp tác khi tư vấn.",0,0,0,0,0,0,-50,0,COLD,❄️ COLD LEAD,"Lý do loại: Yêu cầu phi thực tế (Giá vô lý), Khách không thiện chí (Hỏi cho vui)",Chặn số / Đưa vào Blacklist / Drip Marketing tự động,Không thực hiện gọi trực tiếp. Chuyển vào hệ thống chăm sóc tự động định kỳ.
75,Nguyễn Hoàng Tâm,970356798,"Tìm nhà phố liền kề khu vực nội thành, ưu tiên gần trường học và bệnh viện. Ngân sách 8-10 tỷ. Đang cân nhắc giữa 2 dự án, cần tư vấn thêm về chính sách chiết khấu.",22,18,14,8,8,70,0,70,WARM,☀️ WARM LEAD,"Tìm nhà phố 8-10 tỷ gần trường học, đang so sánh 2 dự án, quan tâm chính sách chiết khấu.","Chuyên viên tư vấn gọi trong 1 - 2 giờ, hỗ trợ phương án tài chính & hẹn nhà mẫu","Dạ em chào anh/chị Nguyễn Hoàng Tâm, biết anh/chị đang cân nhắc nhà phố nội thành gần trường học tài chính 8-10 tỷ. Em đã làm bảng so sánh chi tiết ưu thế và chính sách chiết khấu thanh toán sớm 8% bên em so với dự án anh/chị đang xem. Em xin phép gửi qua Zalo để anh/chị tham khảo nhé ạ."
76,Trần Đức Cường,375281509,"Chủ doanh nghiệp lớn, cần tìm quỹ đất công nghiệp hoặc sàn văn phòng diện tích trên 2000m2 tại khu Đông. Tài chính cực mạnh, yêu cầu pháp lý chuẩn 100%.",30,25,18,15,10,98,50,100,HOT,🔥 HOT LEAD,"VIP Flags: Ngân sách VIP (>= 20 tỷ / Tài chính mạnh), Sản phẩm VIP / Độc bản, Chân dung VIP (Chủ DN/NĐT gom sỉ), Minh bạch / Muốn gặp CĐT. Khách hàng phân khúc cao cấp/tài chính mạnh.",Giao Giám đốc Dự án / Senior Broker gọi ngay trong vòng 5 - 15 phút,"Dạ em chào anh/chị Trần Đức Cường, em phụ trách BĐS Thương mại & Doanh nghiệp. Nhận thông tin doanh nghiệp mình cần quỹ đất/sàn văn phòng >2000m2 chuẩn pháp lý 100% tại Khu Đông, bên em có sẵn 2 quỹ đất sổ đỏ hoàn chỉnh. Chiều nay em xin phép mang trích lục quy hoạch 1/500 qua văn phòng gửi anh/chị ạ."
77,Hồ Phương Quân,964760289,"Đang tìm thuê mặt bằng kinh doanh spa tại Quận 1, diện tích khoảng 80-100m2. Giá thuê mong muốn dưới 50 triệu/tháng. Cần ký hợp đồng dài hạn.",14,16,14,8,6,58,0,58,WARM,☀️ WARM LEAD,"Tìm thuê mặt bằng spa Quận 1 (80-100m2), giá dưới 50 triệu/tháng, hợp đồng dài hạn.","Chuyên viên tư vấn gọi trong 1 - 2 giờ, hỗ trợ phương án tài chính & hẹn nhà mẫu","Dạ em chào anh/chị Hồ Phương Quân, em bên mảng mặt bằng thương mại. Em nắm được nhu cầu thuê mặt bằng spa 80-100m2 tại Quận 1 dưới 50 triệu. Em đang có sẵn 2 căn vỉa hè rộng, hạ tầng cấp thoát nước hoàn chỉnh. Chiều nay em có thể dẫn anh/chị qua xem trực tiếp được không ạ?"
78,Nguyễn Ngọc Sơn,781827393,"Tìm nhà phố liền kề khu vực nội thành, ưu tiên gần trường học và bệnh viện. Ngân sách 8-10 tỷ. Đang cân nhắc giữa 2 dự án, cần tư vấn thêm về chính sách chiết khấu.",22,18,14,8,8,70,0,70,WARM,☀️ WARM LEAD,"Tìm nhà phố 8-10 tỷ gần trường học, đang so sánh 2 dự án, quan tâm chính sách chiết khấu.","Chuyên viên tư vấn gọi trong 1 - 2 giờ, hỗ trợ phương án tài chính & hẹn nhà mẫu","Dạ em chào anh/chị Nguyễn Ngọc Sơn, biết anh/chị đang cân nhắc nhà phố nội thành gần trường học tài chính 8-10 tỷ. Em đã làm bảng so sánh chi tiết ưu thế và chính sách chiết khấu thanh toán sớm 8% bên em so với dự án anh/chị đang xem. Em xin phép gửi qua Zalo để anh/chị tham khảo nhé ạ."
79,Đặng Thị Anh,730987595,"Cần mua đất nền vùng ven (Long An, Đồng Nai) để đầu tư dài hạn. Tài chính 2-3 tỷ. Yêu cầu sổ hồng riêng, không dính quy hoạch.",12,14,10,8,8,52,0,52,WARM,☀️ WARM LEAD,"Cần mua đất nền vùng ven (Long An, Đồng Nai) 2-3 tỷ đầu tư dài hạn, yêu cầu sổ hồng riêng.","Chuyên viên tư vấn gọi trong 1 - 2 giờ, hỗ trợ phương án tài chính & hẹn nhà mẫu","Dạ em chào anh/chị Đặng Thị Anh, em phụ trách đất nền khu Đông & vùng ven. Em có 3 lô đất Long An/Đồng Nai tài chính 2-3 tỷ đã có sổ hồng riêng từng nền, không dính quy hoạch. Em xin phép gửi sổ và trích lục bản đồ địa chính qua Zalo cho anh/chị xem trước nhé ạ."
80,Đỗ Hồng Quân,862981541,"Tìm nhà thuê nguyên căn giá 2 triệu ở trung tâm thành phố. Yêu cầu phi thực tế, thái độ không hợp tác khi tư vấn.",0,0,0,0,0,0,-50,0,COLD,❄️ COLD LEAD,"Lý do loại: Yêu cầu phi thực tế (Giá vô lý), Khách không thiện chí (Hỏi cho vui)",Chặn số / Đưa vào Blacklist / Drip Marketing tự động,Không thực hiện gọi trực tiếp. Chuyển vào hệ thống chăm sóc tự động định kỳ.
81,Ngô Anh Hoa,726992063,"Tìm nhà phố liền kề khu vực nội thành, ưu tiên gần trường học và bệnh viện. Ngân sách 8-10 tỷ. Đang cân nhắc giữa 2 dự án, cần tư vấn thêm về chính sách chiết khấu.",22,18,14,8,8,70,0,70,WARM,☀️ WARM LEAD,"Tìm nhà phố 8-10 tỷ gần trường học, đang so sánh 2 dự án, quan tâm chính sách chiết khấu.","Chuyên viên tư vấn gọi trong 1 - 2 giờ, hỗ trợ phương án tài chính & hẹn nhà mẫu","Dạ em chào anh/chị Ngô Anh Hoa, biết anh/chị đang cân nhắc nhà phố nội thành gần trường học tài chính 8-10 tỷ. Em đã làm bảng so sánh chi tiết ưu thế và chính sách chiết khấu thanh toán sớm 8% bên em so với dự án anh/chị đang xem. Em xin phép gửi qua Zalo để anh/chị tham khảo nhé ạ."
82,Đỗ Phương Linh,347316357,"Khách hàng nhầm số, không có nhu cầu về bất động sản. Có vẻ là dữ liệu cũ từ ngành khác trộn vào.",0,0,0,0,0,0,-50,0,COLD,❄️ COLD LEAD,Lý do loại: Nhầm số / Không có nhu cầu BĐS,Chặn số / Đưa vào Blacklist / Drip Marketing tự động,Không thực hiện gọi trực tiếp. Chuyển vào hệ thống chăm sóc tự động định kỳ.
83,Dương Ngọc Hùng,720671557,"Đang tìm thuê mặt bằng kinh doanh spa tại Quận 1, diện tích khoảng 80-100m2. Giá thuê mong muốn dưới 50 triệu/tháng. Cần ký hợp đồng dài hạn.",14,16,14,8,6,58,0,58,WARM,☀️ WARM LEAD,"Tìm thuê mặt bằng spa Quận 1 (80-100m2), giá dưới 50 triệu/tháng, hợp đồng dài hạn.","Chuyên viên tư vấn gọi trong 1 - 2 giờ, hỗ trợ phương án tài chính & hẹn nhà mẫu","Dạ em chào anh/chị Dương Ngọc Hùng, em bên mảng mặt bằng thương mại. Em nắm được nhu cầu thuê mặt bằng spa 80-100m2 tại Quận 1 dưới 50 triệu. Em đang có sẵn 2 căn vỉa hè rộng, hạ tầng cấp thoát nước hoàn chỉnh. Chiều nay em có thể dẫn anh/chị qua xem trực tiếp được không ạ?"
84,Phan Minh Cường,963337827,"Tìm nhà thuê nguyên căn giá 2 triệu ở trung tâm thành phố. Yêu cầu phi thực tế, thái độ không hợp tác khi tư vấn.",0,0,0,0,0,0,-50,0,COLD,❄️ COLD LEAD,"Lý do loại: Yêu cầu phi thực tế (Giá vô lý), Khách không thiện chí (Hỏi cho vui)",Chặn số / Đưa vào Blacklist / Drip Marketing tự động,Không thực hiện gọi trực tiếp. Chuyển vào hệ thống chăm sóc tự động định kỳ.
85,Phạm Hoàng Sơn,999336246,"Cần mua đất nền vùng ven (Long An, Đồng Nai) để đầu tư dài hạn. Tài chính 2-3 tỷ. Yêu cầu sổ hồng riêng, không dính quy hoạch.",12,14,10,8,8,52,0,52,WARM,☀️ WARM LEAD,"Cần mua đất nền vùng ven (Long An, Đồng Nai) 2-3 tỷ đầu tư dài hạn, yêu cầu sổ hồng riêng.","Chuyên viên tư vấn gọi trong 1 - 2 giờ, hỗ trợ phương án tài chính & hẹn nhà mẫu","Dạ em chào anh/chị Phạm Hoàng Sơn, em phụ trách đất nền khu Đông & vùng ven. Em có 3 lô đất Long An/Đồng Nai tài chính 2-3 tỷ đã có sổ hồng riêng từng nền, không dính quy hoạch. Em xin phép gửi sổ và trích lục bản đồ địa chính qua Zalo cho anh/chị xem trước nhé ạ."
86,Lý Hoàng Hoa,321979272,"Đang tìm thuê mặt bằng kinh doanh spa tại Quận 1, diện tích khoảng 80-100m2. Giá thuê mong muốn dưới 50 triệu/tháng. Cần ký hợp đồng dài hạn.",14,16,14,8,6,58,0,58,WARM,☀️ WARM LEAD,"Tìm thuê mặt bằng spa Quận 1 (80-100m2), giá dưới 50 triệu/tháng, hợp đồng dài hạn.","Chuyên viên tư vấn gọi trong 1 - 2 giờ, hỗ trợ phương án tài chính & hẹn nhà mẫu","Dạ em chào anh/chị Lý Hoàng Hoa, em bên mảng mặt bằng thương mại. Em nắm được nhu cầu thuê mặt bằng spa 80-100m2 tại Quận 1 dưới 50 triệu. Em đang có sẵn 2 căn vỉa hè rộng, hạ tầng cấp thoát nước hoàn chỉnh. Chiều nay em có thể dẫn anh/chị qua xem trực tiếp được không ạ?"
87,Lý Minh Tâm,818324151,"Quan tâm căn hộ 2PN tại Quận 7 cho gia đình trẻ. Tài chính khoảng 4-5 tỷ, cần hỗ trợ vay ngân hàng 70%. Muốn đi xem nhà mẫu vào cuối tuần này.",16,16,18,8,8,66,0,66,WARM,☀️ WARM LEAD,"Gia đình trẻ, quan tâm căn 2PN Q7 (4-5 tỷ), cần hỗ trợ vay 70%, muốn đi xem nhà mẫu cuối tuần.","Chuyên viên tư vấn gọi trong 1 - 2 giờ, hỗ trợ phương án tài chính & hẹn nhà mẫu","Dạ em chào anh/chị Lý Minh Tâm, em là [Tên Sales] dự án căn hộ Quận 7. Em thấy gia đình mình quan tâm căn 2PN tài chính 4-5 tỷ và cần gói vay 70%. Em đã lập sẵn bảng tính dòng tiền miễn lãi 2 năm đầu. Thứ Bảy này bên em có xe đưa đón tham quan nhà mẫu, em xin phép đăng ký lịch cho gia đình mình nhé ạ?"
88,Dương Hồng Cường,874079920,"Chủ doanh nghiệp lớn, cần tìm quỹ đất công nghiệp hoặc sàn văn phòng diện tích trên 2000m2 tại khu Đông. Tài chính cực mạnh, yêu cầu pháp lý chuẩn 100%.",30,25,18,15,10,98,50,100,HOT,🔥 HOT LEAD,"VIP Flags: Ngân sách VIP (>= 20 tỷ / Tài chính mạnh), Sản phẩm VIP / Độc bản, Chân dung VIP (Chủ DN/NĐT gom sỉ), Minh bạch / Muốn gặp CĐT. Khách hàng phân khúc cao cấp/tài chính mạnh.",Giao Giám đốc Dự án / Senior Broker gọi ngay trong vòng 5 - 15 phút,"Dạ em chào anh/chị Dương Hồng Cường, em phụ trách BĐS Thương mại & Doanh nghiệp. Nhận thông tin doanh nghiệp mình cần quỹ đất/sàn văn phòng >2000m2 chuẩn pháp lý 100% tại Khu Đông, bên em có sẵn 2 quỹ đất sổ đỏ hoàn chỉnh. Chiều nay em xin phép mang trích lục quy hoạch 1/500 qua văn phòng gửi anh/chị ạ."
89,Lý Hoàng Quân,985365974,"Tìm nhà thuê nguyên căn giá 2 triệu ở trung tâm thành phố. Yêu cầu phi thực tế, thái độ không hợp tác khi tư vấn.",0,0,0,0,0,0,-50,0,COLD,❄️ COLD LEAD,"Lý do loại: Yêu cầu phi thực tế (Giá vô lý), Khách không thiện chí (Hỏi cho vui)",Chặn số / Đưa vào Blacklist / Drip Marketing tự động,Không thực hiện gọi trực tiếp. Chuyển vào hệ thống chăm sóc tự động định kỳ.
90,Đỗ Minh Quân,386651571,"Khách hàng nhầm số, không có nhu cầu về bất động sản. Có vẻ là dữ liệu cũ từ ngành khác trộn vào.",0,0,0,0,0,0,-50,0,COLD,❄️ COLD LEAD,Lý do loại: Nhầm số / Không có nhu cầu BĐS,Chặn số / Đưa vào Blacklist / Drip Marketing tự động,Không thực hiện gọi trực tiếp. Chuyển vào hệ thống chăm sóc tự động định kỳ.
91,Đặng Thị Dũng,710762190,"Cần mua đất nền vùng ven (Long An, Đồng Nai) để đầu tư dài hạn. Tài chính 2-3 tỷ. Yêu cầu sổ hồng riêng, không dính quy hoạch.",12,14,10,8,8,52,0,52,WARM,☀️ WARM LEAD,"Cần mua đất nền vùng ven (Long An, Đồng Nai) 2-3 tỷ đầu tư dài hạn, yêu cầu sổ hồng riêng.","Chuyên viên tư vấn gọi trong 1 - 2 giờ, hỗ trợ phương án tài chính & hẹn nhà mẫu","Dạ em chào anh/chị Đặng Thị Dũng, em phụ trách đất nền khu Đông & vùng ven. Em có 3 lô đất Long An/Đồng Nai tài chính 2-3 tỷ đã có sổ hồng riêng từng nền, không dính quy hoạch. Em xin phép gửi sổ và trích lục bản đồ địa chính qua Zalo cho anh/chị xem trước nhé ạ."
92,Lê Hoàng Dũng,847028204,"Cần mua đất nền vùng ven (Long An, Đồng Nai) để đầu tư dài hạn. Tài chính 2-3 tỷ. Yêu cầu sổ hồng riêng, không dính quy hoạch.",12,14,10,8,8,52,0,52,WARM,☀️ WARM LEAD,"Cần mua đất nền vùng ven (Long An, Đồng Nai) 2-3 tỷ đầu tư dài hạn, yêu cầu sổ hồng riêng.","Chuyên viên tư vấn gọi trong 1 - 2 giờ, hỗ trợ phương án tài chính & hẹn nhà mẫu","Dạ em chào anh/chị Lê Hoàng Dũng, em phụ trách đất nền khu Đông & vùng ven. Em có 3 lô đất Long An/Đồng Nai tài chính 2-3 tỷ đã có sổ hồng riêng từng nền, không dính quy hoạch. Em xin phép gửi sổ và trích lục bản đồ địa chính qua Zalo cho anh/chị xem trước nhé ạ."
93,Lê Phương Tuấn,791563128,"Đang tìm thuê mặt bằng kinh doanh spa tại Quận 1, diện tích khoảng 80-100m2. Giá thuê mong muốn dưới 50 triệu/tháng. Cần ký hợp đồng dài hạn.",14,16,14,8,6,58,0,58,WARM,☀️ WARM LEAD,"Tìm thuê mặt bằng spa Quận 1 (80-100m2), giá dưới 50 triệu/tháng, hợp đồng dài hạn.","Chuyên viên tư vấn gọi trong 1 - 2 giờ, hỗ trợ phương án tài chính & hẹn nhà mẫu","Dạ em chào anh/chị Lê Phương Tuấn, em bên mảng mặt bằng thương mại. Em nắm được nhu cầu thuê mặt bằng spa 80-100m2 tại Quận 1 dưới 50 triệu. Em đang có sẵn 2 căn vỉa hè rộng, hạ tầng cấp thoát nước hoàn chỉnh. Chiều nay em có thể dẫn anh/chị qua xem trực tiếp được không ạ?"
94,Vũ Ngọc Quân,760848718,"Tìm nhà thuê nguyên căn giá 2 triệu ở trung tâm thành phố. Yêu cầu phi thực tế, thái độ không hợp tác khi tư vấn.",0,0,0,0,0,0,-50,0,COLD,❄️ COLD LEAD,"Lý do loại: Yêu cầu phi thực tế (Giá vô lý), Khách không thiện chí (Hỏi cho vui)",Chặn số / Đưa vào Blacklist / Drip Marketing tự động,Không thực hiện gọi trực tiếp. Chuyển vào hệ thống chăm sóc tự động định kỳ.
95,Trần Văn Sơn,313014184,"Quan tâm căn hộ 2PN tại Quận 7 cho gia đình trẻ. Tài chính khoảng 4-5 tỷ, cần hỗ trợ vay ngân hàng 70%. Muốn đi xem nhà mẫu vào cuối tuần này.",16,16,18,8,8,66,0,66,WARM,☀️ WARM LEAD,"Gia đình trẻ, quan tâm căn 2PN Q7 (4-5 tỷ), cần hỗ trợ vay 70%, muốn đi xem nhà mẫu cuối tuần.","Chuyên viên tư vấn gọi trong 1 - 2 giờ, hỗ trợ phương án tài chính & hẹn nhà mẫu","Dạ em chào anh/chị Trần Văn Sơn, em là [Tên Sales] dự án căn hộ Quận 7. Em thấy gia đình mình quan tâm căn 2PN tài chính 4-5 tỷ và cần gói vay 70%. Em đã lập sẵn bảng tính dòng tiền miễn lãi 2 năm đầu. Thứ Bảy này bên em có xe đưa đón tham quan nhà mẫu, em xin phép đăng ký lịch cho gia đình mình nhé ạ?"
96,Vũ Hoàng Dũng,910302521,"Quan tâm căn hộ 2PN tại Quận 7 cho gia đình trẻ. Tài chính khoảng 4-5 tỷ, cần hỗ trợ vay ngân hàng 70%. Muốn đi xem nhà mẫu vào cuối tuần này.",16,16,18,8,8,66,0,66,WARM,☀️ WARM LEAD,"Gia đình trẻ, quan tâm căn 2PN Q7 (4-5 tỷ), cần hỗ trợ vay 70%, muốn đi xem nhà mẫu cuối tuần.","Chuyên viên tư vấn gọi trong 1 - 2 giờ, hỗ trợ phương án tài chính & hẹn nhà mẫu","Dạ em chào anh/chị Vũ Hoàng Dũng, em là [Tên Sales] dự án căn hộ Quận 7. Em thấy gia đình mình quan tâm căn 2PN tài chính 4-5 tỷ và cần gói vay 70%. Em đã lập sẵn bảng tính dòng tiền miễn lãi 2 năm đầu. Thứ Bảy này bên em có xe đưa đón tham quan nhà mẫu, em xin phép đăng ký lịch cho gia đình mình nhé ạ?"
97,Đỗ Anh Lan,814261084,"Cần mua đất nền vùng ven (Long An, Đồng Nai) để đầu tư dài hạn. Tài chính 2-3 tỷ. Yêu cầu sổ hồng riêng, không dính quy hoạch.",12,14,10,8,8,52,0,52,WARM,☀️ WARM LEAD,"Cần mua đất nền vùng ven (Long An, Đồng Nai) 2-3 tỷ đầu tư dài hạn, yêu cầu sổ hồng riêng.","Chuyên viên tư vấn gọi trong 1 - 2 giờ, hỗ trợ phương án tài chính & hẹn nhà mẫu","Dạ em chào anh/chị Đỗ Anh Lan, em phụ trách đất nền khu Đông & vùng ven. Em có 3 lô đất Long An/Đồng Nai tài chính 2-3 tỷ đã có sổ hồng riêng từng nền, không dính quy hoạch. Em xin phép gửi sổ và trích lục bản đồ địa chính qua Zalo cho anh/chị xem trước nhé ạ."
98,Phạm Phương Nam,999450520,"Tìm nhà phố liền kề khu vực nội thành, ưu tiên gần trường học và bệnh viện. Ngân sách 8-10 tỷ. Đang cân nhắc giữa 2 dự án, cần tư vấn thêm về chính sách chiết khấu.",22,18,14,8,8,70,0,70,WARM,☀️ WARM LEAD,"Tìm nhà phố 8-10 tỷ gần trường học, đang so sánh 2 dự án, quan tâm chính sách chiết khấu.","Chuyên viên tư vấn gọi trong 1 - 2 giờ, hỗ trợ phương án tài chính & hẹn nhà mẫu","Dạ em chào anh/chị Phạm Phương Nam, biết anh/chị đang cân nhắc nhà phố nội thành gần trường học tài chính 8-10 tỷ. Em đã làm bảng so sánh chi tiết ưu thế và chính sách chiết khấu thanh toán sớm 8% bên em so với dự án anh/chị đang xem. Em xin phép gửi qua Zalo để anh/chị tham khảo nhé ạ."
99,Phan Anh Sơn,786271054,"Cần mua đất nền vùng ven (Long An, Đồng Nai) để đầu tư dài hạn. Tài chính 2-3 tỷ. Yêu cầu sổ hồng riêng, không dính quy hoạch.",12,14,10,8,8,52,0,52,WARM,☀️ WARM LEAD,"Cần mua đất nền vùng ven (Long An, Đồng Nai) 2-3 tỷ đầu tư dài hạn, yêu cầu sổ hồng riêng.","Chuyên viên tư vấn gọi trong 1 - 2 giờ, hỗ trợ phương án tài chính & hẹn nhà mẫu","Dạ em chào anh/chị Phan Anh Sơn, em phụ trách đất nền khu Đông & vùng ven. Em có 3 lô đất Long An/Đồng Nai tài chính 2-3 tỷ đã có sổ hồng riêng từng nền, không dính quy hoạch. Em xin phép gửi sổ và trích lục bản đồ địa chính qua Zalo cho anh/chị xem trước nhé ạ."
100,Phan Hồng Anh,330548717,"Tìm nhà phố liền kề khu vực nội thành, ưu tiên gần trường học và bệnh viện. Ngân sách 8-10 tỷ. Đang cân nhắc giữa 2 dự án, cần tư vấn thêm về chính sách chiết khấu.",22,18,14,8,8,70,0,70,WARM,☀️ WARM LEAD,"Tìm nhà phố 8-10 tỷ gần trường học, đang so sánh 2 dự án, quan tâm chính sách chiết khấu.","Chuyên viên tư vấn gọi trong 1 - 2 giờ, hỗ trợ phương án tài chính & hẹn nhà mẫu","Dạ em chào anh/chị Phan Hồng Anh, biết anh/chị đang cân nhắc nhà phố nội thành gần trường học tài chính 8-10 tỷ. Em đã làm bảng so sánh chi tiết ưu thế và chính sách chiết khấu thanh toán sớm 8% bên em so với dự án anh/chị đang xem. Em xin phép gửi qua Zalo để anh/chị tham khảo nhé ạ."
101,Nguyễn Minh Trang,895564175,"Quan tâm căn hộ 2PN tại Quận 7 cho gia đình trẻ. Tài chính khoảng 4-5 tỷ, cần hỗ trợ vay ngân hàng 70%. Muốn đi xem nhà mẫu vào cuối tuần này.",16,16,18,8,8,66,0,66,WARM,☀️ WARM LEAD,"Gia đình trẻ, quan tâm căn 2PN Q7 (4-5 tỷ), cần hỗ trợ vay 70%, muốn đi xem nhà mẫu cuối tuần.","Chuyên viên tư vấn gọi trong 1 - 2 giờ, hỗ trợ phương án tài chính & hẹn nhà mẫu","Dạ em chào anh/chị Nguyễn Minh Trang, em là [Tên Sales] dự án căn hộ Quận 7. Em thấy gia đình mình quan tâm căn 2PN tài chính 4-5 tỷ và cần gói vay 70%. Em đã lập sẵn bảng tính dòng tiền miễn lãi 2 năm đầu. Thứ Bảy này bên em có xe đưa đón tham quan nhà mẫu, em xin phép đăng ký lịch cho gia đình mình nhé ạ?"
102,Lê Anh Dũng,928077674,"Khách hàng nhầm số, không có nhu cầu về bất động sản. Có vẻ là dữ liệu cũ từ ngành khác trộn vào.",0,0,0,0,0,0,-50,0,COLD,❄️ COLD LEAD,Lý do loại: Nhầm số / Không có nhu cầu BĐS,Chặn số / Đưa vào Blacklist / Drip Marketing tự động,Không thực hiện gọi trực tiếp. Chuyển vào hệ thống chăm sóc tự động định kỳ.
103,Lê Đức Dũng,816303479,"Tìm nhà phố liền kề khu vực nội thành, ưu tiên gần trường học và bệnh viện. Ngân sách 8-10 tỷ. Đang cân nhắc giữa 2 dự án, cần tư vấn thêm về chính sách chiết khấu.",22,18,14,8,8,70,0,70,WARM,☀️ WARM LEAD,"Tìm nhà phố 8-10 tỷ gần trường học, đang so sánh 2 dự án, quan tâm chính sách chiết khấu.","Chuyên viên tư vấn gọi trong 1 - 2 giờ, hỗ trợ phương án tài chính & hẹn nhà mẫu","Dạ em chào anh/chị Lê Đức Dũng, biết anh/chị đang cân nhắc nhà phố nội thành gần trường học tài chính 8-10 tỷ. Em đã làm bảng so sánh chi tiết ưu thế và chính sách chiết khấu thanh toán sớm 8% bên em so với dự án anh/chị đang xem. Em xin phép gửi qua Zalo để anh/chị tham khảo nhé ạ."
104,Đặng Hoàng Hoa,331201116,"Hỏi giá cho vui, chưa có ý định mua trong năm nay. Ngân sách rất thấp so với mặt bằng chung (đòi mua nhà Q1 giá 1 tỷ).",0,0,0,0,0,0,-50,0,COLD,❄️ COLD LEAD,"Lý do loại: Yêu cầu phi thực tế (Giá vô lý), Khách không thiện chí (Hỏi cho vui)",Chặn số / Đưa vào Blacklist / Drip Marketing tự động,Không thực hiện gọi trực tiếp. Chuyển vào hệ thống chăm sóc tự động định kỳ.
105,Hồ Phương Mai,980559941,"Cần mua đất nền vùng ven (Long An, Đồng Nai) để đầu tư dài hạn. Tài chính 2-3 tỷ. Yêu cầu sổ hồng riêng, không dính quy hoạch.",12,14,10,8,8,52,0,52,WARM,☀️ WARM LEAD,"Cần mua đất nền vùng ven (Long An, Đồng Nai) 2-3 tỷ đầu tư dài hạn, yêu cầu sổ hồng riêng.","Chuyên viên tư vấn gọi trong 1 - 2 giờ, hỗ trợ phương án tài chính & hẹn nhà mẫu","Dạ em chào anh/chị Hồ Phương Mai, em phụ trách đất nền khu Đông & vùng ven. Em có 3 lô đất Long An/Đồng Nai tài chính 2-3 tỷ đã có sổ hồng riêng từng nền, không dính quy hoạch. Em xin phép gửi sổ và trích lục bản đồ địa chính qua Zalo cho anh/chị xem trước nhé ạ."
106,Lý Thị Tâm,318265838,"Hỏi giá cho vui, chưa có ý định mua trong năm nay. Ngân sách rất thấp so với mặt bằng chung (đòi mua nhà Q1 giá 1 tỷ).",0,0,0,0,0,0,-50,0,COLD,❄️ COLD LEAD,"Lý do loại: Yêu cầu phi thực tế (Giá vô lý), Khách không thiện chí (Hỏi cho vui)",Chặn số / Đưa vào Blacklist / Drip Marketing tự động,Không thực hiện gọi trực tiếp. Chuyển vào hệ thống chăm sóc tự động định kỳ.
107,Hồ Văn Quân,339683238,"Đang tìm thuê mặt bằng kinh doanh spa tại Quận 1, diện tích khoảng 80-100m2. Giá thuê mong muốn dưới 50 triệu/tháng. Cần ký hợp đồng dài hạn.",14,16,14,8,6,58,0,58,WARM,☀️ WARM LEAD,"Tìm thuê mặt bằng spa Quận 1 (80-100m2), giá dưới 50 triệu/tháng, hợp đồng dài hạn.","Chuyên viên tư vấn gọi trong 1 - 2 giờ, hỗ trợ phương án tài chính & hẹn nhà mẫu","Dạ em chào anh/chị Hồ Văn Quân, em bên mảng mặt bằng thương mại. Em nắm được nhu cầu thuê mặt bằng spa 80-100m2 tại Quận 1 dưới 50 triệu. Em đang có sẵn 2 căn vỉa hè rộng, hạ tầng cấp thoát nước hoàn chỉnh. Chiều nay em có thể dẫn anh/chị qua xem trực tiếp được không ạ?"
108,Đỗ Hồng Nam,759788575,"Tìm nhà phố liền kề khu vực nội thành, ưu tiên gần trường học và bệnh viện. Ngân sách 8-10 tỷ. Đang cân nhắc giữa 2 dự án, cần tư vấn thêm về chính sách chiết khấu.",22,18,14,8,8,70,0,70,WARM,☀️ WARM LEAD,"Tìm nhà phố 8-10 tỷ gần trường học, đang so sánh 2 dự án, quan tâm chính sách chiết khấu.","Chuyên viên tư vấn gọi trong 1 - 2 giờ, hỗ trợ phương án tài chính & hẹn nhà mẫu","Dạ em chào anh/chị Đỗ Hồng Nam, biết anh/chị đang cân nhắc nhà phố nội thành gần trường học tài chính 8-10 tỷ. Em đã làm bảng so sánh chi tiết ưu thế và chính sách chiết khấu thanh toán sớm 8% bên em so với dự án anh/chị đang xem. Em xin phép gửi qua Zalo để anh/chị tham khảo nhé ạ."
109,Dương Văn Mai,341954813,"Quan tâm căn hộ 2PN tại Quận 7 cho gia đình trẻ. Tài chính khoảng 4-5 tỷ, cần hỗ trợ vay ngân hàng 70%. Muốn đi xem nhà mẫu vào cuối tuần này.",16,16,18,8,8,66,0,66,WARM,☀️ WARM LEAD,"Gia đình trẻ, quan tâm căn 2PN Q7 (4-5 tỷ), cần hỗ trợ vay 70%, muốn đi xem nhà mẫu cuối tuần.","Chuyên viên tư vấn gọi trong 1 - 2 giờ, hỗ trợ phương án tài chính & hẹn nhà mẫu","Dạ em chào anh/chị Dương Văn Mai, em là [Tên Sales] dự án căn hộ Quận 7. Em thấy gia đình mình quan tâm căn 2PN tài chính 4-5 tỷ và cần gói vay 70%. Em đã lập sẵn bảng tính dòng tiền miễn lãi 2 năm đầu. Thứ Bảy này bên em có xe đưa đón tham quan nhà mẫu, em xin phép đăng ký lịch cho gia đình mình nhé ạ?"
110,Đặng Hoàng Hoa,860234597,"Đang tìm thuê mặt bằng kinh doanh spa tại Quận 1, diện tích khoảng 80-100m2. Giá thuê mong muốn dưới 50 triệu/tháng. Cần ký hợp đồng dài hạn.",14,16,14,8,6,58,0,58,WARM,☀️ WARM LEAD,"Tìm thuê mặt bằng spa Quận 1 (80-100m2), giá dưới 50 triệu/tháng, hợp đồng dài hạn.","Chuyên viên tư vấn gọi trong 1 - 2 giờ, hỗ trợ phương án tài chính & hẹn nhà mẫu","Dạ em chào anh/chị Đặng Hoàng Hoa, em bên mảng mặt bằng thương mại. Em nắm được nhu cầu thuê mặt bằng spa 80-100m2 tại Quận 1 dưới 50 triệu. Em đang có sẵn 2 căn vỉa hè rộng, hạ tầng cấp thoát nước hoàn chỉnh. Chiều nay em có thể dẫn anh/chị qua xem trực tiếp được không ạ?"
111,Bùi Hoàng Sơn,818013246,"Đang tìm thuê mặt bằng kinh doanh spa tại Quận 1, diện tích khoảng 80-100m2. Giá thuê mong muốn dưới 50 triệu/tháng. Cần ký hợp đồng dài hạn.",14,16,14,8,6,58,0,58,WARM,☀️ WARM LEAD,"Tìm thuê mặt bằng spa Quận 1 (80-100m2), giá dưới 50 triệu/tháng, hợp đồng dài hạn.","Chuyên viên tư vấn gọi trong 1 - 2 giờ, hỗ trợ phương án tài chính & hẹn nhà mẫu","Dạ em chào anh/chị Bùi Hoàng Sơn, em bên mảng mặt bằng thương mại. Em nắm được nhu cầu thuê mặt bằng spa 80-100m2 tại Quận 1 dưới 50 triệu. Em đang có sẵn 2 căn vỉa hè rộng, hạ tầng cấp thoát nước hoàn chỉnh. Chiều nay em có thể dẫn anh/chị qua xem trực tiếp được không ạ?"
112,Trần Thị Quân,887547942,"Chủ doanh nghiệp lớn, cần tìm quỹ đất công nghiệp hoặc sàn văn phòng diện tích trên 2000m2 tại khu Đông. Tài chính cực mạnh, yêu cầu pháp lý chuẩn 100%.",30,25,18,15,10,98,50,100,HOT,🔥 HOT LEAD,"VIP Flags: Ngân sách VIP (>= 20 tỷ / Tài chính mạnh), Sản phẩm VIP / Độc bản, Chân dung VIP (Chủ DN/NĐT gom sỉ), Minh bạch / Muốn gặp CĐT. Khách hàng phân khúc cao cấp/tài chính mạnh.",Giao Giám đốc Dự án / Senior Broker gọi ngay trong vòng 5 - 15 phút,"Dạ em chào anh/chị Trần Thị Quân, em phụ trách BĐS Thương mại & Doanh nghiệp. Nhận thông tin doanh nghiệp mình cần quỹ đất/sàn văn phòng >2000m2 chuẩn pháp lý 100% tại Khu Đông, bên em có sẵn 2 quỹ đất sổ đỏ hoàn chỉnh. Chiều nay em xin phép mang trích lục quy hoạch 1/500 qua văn phòng gửi anh/chị ạ."
113,Phạm Hoàng Tâm,948209430,"Quan tâm căn hộ 2PN tại Quận 7 cho gia đình trẻ. Tài chính khoảng 4-5 tỷ, cần hỗ trợ vay ngân hàng 70%. Muốn đi xem nhà mẫu vào cuối tuần này.",16,16,18,8,8,66,0,66,WARM,☀️ WARM LEAD,"Gia đình trẻ, quan tâm căn 2PN Q7 (4-5 tỷ), cần hỗ trợ vay 70%, muốn đi xem nhà mẫu cuối tuần.","Chuyên viên tư vấn gọi trong 1 - 2 giờ, hỗ trợ phương án tài chính & hẹn nhà mẫu","Dạ em chào anh/chị Phạm Hoàng Tâm, em là [Tên Sales] dự án căn hộ Quận 7. Em thấy gia đình mình quan tâm căn 2PN tài chính 4-5 tỷ và cần gói vay 70%. Em đã lập sẵn bảng tính dòng tiền miễn lãi 2 năm đầu. Thứ Bảy này bên em có xe đưa đón tham quan nhà mẫu, em xin phép đăng ký lịch cho gia đình mình nhé ạ?"
114,Đặng Anh Hùng,748088000,"Tìm nhà phố liền kề khu vực nội thành, ưu tiên gần trường học và bệnh viện. Ngân sách 8-10 tỷ. Đang cân nhắc giữa 2 dự án, cần tư vấn thêm về chính sách chiết khấu.",22,18,14,8,8,70,0,70,WARM,☀️ WARM LEAD,"Tìm nhà phố 8-10 tỷ gần trường học, đang so sánh 2 dự án, quan tâm chính sách chiết khấu.","Chuyên viên tư vấn gọi trong 1 - 2 giờ, hỗ trợ phương án tài chính & hẹn nhà mẫu","Dạ em chào anh/chị Đặng Anh Hùng, biết anh/chị đang cân nhắc nhà phố nội thành gần trường học tài chính 8-10 tỷ. Em đã làm bảng so sánh chi tiết ưu thế và chính sách chiết khấu thanh toán sớm 8% bên em so với dự án anh/chị đang xem. Em xin phép gửi qua Zalo để anh/chị tham khảo nhé ạ."
115,Đặng Hoàng Hùng,390163213,"Nhà đầu tư chuyên nghiệp, muốn gom sỉ 5-10 căn shophouse mặt đường lớn. Quan tâm đến tỷ suất lợi nhuận và chính sách cam kết thuê lại. Cần gặp trực tiếp giám đốc dự án.",30,25,18,15,10,98,50,100,HOT,🔥 HOT LEAD,"VIP Flags: Sản phẩm VIP / Độc bản, Chân dung VIP (Chủ DN/NĐT gom sỉ), Minh bạch / Muốn gặp CĐT. Khách hàng phân khúc cao cấp/tài chính mạnh.",Giao Giám đốc Dự án / Senior Broker gọi ngay trong vòng 5 - 15 phút,"Dạ em chào anh/chị Đặng Hoàng Hùng, em phụ trách giỏ hàng Đầu tư Shophouse. Giám đốc dự án bên em rất trân trọng mong muốn gom sỉ 5-10 căn của anh/chị và đã chuẩn bị chính sách chiết khấu Volume Discount đặc biệt cùng cam kết thuê lại. Ngày mai anh/chị có tiện ghé văn phòng dự án gặp Giám đốc bên em không ạ?"
116,Phạm Bảo Sơn,884424648,"Quan tâm căn hộ 2PN tại Quận 7 cho gia đình trẻ. Tài chính khoảng 4-5 tỷ, cần hỗ trợ vay ngân hàng 70%. Muốn đi xem nhà mẫu vào cuối tuần này.",16,16,18,8,8,66,0,66,WARM,☀️ WARM LEAD,"Gia đình trẻ, quan tâm căn 2PN Q7 (4-5 tỷ), cần hỗ trợ vay 70%, muốn đi xem nhà mẫu cuối tuần.","Chuyên viên tư vấn gọi trong 1 - 2 giờ, hỗ trợ phương án tài chính & hẹn nhà mẫu","Dạ em chào anh/chị Phạm Bảo Sơn, em là [Tên Sales] dự án căn hộ Quận 7. Em thấy gia đình mình quan tâm căn 2PN tài chính 4-5 tỷ và cần gói vay 70%. Em đã lập sẵn bảng tính dòng tiền miễn lãi 2 năm đầu. Thứ Bảy này bên em có xe đưa đón tham quan nhà mẫu, em xin phép đăng ký lịch cho gia đình mình nhé ạ?"
117,Lý Bảo Trang,388990051,"Quan tâm căn hộ 2PN tại Quận 7 cho gia đình trẻ. Tài chính khoảng 4-5 tỷ, cần hỗ trợ vay ngân hàng 70%. Muốn đi xem nhà mẫu vào cuối tuần này.",16,16,18,8,8,66,0,66,WARM,☀️ WARM LEAD,"Gia đình trẻ, quan tâm căn 2PN Q7 (4-5 tỷ), cần hỗ trợ vay 70%, muốn đi xem nhà mẫu cuối tuần.","Chuyên viên tư vấn gọi trong 1 - 2 giờ, hỗ trợ phương án tài chính & hẹn nhà mẫu","Dạ em chào anh/chị Lý Bảo Trang, em là [Tên Sales] dự án căn hộ Quận 7. Em thấy gia đình mình quan tâm căn 2PN tài chính 4-5 tỷ và cần gói vay 70%. Em đã lập sẵn bảng tính dòng tiền miễn lãi 2 năm đầu. Thứ Bảy này bên em có xe đưa đón tham quan nhà mẫu, em xin phép đăng ký lịch cho gia đình mình nhé ạ?"
118,Lý Thị Lan,319575771,"Số điện thoại hay bị thuê bao, gọi nhiều lần không bắt máy. Nhắn tin Zalo không phản hồi.",0,0,0,0,0,0,-50,0,COLD,❄️ COLD LEAD,Lý do loại: Không liên lạc được (Thuê bao/Không rep),Chặn số / Đưa vào Blacklist / Drip Marketing tự động,Không thực hiện gọi trực tiếp. Chuyển vào hệ thống chăm sóc tự động định kỳ.
119,Hồ Phương Nam,371537394,"Spam, gọi điện đến chỉ để quảng cáo ngược lại dịch vụ bảo hiểm.",0,0,0,0,0,0,-50,0,COLD,❄️ COLD LEAD,Lý do loại: Spam / Mời chào dịch vụ khác,Chặn số / Đưa vào Blacklist / Drip Marketing tự động,Không thực hiện gọi trực tiếp. Chuyển vào hệ thống chăm sóc tự động định kỳ.
120,Nguyễn Hoàng Sơn,331217700,"Số điện thoại hay bị thuê bao, gọi nhiều lần không bắt máy. Nhắn tin Zalo không phản hồi.",0,0,0,0,0,0,-50,0,COLD,❄️ COLD LEAD,Lý do loại: Không liên lạc được (Thuê bao/Không rep),Chặn số / Đưa vào Blacklist / Drip Marketing tự động,Không thực hiện gọi trực tiếp. Chuyển vào hệ thống chăm sóc tự động định kỳ.
121,Phạm Ngọc Dũng,771592688,"Khách hàng nhầm số, không có nhu cầu về bất động sản. Có vẻ là dữ liệu cũ từ ngành khác trộn vào.",0,0,0,0,0,0,-50,0,COLD,❄️ COLD LEAD,Lý do loại: Nhầm số / Không có nhu cầu BĐS,Chặn số / Đưa vào Blacklist / Drip Marketing tự động,Không thực hiện gọi trực tiếp. Chuyển vào hệ thống chăm sóc tự động định kỳ.
122,Lê Thị Tâm,749481856,"Tìm nhà thuê nguyên căn giá 2 triệu ở trung tâm thành phố. Yêu cầu phi thực tế, thái độ không hợp tác khi tư vấn.",0,0,0,0,0,0,-50,0,COLD,❄️ COLD LEAD,"Lý do loại: Yêu cầu phi thực tế (Giá vô lý), Khách không thiện chí (Hỏi cho vui)",Chặn số / Đưa vào Blacklist / Drip Marketing tự động,Không thực hiện gọi trực tiếp. Chuyển vào hệ thống chăm sóc tự động định kỳ.
123,Phạm Hồng Mai,975220086,"Đang tìm thuê mặt bằng kinh doanh spa tại Quận 1, diện tích khoảng 80-100m2. Giá thuê mong muốn dưới 50 triệu/tháng. Cần ký hợp đồng dài hạn.",14,16,14,8,6,58,0,58,WARM,☀️ WARM LEAD,"Tìm thuê mặt bằng spa Quận 1 (80-100m2), giá dưới 50 triệu/tháng, hợp đồng dài hạn.","Chuyên viên tư vấn gọi trong 1 - 2 giờ, hỗ trợ phương án tài chính & hẹn nhà mẫu","Dạ em chào anh/chị Phạm Hồng Mai, em bên mảng mặt bằng thương mại. Em nắm được nhu cầu thuê mặt bằng spa 80-100m2 tại Quận 1 dưới 50 triệu. Em đang có sẵn 2 căn vỉa hè rộng, hạ tầng cấp thoát nước hoàn chỉnh. Chiều nay em có thể dẫn anh/chị qua xem trực tiếp được không ạ?"
124,Hồ Anh Linh,742470006,"Tìm nhà phố liền kề khu vực nội thành, ưu tiên gần trường học và bệnh viện. Ngân sách 8-10 tỷ. Đang cân nhắc giữa 2 dự án, cần tư vấn thêm về chính sách chiết khấu.",22,18,14,8,8,70,0,70,WARM,☀️ WARM LEAD,"Tìm nhà phố 8-10 tỷ gần trường học, đang so sánh 2 dự án, quan tâm chính sách chiết khấu.","Chuyên viên tư vấn gọi trong 1 - 2 giờ, hỗ trợ phương án tài chính & hẹn nhà mẫu","Dạ em chào anh/chị Hồ Anh Linh, biết anh/chị đang cân nhắc nhà phố nội thành gần trường học tài chính 8-10 tỷ. Em đã làm bảng so sánh chi tiết ưu thế và chính sách chiết khấu thanh toán sớm 8% bên em so với dự án anh/chị đang xem. Em xin phép gửi qua Zalo để anh/chị tham khảo nhé ạ."
125,Trần Bảo Dũng,844156686,"Quan tâm căn hộ 2PN tại Quận 7 cho gia đình trẻ. Tài chính khoảng 4-5 tỷ, cần hỗ trợ vay ngân hàng 70%. Muốn đi xem nhà mẫu vào cuối tuần này.",16,16,18,8,8,66,0,66,WARM,☀️ WARM LEAD,"Gia đình trẻ, quan tâm căn 2PN Q7 (4-5 tỷ), cần hỗ trợ vay 70%, muốn đi xem nhà mẫu cuối tuần.","Chuyên viên tư vấn gọi trong 1 - 2 giờ, hỗ trợ phương án tài chính & hẹn nhà mẫu","Dạ em chào anh/chị Trần Bảo Dũng, em là [Tên Sales] dự án căn hộ Quận 7. Em thấy gia đình mình quan tâm căn 2PN tài chính 4-5 tỷ và cần gói vay 70%. Em đã lập sẵn bảng tính dòng tiền miễn lãi 2 năm đầu. Thứ Bảy này bên em có xe đưa đón tham quan nhà mẫu, em xin phép đăng ký lịch cho gia đình mình nhé ạ?"
126,Nguyễn Bảo Cường,996055352,"Chủ doanh nghiệp lớn, cần tìm quỹ đất công nghiệp hoặc sàn văn phòng diện tích trên 2000m2 tại khu Đông. Tài chính cực mạnh, yêu cầu pháp lý chuẩn 100%.",30,25,18,15,10,98,50,100,HOT,🔥 HOT LEAD,"VIP Flags: Ngân sách VIP (>= 20 tỷ / Tài chính mạnh), Sản phẩm VIP / Độc bản, Chân dung VIP (Chủ DN/NĐT gom sỉ), Minh bạch / Muốn gặp CĐT. Khách hàng phân khúc cao cấp/tài chính mạnh.",Giao Giám đốc Dự án / Senior Broker gọi ngay trong vòng 5 - 15 phút,"Dạ em chào anh/chị Nguyễn Bảo Cường, em phụ trách BĐS Thương mại & Doanh nghiệp. Nhận thông tin doanh nghiệp mình cần quỹ đất/sàn văn phòng >2000m2 chuẩn pháp lý 100% tại Khu Đông, bên em có sẵn 2 quỹ đất sổ đỏ hoàn chỉnh. Chiều nay em xin phép mang trích lục quy hoạch 1/500 qua văn phòng gửi anh/chị ạ."
127,Bùi Phương Tâm,790240040,"Khách hàng VIP, quan tâm biệt thự đơn lập phân khu cao cấp nhất. Ngân sách trên 30 tỷ, thanh toán thẳng. Yêu cầu vị trí ven sông, hướng Đông Nam. Đã từng mua nhiều dự án của tập đoàn.",30,25,18,15,10,98,50,100,HOT,🔥 HOT LEAD,"VIP Flags: Ngân sách VIP (>= 20 tỷ / Tài chính mạnh), Sản phẩm VIP / Độc bản, Vị trí Đắc địa (Ven sông/Phú Mỹ Hưng), Chân dung VIP (Chủ DN/NĐT gom sỉ). Khách hàng phân khúc cao cấp/tài chính mạnh.",Giao Giám đốc Dự án / Senior Broker gọi ngay trong vòng 5 - 15 phút,"Dạ em chào anh/chị Bùi Phương Tâm, em là [Tên Sales] phụ trách phân khu Biệt thự ven sông cao cấp nhất. Em được biết anh/chị đã từng sở hữu nhiều sản phẩm của tập đoàn và đang tìm căn biệt thự đơn lập hướng Đông Nam thanh toán thẳng trên 30 tỷ. Em đã chuẩn bị sẵn sơ đồ lô góc vị trí đắc địa nhất, em xin phép mang tài liệu qua gửi anh/chị tham khảo ạ."
128,Phan Đức Tâm,342183354,"Đang tìm thuê mặt bằng kinh doanh spa tại Quận 1, diện tích khoảng 80-100m2. Giá thuê mong muốn dưới 50 triệu/tháng. Cần ký hợp đồng dài hạn.",14,16,14,8,6,58,0,58,WARM,☀️ WARM LEAD,"Tìm thuê mặt bằng spa Quận 1 (80-100m2), giá dưới 50 triệu/tháng, hợp đồng dài hạn.","Chuyên viên tư vấn gọi trong 1 - 2 giờ, hỗ trợ phương án tài chính & hẹn nhà mẫu","Dạ em chào anh/chị Phan Đức Tâm, em bên mảng mặt bằng thương mại. Em nắm được nhu cầu thuê mặt bằng spa 80-100m2 tại Quận 1 dưới 50 triệu. Em đang có sẵn 2 căn vỉa hè rộng, hạ tầng cấp thoát nước hoàn chỉnh. Chiều nay em có thể dẫn anh/chị qua xem trực tiếp được không ạ?"
129,Lê Bảo Hùng,880040961,"Tìm nhà phố liền kề khu vực nội thành, ưu tiên gần trường học và bệnh viện. Ngân sách 8-10 tỷ. Đang cân nhắc giữa 2 dự án, cần tư vấn thêm về chính sách chiết khấu.",22,18,14,8,8,70,0,70,WARM,☀️ WARM LEAD,"Tìm nhà phố 8-10 tỷ gần trường học, đang so sánh 2 dự án, quan tâm chính sách chiết khấu.","Chuyên viên tư vấn gọi trong 1 - 2 giờ, hỗ trợ phương án tài chính & hẹn nhà mẫu","Dạ em chào anh/chị Lê Bảo Hùng, biết anh/chị đang cân nhắc nhà phố nội thành gần trường học tài chính 8-10 tỷ. Em đã làm bảng so sánh chi tiết ưu thế và chính sách chiết khấu thanh toán sớm 8% bên em so với dự án anh/chị đang xem. Em xin phép gửi qua Zalo để anh/chị tham khảo nhé ạ."
130,Lê Văn Cường,377966315,"Khách hàng tìm mua Penthouse diện tích lớn, yêu cầu có hồ bơi riêng và thang máy riêng. Ngân sách không thành vấn đề, quan trọng là đẳng cấp và sự riêng tư.",30,25,18,15,10,98,50,100,HOT,🔥 HOT LEAD,"VIP Flags: Ngân sách VIP (>= 20 tỷ / Tài chính mạnh), Sản phẩm VIP / Độc bản. Khách hàng phân khúc cao cấp/tài chính mạnh.",Giao Giám đốc Dự án / Senior Broker gọi ngay trong vòng 5 - 15 phút,"Dạ em chào anh/chị Lê Văn Cường, em là [Tên Sales] phụ trách giỏ hàng Penthouse độc bản tại [Dự án]. Nhận được yêu cầu tìm căn Penthouse diện tích lớn có hồ bơi và thang máy riêng của mình, bên em vừa ra mắt 2 căn phiên bản giới hạn có view panorama trực diện sông. Em xin phép kết bạn Zalo gửi trọn bộ Private Deck và video flycam trực tiếp cho anh/chị xem trước ạ."
131,Đặng Anh Quân,381391608,"Đang tìm thuê mặt bằng kinh doanh spa tại Quận 1, diện tích khoảng 80-100m2. Giá thuê mong muốn dưới 50 triệu/tháng. Cần ký hợp đồng dài hạn.",14,16,14,8,6,58,0,58,WARM,☀️ WARM LEAD,"Tìm thuê mặt bằng spa Quận 1 (80-100m2), giá dưới 50 triệu/tháng, hợp đồng dài hạn.","Chuyên viên tư vấn gọi trong 1 - 2 giờ, hỗ trợ phương án tài chính & hẹn nhà mẫu","Dạ em chào anh/chị Đặng Anh Quân, em bên mảng mặt bằng thương mại. Em nắm được nhu cầu thuê mặt bằng spa 80-100m2 tại Quận 1 dưới 50 triệu. Em đang có sẵn 2 căn vỉa hè rộng, hạ tầng cấp thoát nước hoàn chỉnh. Chiều nay em có thể dẫn anh/chị qua xem trực tiếp được không ạ?"
132,Đặng Bảo Mai,377682013,"Tìm nhà phố liền kề khu vực nội thành, ưu tiên gần trường học và bệnh viện. Ngân sách 8-10 tỷ. Đang cân nhắc giữa 2 dự án, cần tư vấn thêm về chính sách chiết khấu.",22,18,14,8,8,70,0,70,WARM,☀️ WARM LEAD,"Tìm nhà phố 8-10 tỷ gần trường học, đang so sánh 2 dự án, quan tâm chính sách chiết khấu.","Chuyên viên tư vấn gọi trong 1 - 2 giờ, hỗ trợ phương án tài chính & hẹn nhà mẫu","Dạ em chào anh/chị Đặng Bảo Mai, biết anh/chị đang cân nhắc nhà phố nội thành gần trường học tài chính 8-10 tỷ. Em đã làm bảng so sánh chi tiết ưu thế và chính sách chiết khấu thanh toán sớm 8% bên em so với dự án anh/chị đang xem. Em xin phép gửi qua Zalo để anh/chị tham khảo nhé ạ."
133,Lê Văn Nam,766333779,"Tìm nhà phố liền kề khu vực nội thành, ưu tiên gần trường học và bệnh viện. Ngân sách 8-10 tỷ. Đang cân nhắc giữa 2 dự án, cần tư vấn thêm về chính sách chiết khấu.",22,18,14,8,8,70,0,70,WARM,☀️ WARM LEAD,"Tìm nhà phố 8-10 tỷ gần trường học, đang so sánh 2 dự án, quan tâm chính sách chiết khấu.","Chuyên viên tư vấn gọi trong 1 - 2 giờ, hỗ trợ phương án tài chính & hẹn nhà mẫu","Dạ em chào anh/chị Lê Văn Nam, biết anh/chị đang cân nhắc nhà phố nội thành gần trường học tài chính 8-10 tỷ. Em đã làm bảng so sánh chi tiết ưu thế và chính sách chiết khấu thanh toán sớm 8% bên em so với dự án anh/chị đang xem. Em xin phép gửi qua Zalo để anh/chị tham khảo nhé ạ."
134,Đặng Đức Tuấn,811538275,"Tìm nhà phố liền kề khu vực nội thành, ưu tiên gần trường học và bệnh viện. Ngân sách 8-10 tỷ. Đang cân nhắc giữa 2 dự án, cần tư vấn thêm về chính sách chiết khấu.",22,18,14,8,8,70,0,70,WARM,☀️ WARM LEAD,"Tìm nhà phố 8-10 tỷ gần trường học, đang so sánh 2 dự án, quan tâm chính sách chiết khấu.","Chuyên viên tư vấn gọi trong 1 - 2 giờ, hỗ trợ phương án tài chính & hẹn nhà mẫu","Dạ em chào anh/chị Đặng Đức Tuấn, biết anh/chị đang cân nhắc nhà phố nội thành gần trường học tài chính 8-10 tỷ. Em đã làm bảng so sánh chi tiết ưu thế và chính sách chiết khấu thanh toán sớm 8% bên em so với dự án anh/chị đang xem. Em xin phép gửi qua Zalo để anh/chị tham khảo nhé ạ."
135,Dương Anh Anh,767808932,"Cần mua đất nền vùng ven (Long An, Đồng Nai) để đầu tư dài hạn. Tài chính 2-3 tỷ. Yêu cầu sổ hồng riêng, không dính quy hoạch.",12,14,10,8,8,52,0,52,WARM,☀️ WARM LEAD,"Cần mua đất nền vùng ven (Long An, Đồng Nai) 2-3 tỷ đầu tư dài hạn, yêu cầu sổ hồng riêng.","Chuyên viên tư vấn gọi trong 1 - 2 giờ, hỗ trợ phương án tài chính & hẹn nhà mẫu","Dạ em chào anh/chị Dương Anh Anh, em phụ trách đất nền khu Đông & vùng ven. Em có 3 lô đất Long An/Đồng Nai tài chính 2-3 tỷ đã có sổ hồng riêng từng nền, không dính quy hoạch. Em xin phép gửi sổ và trích lục bản đồ địa chính qua Zalo cho anh/chị xem trước nhé ạ."
136,Ngô Phương Cường,892715115,"Tìm nhà thuê nguyên căn giá 2 triệu ở trung tâm thành phố. Yêu cầu phi thực tế, thái độ không hợp tác khi tư vấn.",0,0,0,0,0,0,-50,0,COLD,❄️ COLD LEAD,"Lý do loại: Yêu cầu phi thực tế (Giá vô lý), Khách không thiện chí (Hỏi cho vui)",Chặn số / Đưa vào Blacklist / Drip Marketing tự động,Không thực hiện gọi trực tiếp. Chuyển vào hệ thống chăm sóc tự động định kỳ.
137,Phan Hoàng Linh,360566670,"Đang tìm thuê mặt bằng kinh doanh spa tại Quận 1, diện tích khoảng 80-100m2. Giá thuê mong muốn dưới 50 triệu/tháng. Cần ký hợp đồng dài hạn.",14,16,14,8,6,58,0,58,WARM,☀️ WARM LEAD,"Tìm thuê mặt bằng spa Quận 1 (80-100m2), giá dưới 50 triệu/tháng, hợp đồng dài hạn.","Chuyên viên tư vấn gọi trong 1 - 2 giờ, hỗ trợ phương án tài chính & hẹn nhà mẫu","Dạ em chào anh/chị Phan Hoàng Linh, em bên mảng mặt bằng thương mại. Em nắm được nhu cầu thuê mặt bằng spa 80-100m2 tại Quận 1 dưới 50 triệu. Em đang có sẵn 2 căn vỉa hè rộng, hạ tầng cấp thoát nước hoàn chỉnh. Chiều nay em có thể dẫn anh/chị qua xem trực tiếp được không ạ?"
138,Nguyễn Hoàng Tuấn,841117904,"Spam, gọi điện đến chỉ để quảng cáo ngược lại dịch vụ bảo hiểm.",0,0,0,0,0,0,-50,0,COLD,❄️ COLD LEAD,Lý do loại: Spam / Mời chào dịch vụ khác,Chặn số / Đưa vào Blacklist / Drip Marketing tự động,Không thực hiện gọi trực tiếp. Chuyển vào hệ thống chăm sóc tự động định kỳ.
139,Trần Phương Cường,747900200,"Tìm nhà phố liền kề khu vực nội thành, ưu tiên gần trường học và bệnh viện. Ngân sách 8-10 tỷ. Đang cân nhắc giữa 2 dự án, cần tư vấn thêm về chính sách chiết khấu.",22,18,14,8,8,70,0,70,WARM,☀️ WARM LEAD,"Tìm nhà phố 8-10 tỷ gần trường học, đang so sánh 2 dự án, quan tâm chính sách chiết khấu.","Chuyên viên tư vấn gọi trong 1 - 2 giờ, hỗ trợ phương án tài chính & hẹn nhà mẫu","Dạ em chào anh/chị Trần Phương Cường, biết anh/chị đang cân nhắc nhà phố nội thành gần trường học tài chính 8-10 tỷ. Em đã làm bảng so sánh chi tiết ưu thế và chính sách chiết khấu thanh toán sớm 8% bên em so với dự án anh/chị đang xem. Em xin phép gửi qua Zalo để anh/chị tham khảo nhé ạ."
140,Dương Đức Tuấn,978834224,"Quan tâm căn hộ 2PN tại Quận 7 cho gia đình trẻ. Tài chính khoảng 4-5 tỷ, cần hỗ trợ vay ngân hàng 70%. Muốn đi xem nhà mẫu vào cuối tuần này.",16,16,18,8,8,66,0,66,WARM,☀️ WARM LEAD,"Gia đình trẻ, quan tâm căn 2PN Q7 (4-5 tỷ), cần hỗ trợ vay 70%, muốn đi xem nhà mẫu cuối tuần.","Chuyên viên tư vấn gọi trong 1 - 2 giờ, hỗ trợ phương án tài chính & hẹn nhà mẫu","Dạ em chào anh/chị Dương Đức Tuấn, em là [Tên Sales] dự án căn hộ Quận 7. Em thấy gia đình mình quan tâm căn 2PN tài chính 4-5 tỷ và cần gói vay 70%. Em đã lập sẵn bảng tính dòng tiền miễn lãi 2 năm đầu. Thứ Bảy này bên em có xe đưa đón tham quan nhà mẫu, em xin phép đăng ký lịch cho gia đình mình nhé ạ?"
141,Ngô Hoàng Quân,897495430,"Spam, gọi điện đến chỉ để quảng cáo ngược lại dịch vụ bảo hiểm.",0,0,0,0,0,0,-50,0,COLD,❄️ COLD LEAD,Lý do loại: Spam / Mời chào dịch vụ khác,Chặn số / Đưa vào Blacklist / Drip Marketing tự động,Không thực hiện gọi trực tiếp. Chuyển vào hệ thống chăm sóc tự động định kỳ.
142,Lê Đức Tâm,838777197,"Quan tâm căn hộ 2PN tại Quận 7 cho gia đình trẻ. Tài chính khoảng 4-5 tỷ, cần hỗ trợ vay ngân hàng 70%. Muốn đi xem nhà mẫu vào cuối tuần này.",16,16,18,8,8,66,0,66,WARM,☀️ WARM LEAD,"Gia đình trẻ, quan tâm căn 2PN Q7 (4-5 tỷ), cần hỗ trợ vay 70%, muốn đi xem nhà mẫu cuối tuần.","Chuyên viên tư vấn gọi trong 1 - 2 giờ, hỗ trợ phương án tài chính & hẹn nhà mẫu","Dạ em chào anh/chị Lê Đức Tâm, em là [Tên Sales] dự án căn hộ Quận 7. Em thấy gia đình mình quan tâm căn 2PN tài chính 4-5 tỷ và cần gói vay 70%. Em đã lập sẵn bảng tính dòng tiền miễn lãi 2 năm đầu. Thứ Bảy này bên em có xe đưa đón tham quan nhà mẫu, em xin phép đăng ký lịch cho gia đình mình nhé ạ?"
143,Lê Thị Quân,738977498,"Đang tìm thuê mặt bằng kinh doanh spa tại Quận 1, diện tích khoảng 80-100m2. Giá thuê mong muốn dưới 50 triệu/tháng. Cần ký hợp đồng dài hạn.",14,16,14,8,6,58,0,58,WARM,☀️ WARM LEAD,"Tìm thuê mặt bằng spa Quận 1 (80-100m2), giá dưới 50 triệu/tháng, hợp đồng dài hạn.","Chuyên viên tư vấn gọi trong 1 - 2 giờ, hỗ trợ phương án tài chính & hẹn nhà mẫu","Dạ em chào anh/chị Lê Thị Quân, em bên mảng mặt bằng thương mại. Em nắm được nhu cầu thuê mặt bằng spa 80-100m2 tại Quận 1 dưới 50 triệu. Em đang có sẵn 2 căn vỉa hè rộng, hạ tầng cấp thoát nước hoàn chỉnh. Chiều nay em có thể dẫn anh/chị qua xem trực tiếp được không ạ?"
144,Vũ Thị Tâm,983215333,"Đang tìm thuê mặt bằng kinh doanh spa tại Quận 1, diện tích khoảng 80-100m2. Giá thuê mong muốn dưới 50 triệu/tháng. Cần ký hợp đồng dài hạn.",14,16,14,8,6,58,0,58,WARM,☀️ WARM LEAD,"Tìm thuê mặt bằng spa Quận 1 (80-100m2), giá dưới 50 triệu/tháng, hợp đồng dài hạn.","Chuyên viên tư vấn gọi trong 1 - 2 giờ, hỗ trợ phương án tài chính & hẹn nhà mẫu","Dạ em chào anh/chị Vũ Thị Tâm, em bên mảng mặt bằng thương mại. Em nắm được nhu cầu thuê mặt bằng spa 80-100m2 tại Quận 1 dưới 50 triệu. Em đang có sẵn 2 căn vỉa hè rộng, hạ tầng cấp thoát nước hoàn chỉnh. Chiều nay em có thể dẫn anh/chị qua xem trực tiếp được không ạ?"
145,Đỗ Hồng Anh,385223949,"Tìm nhà thuê nguyên căn giá 2 triệu ở trung tâm thành phố. Yêu cầu phi thực tế, thái độ không hợp tác khi tư vấn.",0,0,0,0,0,0,-50,0,COLD,❄️ COLD LEAD,"Lý do loại: Yêu cầu phi thực tế (Giá vô lý), Khách không thiện chí (Hỏi cho vui)",Chặn số / Đưa vào Blacklist / Drip Marketing tự động,Không thực hiện gọi trực tiếp. Chuyển vào hệ thống chăm sóc tự động định kỳ.
146,Ngô Ngọc Anh,996009285,"Tìm nhà phố liền kề khu vực nội thành, ưu tiên gần trường học và bệnh viện. Ngân sách 8-10 tỷ. Đang cân nhắc giữa 2 dự án, cần tư vấn thêm về chính sách chiết khấu.",22,18,14,8,8,70,0,70,WARM,☀️ WARM LEAD,"Tìm nhà phố 8-10 tỷ gần trường học, đang so sánh 2 dự án, quan tâm chính sách chiết khấu.","Chuyên viên tư vấn gọi trong 1 - 2 giờ, hỗ trợ phương án tài chính & hẹn nhà mẫu","Dạ em chào anh/chị Ngô Ngọc Anh, biết anh/chị đang cân nhắc nhà phố nội thành gần trường học tài chính 8-10 tỷ. Em đã làm bảng so sánh chi tiết ưu thế và chính sách chiết khấu thanh toán sớm 8% bên em so với dự án anh/chị đang xem. Em xin phép gửi qua Zalo để anh/chị tham khảo nhé ạ."
147,Nguyễn Hồng Anh,999829318,"Cần mua đất nền vùng ven (Long An, Đồng Nai) để đầu tư dài hạn. Tài chính 2-3 tỷ. Yêu cầu sổ hồng riêng, không dính quy hoạch.",12,14,10,8,8,52,0,52,WARM,☀️ WARM LEAD,"Cần mua đất nền vùng ven (Long An, Đồng Nai) 2-3 tỷ đầu tư dài hạn, yêu cầu sổ hồng riêng.","Chuyên viên tư vấn gọi trong 1 - 2 giờ, hỗ trợ phương án tài chính & hẹn nhà mẫu","Dạ em chào anh/chị Nguyễn Hồng Anh, em phụ trách đất nền khu Đông & vùng ven. Em có 3 lô đất Long An/Đồng Nai tài chính 2-3 tỷ đã có sổ hồng riêng từng nền, không dính quy hoạch. Em xin phép gửi sổ và trích lục bản đồ địa chính qua Zalo cho anh/chị xem trước nhé ạ."
148,Trần Anh Linh,828201194,"Số điện thoại hay bị thuê bao, gọi nhiều lần không bắt máy. Nhắn tin Zalo không phản hồi.",0,0,0,0,0,0,-50,0,COLD,❄️ COLD LEAD,Lý do loại: Không liên lạc được (Thuê bao/Không rep),Chặn số / Đưa vào Blacklist / Drip Marketing tự động,Không thực hiện gọi trực tiếp. Chuyển vào hệ thống chăm sóc tự động định kỳ.
149,Phạm Hoàng Tâm,335880398,"Quan tâm căn hộ 2PN tại Quận 7 cho gia đình trẻ. Tài chính khoảng 4-5 tỷ, cần hỗ trợ vay ngân hàng 70%. Muốn đi xem nhà mẫu vào cuối tuần này.",16,16,18,8,8,66,0,66,WARM,☀️ WARM LEAD,"Gia đình trẻ, quan tâm căn 2PN Q7 (4-5 tỷ), cần hỗ trợ vay 70%, muốn đi xem nhà mẫu cuối tuần.","Chuyên viên tư vấn gọi trong 1 - 2 giờ, hỗ trợ phương án tài chính & hẹn nhà mẫu","Dạ em chào anh/chị Phạm Hoàng Tâm, em là [Tên Sales] dự án căn hộ Quận 7. Em thấy gia đình mình quan tâm căn 2PN tài chính 4-5 tỷ và cần gói vay 70%. Em đã lập sẵn bảng tính dòng tiền miễn lãi 2 năm đầu. Thứ Bảy này bên em có xe đưa đón tham quan nhà mẫu, em xin phép đăng ký lịch cho gia đình mình nhé ạ?"
150,Đặng Phương Mai,759710843,"Số điện thoại hay bị thuê bao, gọi nhiều lần không bắt máy. Nhắn tin Zalo không phản hồi.",0,0,0,0,0,0,-50,0,COLD,❄️ COLD LEAD,Lý do loại: Không liên lạc được (Thuê bao/Không rep),Chặn số / Đưa vào Blacklist / Drip Marketing tự động,Không thực hiện gọi trực tiếp. Chuyển vào hệ thống chăm sóc tự động định kỳ.
151,Hồ Hồng Tuấn,712460499,"Tìm nhà phố liền kề khu vực nội thành, ưu tiên gần trường học và bệnh viện. Ngân sách 8-10 tỷ. Đang cân nhắc giữa 2 dự án, cần tư vấn thêm về chính sách chiết khấu.",22,18,14,8,8,70,0,70,WARM,☀️ WARM LEAD,"Tìm nhà phố 8-10 tỷ gần trường học, đang so sánh 2 dự án, quan tâm chính sách chiết khấu.","Chuyên viên tư vấn gọi trong 1 - 2 giờ, hỗ trợ phương án tài chính & hẹn nhà mẫu","Dạ em chào anh/chị Hồ Hồng Tuấn, biết anh/chị đang cân nhắc nhà phố nội thành gần trường học tài chính 8-10 tỷ. Em đã làm bảng so sánh chi tiết ưu thế và chính sách chiết khấu thanh toán sớm 8% bên em so với dự án anh/chị đang xem. Em xin phép gửi qua Zalo để anh/chị tham khảo nhé ạ."
152,Phan Phương Tâm,944648323,"Quan tâm căn hộ 2PN tại Quận 7 cho gia đình trẻ. Tài chính khoảng 4-5 tỷ, cần hỗ trợ vay ngân hàng 70%. Muốn đi xem nhà mẫu vào cuối tuần này.",16,16,18,8,8,66,0,66,WARM,☀️ WARM LEAD,"Gia đình trẻ, quan tâm căn 2PN Q7 (4-5 tỷ), cần hỗ trợ vay 70%, muốn đi xem nhà mẫu cuối tuần.","Chuyên viên tư vấn gọi trong 1 - 2 giờ, hỗ trợ phương án tài chính & hẹn nhà mẫu","Dạ em chào anh/chị Phan Phương Tâm, em là [Tên Sales] dự án căn hộ Quận 7. Em thấy gia đình mình quan tâm căn 2PN tài chính 4-5 tỷ và cần gói vay 70%. Em đã lập sẵn bảng tính dòng tiền miễn lãi 2 năm đầu. Thứ Bảy này bên em có xe đưa đón tham quan nhà mẫu, em xin phép đăng ký lịch cho gia đình mình nhé ạ?"
153,Phan Hoàng Hùng,774237486,"Đang tìm thuê mặt bằng kinh doanh spa tại Quận 1, diện tích khoảng 80-100m2. Giá thuê mong muốn dưới 50 triệu/tháng. Cần ký hợp đồng dài hạn.",14,16,14,8,6,58,0,58,WARM,☀️ WARM LEAD,"Tìm thuê mặt bằng spa Quận 1 (80-100m2), giá dưới 50 triệu/tháng, hợp đồng dài hạn.","Chuyên viên tư vấn gọi trong 1 - 2 giờ, hỗ trợ phương án tài chính & hẹn nhà mẫu","Dạ em chào anh/chị Phan Hoàng Hùng, em bên mảng mặt bằng thương mại. Em nắm được nhu cầu thuê mặt bằng spa 80-100m2 tại Quận 1 dưới 50 triệu. Em đang có sẵn 2 căn vỉa hè rộng, hạ tầng cấp thoát nước hoàn chỉnh. Chiều nay em có thể dẫn anh/chị qua xem trực tiếp được không ạ?"
154,Phan Minh Hùng,817396130,"Tìm nhà phố liền kề khu vực nội thành, ưu tiên gần trường học và bệnh viện. Ngân sách 8-10 tỷ. Đang cân nhắc giữa 2 dự án, cần tư vấn thêm về chính sách chiết khấu.",22,18,14,8,8,70,0,70,WARM,☀️ WARM LEAD,"Tìm nhà phố 8-10 tỷ gần trường học, đang so sánh 2 dự án, quan tâm chính sách chiết khấu.","Chuyên viên tư vấn gọi trong 1 - 2 giờ, hỗ trợ phương án tài chính & hẹn nhà mẫu","Dạ em chào anh/chị Phan Minh Hùng, biết anh/chị đang cân nhắc nhà phố nội thành gần trường học tài chính 8-10 tỷ. Em đã làm bảng so sánh chi tiết ưu thế và chính sách chiết khấu thanh toán sớm 8% bên em so với dự án anh/chị đang xem. Em xin phép gửi qua Zalo để anh/chị tham khảo nhé ạ."
155,Trần Hoàng Hùng,921302239,"Cần mua đất nền vùng ven (Long An, Đồng Nai) để đầu tư dài hạn. Tài chính 2-3 tỷ. Yêu cầu sổ hồng riêng, không dính quy hoạch.",12,14,10,8,8,52,0,52,WARM,☀️ WARM LEAD,"Cần mua đất nền vùng ven (Long An, Đồng Nai) 2-3 tỷ đầu tư dài hạn, yêu cầu sổ hồng riêng.","Chuyên viên tư vấn gọi trong 1 - 2 giờ, hỗ trợ phương án tài chính & hẹn nhà mẫu","Dạ em chào anh/chị Trần Hoàng Hùng, em phụ trách đất nền khu Đông & vùng ven. Em có 3 lô đất Long An/Đồng Nai tài chính 2-3 tỷ đã có sổ hồng riêng từng nền, không dính quy hoạch. Em xin phép gửi sổ và trích lục bản đồ địa chính qua Zalo cho anh/chị xem trước nhé ạ."
156,Phan Văn Trang,335896642,"Đang tìm thuê mặt bằng kinh doanh spa tại Quận 1, diện tích khoảng 80-100m2. Giá thuê mong muốn dưới 50 triệu/tháng. Cần ký hợp đồng dài hạn.",14,16,14,8,6,58,0,58,WARM,☀️ WARM LEAD,"Tìm thuê mặt bằng spa Quận 1 (80-100m2), giá dưới 50 triệu/tháng, hợp đồng dài hạn.","Chuyên viên tư vấn gọi trong 1 - 2 giờ, hỗ trợ phương án tài chính & hẹn nhà mẫu","Dạ em chào anh/chị Phan Văn Trang, em bên mảng mặt bằng thương mại. Em nắm được nhu cầu thuê mặt bằng spa 80-100m2 tại Quận 1 dưới 50 triệu. Em đang có sẵn 2 căn vỉa hè rộng, hạ tầng cấp thoát nước hoàn chỉnh. Chiều nay em có thể dẫn anh/chị qua xem trực tiếp được không ạ?"
157,Lê Đức Lan,317717510,"Quan tâm căn hộ 2PN tại Quận 7 cho gia đình trẻ. Tài chính khoảng 4-5 tỷ, cần hỗ trợ vay ngân hàng 70%. Muốn đi xem nhà mẫu vào cuối tuần này.",16,16,18,8,8,66,0,66,WARM,☀️ WARM LEAD,"Gia đình trẻ, quan tâm căn 2PN Q7 (4-5 tỷ), cần hỗ trợ vay 70%, muốn đi xem nhà mẫu cuối tuần.","Chuyên viên tư vấn gọi trong 1 - 2 giờ, hỗ trợ phương án tài chính & hẹn nhà mẫu","Dạ em chào anh/chị Lê Đức Lan, em là [Tên Sales] dự án căn hộ Quận 7. Em thấy gia đình mình quan tâm căn 2PN tài chính 4-5 tỷ và cần gói vay 70%. Em đã lập sẵn bảng tính dòng tiền miễn lãi 2 năm đầu. Thứ Bảy này bên em có xe đưa đón tham quan nhà mẫu, em xin phép đăng ký lịch cho gia đình mình nhé ạ?"
158,Nguyễn Phương Cường,332157465,"Khách hàng tìm mua Penthouse diện tích lớn, yêu cầu có hồ bơi riêng và thang máy riêng. Ngân sách không thành vấn đề, quan trọng là đẳng cấp và sự riêng tư.",30,25,18,15,10,98,50,100,HOT,🔥 HOT LEAD,"VIP Flags: Ngân sách VIP (>= 20 tỷ / Tài chính mạnh), Sản phẩm VIP / Độc bản. Khách hàng phân khúc cao cấp/tài chính mạnh.",Giao Giám đốc Dự án / Senior Broker gọi ngay trong vòng 5 - 15 phút,"Dạ em chào anh/chị Nguyễn Phương Cường, em là [Tên Sales] phụ trách giỏ hàng Penthouse độc bản tại [Dự án]. Nhận được yêu cầu tìm căn Penthouse diện tích lớn có hồ bơi và thang máy riêng của mình, bên em vừa ra mắt 2 căn phiên bản giới hạn có view panorama trực diện sông. Em xin phép kết bạn Zalo gửi trọn bộ Private Deck và video flycam trực tiếp cho anh/chị xem trước ạ."
159,Dương Hoàng Anh,917718051,"Số điện thoại hay bị thuê bao, gọi nhiều lần không bắt máy. Nhắn tin Zalo không phản hồi.",0,0,0,0,0,0,-50,0,COLD,❄️ COLD LEAD,Lý do loại: Không liên lạc được (Thuê bao/Không rep),Chặn số / Đưa vào Blacklist / Drip Marketing tự động,Không thực hiện gọi trực tiếp. Chuyển vào hệ thống chăm sóc tự động định kỳ.
160,Bùi Phương Hoa,866761795,"Đang tìm thuê mặt bằng kinh doanh spa tại Quận 1, diện tích khoảng 80-100m2. Giá thuê mong muốn dưới 50 triệu/tháng. Cần ký hợp đồng dài hạn.",14,16,14,8,6,58,0,58,WARM,☀️ WARM LEAD,"Tìm thuê mặt bằng spa Quận 1 (80-100m2), giá dưới 50 triệu/tháng, hợp đồng dài hạn.","Chuyên viên tư vấn gọi trong 1 - 2 giờ, hỗ trợ phương án tài chính & hẹn nhà mẫu","Dạ em chào anh/chị Bùi Phương Hoa, em bên mảng mặt bằng thương mại. Em nắm được nhu cầu thuê mặt bằng spa 80-100m2 tại Quận 1 dưới 50 triệu. Em đang có sẵn 2 căn vỉa hè rộng, hạ tầng cấp thoát nước hoàn chỉnh. Chiều nay em có thể dẫn anh/chị qua xem trực tiếp được không ạ?"
161,Lê Hồng Dũng,828031952,"Cần mua đất nền vùng ven (Long An, Đồng Nai) để đầu tư dài hạn. Tài chính 2-3 tỷ. Yêu cầu sổ hồng riêng, không dính quy hoạch.",12,14,10,8,8,52,0,52,WARM,☀️ WARM LEAD,"Cần mua đất nền vùng ven (Long An, Đồng Nai) 2-3 tỷ đầu tư dài hạn, yêu cầu sổ hồng riêng.","Chuyên viên tư vấn gọi trong 1 - 2 giờ, hỗ trợ phương án tài chính & hẹn nhà mẫu","Dạ em chào anh/chị Lê Hồng Dũng, em phụ trách đất nền khu Đông & vùng ven. Em có 3 lô đất Long An/Đồng Nai tài chính 2-3 tỷ đã có sổ hồng riêng từng nền, không dính quy hoạch. Em xin phép gửi sổ và trích lục bản đồ địa chính qua Zalo cho anh/chị xem trước nhé ạ."
162,Lê Đức Nam,781585223,"Khách hàng VIP, quan tâm biệt thự đơn lập phân khu cao cấp nhất. Ngân sách trên 30 tỷ, thanh toán thẳng. Yêu cầu vị trí ven sông, hướng Đông Nam. Đã từng mua nhiều dự án của tập đoàn.",30,25,18,15,10,98,50,100,HOT,🔥 HOT LEAD,"VIP Flags: Ngân sách VIP (>= 20 tỷ / Tài chính mạnh), Sản phẩm VIP / Độc bản, Vị trí Đắc địa (Ven sông/Phú Mỹ Hưng), Chân dung VIP (Chủ DN/NĐT gom sỉ). Khách hàng phân khúc cao cấp/tài chính mạnh.",Giao Giám đốc Dự án / Senior Broker gọi ngay trong vòng 5 - 15 phút,"Dạ em chào anh/chị Lê Đức Nam, em là [Tên Sales] phụ trách phân khu Biệt thự ven sông cao cấp nhất. Em được biết anh/chị đã từng sở hữu nhiều sản phẩm của tập đoàn và đang tìm căn biệt thự đơn lập hướng Đông Nam thanh toán thẳng trên 30 tỷ. Em đã chuẩn bị sẵn sơ đồ lô góc vị trí đắc địa nhất, em xin phép mang tài liệu qua gửi anh/chị tham khảo ạ."
163,Nguyễn Đức Lan,830683716,"Chủ doanh nghiệp lớn, cần tìm quỹ đất công nghiệp hoặc sàn văn phòng diện tích trên 2000m2 tại khu Đông. Tài chính cực mạnh, yêu cầu pháp lý chuẩn 100%.",30,25,18,15,10,98,50,100,HOT,🔥 HOT LEAD,"VIP Flags: Ngân sách VIP (>= 20 tỷ / Tài chính mạnh), Sản phẩm VIP / Độc bản, Chân dung VIP (Chủ DN/NĐT gom sỉ), Minh bạch / Muốn gặp CĐT. Khách hàng phân khúc cao cấp/tài chính mạnh.",Giao Giám đốc Dự án / Senior Broker gọi ngay trong vòng 5 - 15 phút,"Dạ em chào anh/chị Nguyễn Đức Lan, em phụ trách BĐS Thương mại & Doanh nghiệp. Nhận thông tin doanh nghiệp mình cần quỹ đất/sàn văn phòng >2000m2 chuẩn pháp lý 100% tại Khu Đông, bên em có sẵn 2 quỹ đất sổ đỏ hoàn chỉnh. Chiều nay em xin phép mang trích lục quy hoạch 1/500 qua văn phòng gửi anh/chị ạ."
164,Lê Đức Tuấn,919058941,"Cần mua đất nền vùng ven (Long An, Đồng Nai) để đầu tư dài hạn. Tài chính 2-3 tỷ. Yêu cầu sổ hồng riêng, không dính quy hoạch.",12,14,10,8,8,52,0,52,WARM,☀️ WARM LEAD,"Cần mua đất nền vùng ven (Long An, Đồng Nai) 2-3 tỷ đầu tư dài hạn, yêu cầu sổ hồng riêng.","Chuyên viên tư vấn gọi trong 1 - 2 giờ, hỗ trợ phương án tài chính & hẹn nhà mẫu","Dạ em chào anh/chị Lê Đức Tuấn, em phụ trách đất nền khu Đông & vùng ven. Em có 3 lô đất Long An/Đồng Nai tài chính 2-3 tỷ đã có sổ hồng riêng từng nền, không dính quy hoạch. Em xin phép gửi sổ và trích lục bản đồ địa chính qua Zalo cho anh/chị xem trước nhé ạ."
165,Dương Anh Tâm,726798824,"Tìm nhà phố liền kề khu vực nội thành, ưu tiên gần trường học và bệnh viện. Ngân sách 8-10 tỷ. Đang cân nhắc giữa 2 dự án, cần tư vấn thêm về chính sách chiết khấu.",22,18,14,8,8,70,0,70,WARM,☀️ WARM LEAD,"Tìm nhà phố 8-10 tỷ gần trường học, đang so sánh 2 dự án, quan tâm chính sách chiết khấu.","Chuyên viên tư vấn gọi trong 1 - 2 giờ, hỗ trợ phương án tài chính & hẹn nhà mẫu","Dạ em chào anh/chị Dương Anh Tâm, biết anh/chị đang cân nhắc nhà phố nội thành gần trường học tài chính 8-10 tỷ. Em đã làm bảng so sánh chi tiết ưu thế và chính sách chiết khấu thanh toán sớm 8% bên em so với dự án anh/chị đang xem. Em xin phép gửi qua Zalo để anh/chị tham khảo nhé ạ."
166,Bùi Hoàng Tuấn,727155477,"Số điện thoại hay bị thuê bao, gọi nhiều lần không bắt máy. Nhắn tin Zalo không phản hồi.",0,0,0,0,0,0,-50,0,COLD,❄️ COLD LEAD,Lý do loại: Không liên lạc được (Thuê bao/Không rep),Chặn số / Đưa vào Blacklist / Drip Marketing tự động,Không thực hiện gọi trực tiếp. Chuyển vào hệ thống chăm sóc tự động định kỳ.
167,Phan Hoàng Dũng,316471741,"Hỏi giá cho vui, chưa có ý định mua trong năm nay. Ngân sách rất thấp so với mặt bằng chung (đòi mua nhà Q1 giá 1 tỷ).",0,0,0,0,0,0,-50,0,COLD,❄️ COLD LEAD,"Lý do loại: Yêu cầu phi thực tế (Giá vô lý), Khách không thiện chí (Hỏi cho vui)",Chặn số / Đưa vào Blacklist / Drip Marketing tự động,Không thực hiện gọi trực tiếp. Chuyển vào hệ thống chăm sóc tự động định kỳ.
168,Ngô Đức Anh,751658497,"Spam, gọi điện đến chỉ để quảng cáo ngược lại dịch vụ bảo hiểm.",0,0,0,0,0,0,-50,0,COLD,❄️ COLD LEAD,Lý do loại: Spam / Mời chào dịch vụ khác,Chặn số / Đưa vào Blacklist / Drip Marketing tự động,Không thực hiện gọi trực tiếp. Chuyển vào hệ thống chăm sóc tự động định kỳ.
169,Phan Minh Nam,897015235,"Khách hàng tìm mua Penthouse diện tích lớn, yêu cầu có hồ bơi riêng và thang máy riêng. Ngân sách không thành vấn đề, quan trọng là đẳng cấp và sự riêng tư.",30,25,18,15,10,98,50,100,HOT,🔥 HOT LEAD,"VIP Flags: Ngân sách VIP (>= 20 tỷ / Tài chính mạnh), Sản phẩm VIP / Độc bản. Khách hàng phân khúc cao cấp/tài chính mạnh.",Giao Giám đốc Dự án / Senior Broker gọi ngay trong vòng 5 - 15 phút,"Dạ em chào anh/chị Phan Minh Nam, em là [Tên Sales] phụ trách giỏ hàng Penthouse độc bản tại [Dự án]. Nhận được yêu cầu tìm căn Penthouse diện tích lớn có hồ bơi và thang máy riêng của mình, bên em vừa ra mắt 2 căn phiên bản giới hạn có view panorama trực diện sông. Em xin phép kết bạn Zalo gửi trọn bộ Private Deck và video flycam trực tiếp cho anh/chị xem trước ạ."
170,Phan Minh Dũng,733044620,"Cần mua đất nền vùng ven (Long An, Đồng Nai) để đầu tư dài hạn. Tài chính 2-3 tỷ. Yêu cầu sổ hồng riêng, không dính quy hoạch.",12,14,10,8,8,52,0,52,WARM,☀️ WARM LEAD,"Cần mua đất nền vùng ven (Long An, Đồng Nai) 2-3 tỷ đầu tư dài hạn, yêu cầu sổ hồng riêng.","Chuyên viên tư vấn gọi trong 1 - 2 giờ, hỗ trợ phương án tài chính & hẹn nhà mẫu","Dạ em chào anh/chị Phan Minh Dũng, em phụ trách đất nền khu Đông & vùng ven. Em có 3 lô đất Long An/Đồng Nai tài chính 2-3 tỷ đã có sổ hồng riêng từng nền, không dính quy hoạch. Em xin phép gửi sổ và trích lục bản đồ địa chính qua Zalo cho anh/chị xem trước nhé ạ."
171,Ngô Hồng Mai,761407656,"Số điện thoại hay bị thuê bao, gọi nhiều lần không bắt máy. Nhắn tin Zalo không phản hồi.",0,0,0,0,0,0,-50,0,COLD,❄️ COLD LEAD,Lý do loại: Không liên lạc được (Thuê bao/Không rep),Chặn số / Đưa vào Blacklist / Drip Marketing tự động,Không thực hiện gọi trực tiếp. Chuyển vào hệ thống chăm sóc tự động định kỳ.
172,Trần Văn Linh,763727013,"Hỏi giá cho vui, chưa có ý định mua trong năm nay. Ngân sách rất thấp so với mặt bằng chung (đòi mua nhà Q1 giá 1 tỷ).",0,0,0,0,0,0,-50,0,COLD,❄️ COLD LEAD,"Lý do loại: Yêu cầu phi thực tế (Giá vô lý), Khách không thiện chí (Hỏi cho vui)",Chặn số / Đưa vào Blacklist / Drip Marketing tự động,Không thực hiện gọi trực tiếp. Chuyển vào hệ thống chăm sóc tự động định kỳ.
173,Nguyễn Ngọc Tâm,763588119,"Tìm nhà phố liền kề khu vực nội thành, ưu tiên gần trường học và bệnh viện. Ngân sách 8-10 tỷ. Đang cân nhắc giữa 2 dự án, cần tư vấn thêm về chính sách chiết khấu.",22,18,14,8,8,70,0,70,WARM,☀️ WARM LEAD,"Tìm nhà phố 8-10 tỷ gần trường học, đang so sánh 2 dự án, quan tâm chính sách chiết khấu.","Chuyên viên tư vấn gọi trong 1 - 2 giờ, hỗ trợ phương án tài chính & hẹn nhà mẫu","Dạ em chào anh/chị Nguyễn Ngọc Tâm, biết anh/chị đang cân nhắc nhà phố nội thành gần trường học tài chính 8-10 tỷ. Em đã làm bảng so sánh chi tiết ưu thế và chính sách chiết khấu thanh toán sớm 8% bên em so với dự án anh/chị đang xem. Em xin phép gửi qua Zalo để anh/chị tham khảo nhé ạ."
174,Đặng Thị Nam,393564888,"Đang tìm thuê mặt bằng kinh doanh spa tại Quận 1, diện tích khoảng 80-100m2. Giá thuê mong muốn dưới 50 triệu/tháng. Cần ký hợp đồng dài hạn.",14,16,14,8,6,58,0,58,WARM,☀️ WARM LEAD,"Tìm thuê mặt bằng spa Quận 1 (80-100m2), giá dưới 50 triệu/tháng, hợp đồng dài hạn.","Chuyên viên tư vấn gọi trong 1 - 2 giờ, hỗ trợ phương án tài chính & hẹn nhà mẫu","Dạ em chào anh/chị Đặng Thị Nam, em bên mảng mặt bằng thương mại. Em nắm được nhu cầu thuê mặt bằng spa 80-100m2 tại Quận 1 dưới 50 triệu. Em đang có sẵn 2 căn vỉa hè rộng, hạ tầng cấp thoát nước hoàn chỉnh. Chiều nay em có thể dẫn anh/chị qua xem trực tiếp được không ạ?"
175,Dương Phương Linh,961601646,"Quan tâm căn hộ 2PN tại Quận 7 cho gia đình trẻ. Tài chính khoảng 4-5 tỷ, cần hỗ trợ vay ngân hàng 70%. Muốn đi xem nhà mẫu vào cuối tuần này.",16,16,18,8,8,66,0,66,WARM,☀️ WARM LEAD,"Gia đình trẻ, quan tâm căn 2PN Q7 (4-5 tỷ), cần hỗ trợ vay 70%, muốn đi xem nhà mẫu cuối tuần.","Chuyên viên tư vấn gọi trong 1 - 2 giờ, hỗ trợ phương án tài chính & hẹn nhà mẫu","Dạ em chào anh/chị Dương Phương Linh, em là [Tên Sales] dự án căn hộ Quận 7. Em thấy gia đình mình quan tâm căn 2PN tài chính 4-5 tỷ và cần gói vay 70%. Em đã lập sẵn bảng tính dòng tiền miễn lãi 2 năm đầu. Thứ Bảy này bên em có xe đưa đón tham quan nhà mẫu, em xin phép đăng ký lịch cho gia đình mình nhé ạ?"
176,Lê Hoàng Cường,973417555,"Cần mua đất nền vùng ven (Long An, Đồng Nai) để đầu tư dài hạn. Tài chính 2-3 tỷ. Yêu cầu sổ hồng riêng, không dính quy hoạch.",12,14,10,8,8,52,0,52,WARM,☀️ WARM LEAD,"Cần mua đất nền vùng ven (Long An, Đồng Nai) 2-3 tỷ đầu tư dài hạn, yêu cầu sổ hồng riêng.","Chuyên viên tư vấn gọi trong 1 - 2 giờ, hỗ trợ phương án tài chính & hẹn nhà mẫu","Dạ em chào anh/chị Lê Hoàng Cường, em phụ trách đất nền khu Đông & vùng ven. Em có 3 lô đất Long An/Đồng Nai tài chính 2-3 tỷ đã có sổ hồng riêng từng nền, không dính quy hoạch. Em xin phép gửi sổ và trích lục bản đồ địa chính qua Zalo cho anh/chị xem trước nhé ạ."
177,Bùi Thị Mai,818378338,"Tìm nhà phố liền kề khu vực nội thành, ưu tiên gần trường học và bệnh viện. Ngân sách 8-10 tỷ. Đang cân nhắc giữa 2 dự án, cần tư vấn thêm về chính sách chiết khấu.",22,18,14,8,8,70,0,70,WARM,☀️ WARM LEAD,"Tìm nhà phố 8-10 tỷ gần trường học, đang so sánh 2 dự án, quan tâm chính sách chiết khấu.","Chuyên viên tư vấn gọi trong 1 - 2 giờ, hỗ trợ phương án tài chính & hẹn nhà mẫu","Dạ em chào anh/chị Bùi Thị Mai, biết anh/chị đang cân nhắc nhà phố nội thành gần trường học tài chính 8-10 tỷ. Em đã làm bảng so sánh chi tiết ưu thế và chính sách chiết khấu thanh toán sớm 8% bên em so với dự án anh/chị đang xem. Em xin phép gửi qua Zalo để anh/chị tham khảo nhé ạ."
178,Lý Phương Hùng,783043658,"Spam, gọi điện đến chỉ để quảng cáo ngược lại dịch vụ bảo hiểm.",0,0,0,0,0,0,-50,0,COLD,❄️ COLD LEAD,Lý do loại: Spam / Mời chào dịch vụ khác,Chặn số / Đưa vào Blacklist / Drip Marketing tự động,Không thực hiện gọi trực tiếp. Chuyển vào hệ thống chăm sóc tự động định kỳ.
179,Ngô Ngọc Cường,999094386,"Đang tìm thuê mặt bằng kinh doanh spa tại Quận 1, diện tích khoảng 80-100m2. Giá thuê mong muốn dưới 50 triệu/tháng. Cần ký hợp đồng dài hạn.",14,16,14,8,6,58,0,58,WARM,☀️ WARM LEAD,"Tìm thuê mặt bằng spa Quận 1 (80-100m2), giá dưới 50 triệu/tháng, hợp đồng dài hạn.","Chuyên viên tư vấn gọi trong 1 - 2 giờ, hỗ trợ phương án tài chính & hẹn nhà mẫu","Dạ em chào anh/chị Ngô Ngọc Cường, em bên mảng mặt bằng thương mại. Em nắm được nhu cầu thuê mặt bằng spa 80-100m2 tại Quận 1 dưới 50 triệu. Em đang có sẵn 2 căn vỉa hè rộng, hạ tầng cấp thoát nước hoàn chỉnh. Chiều nay em có thể dẫn anh/chị qua xem trực tiếp được không ạ?"
180,Phan Đức Hùng,797897022,"Quan tâm căn hộ 2PN tại Quận 7 cho gia đình trẻ. Tài chính khoảng 4-5 tỷ, cần hỗ trợ vay ngân hàng 70%. Muốn đi xem nhà mẫu vào cuối tuần này.",16,16,18,8,8,66,0,66,WARM,☀️ WARM LEAD,"Gia đình trẻ, quan tâm căn 2PN Q7 (4-5 tỷ), cần hỗ trợ vay 70%, muốn đi xem nhà mẫu cuối tuần.","Chuyên viên tư vấn gọi trong 1 - 2 giờ, hỗ trợ phương án tài chính & hẹn nhà mẫu","Dạ em chào anh/chị Phan Đức Hùng, em là [Tên Sales] dự án căn hộ Quận 7. Em thấy gia đình mình quan tâm căn 2PN tài chính 4-5 tỷ và cần gói vay 70%. Em đã lập sẵn bảng tính dòng tiền miễn lãi 2 năm đầu. Thứ Bảy này bên em có xe đưa đón tham quan nhà mẫu, em xin phép đăng ký lịch cho gia đình mình nhé ạ?"
181,Bùi Ngọc Mai,747421353,"Tìm nhà thuê nguyên căn giá 2 triệu ở trung tâm thành phố. Yêu cầu phi thực tế, thái độ không hợp tác khi tư vấn.",0,0,0,0,0,0,-50,0,COLD,❄️ COLD LEAD,"Lý do loại: Yêu cầu phi thực tế (Giá vô lý), Khách không thiện chí (Hỏi cho vui)",Chặn số / Đưa vào Blacklist / Drip Marketing tự động,Không thực hiện gọi trực tiếp. Chuyển vào hệ thống chăm sóc tự động định kỳ.
182,Phạm Anh Nam,876428882,"Tìm nhà phố liền kề khu vực nội thành, ưu tiên gần trường học và bệnh viện. Ngân sách 8-10 tỷ. Đang cân nhắc giữa 2 dự án, cần tư vấn thêm về chính sách chiết khấu.",22,18,14,8,8,70,0,70,WARM,☀️ WARM LEAD,"Tìm nhà phố 8-10 tỷ gần trường học, đang so sánh 2 dự án, quan tâm chính sách chiết khấu.","Chuyên viên tư vấn gọi trong 1 - 2 giờ, hỗ trợ phương án tài chính & hẹn nhà mẫu","Dạ em chào anh/chị Phạm Anh Nam, biết anh/chị đang cân nhắc nhà phố nội thành gần trường học tài chính 8-10 tỷ. Em đã làm bảng so sánh chi tiết ưu thế và chính sách chiết khấu thanh toán sớm 8% bên em so với dự án anh/chị đang xem. Em xin phép gửi qua Zalo để anh/chị tham khảo nhé ạ."
183,Phan Ngọc Lan,970938970,"Tìm nhà phố liền kề khu vực nội thành, ưu tiên gần trường học và bệnh viện. Ngân sách 8-10 tỷ. Đang cân nhắc giữa 2 dự án, cần tư vấn thêm về chính sách chiết khấu.",22,18,14,8,8,70,0,70,WARM,☀️ WARM LEAD,"Tìm nhà phố 8-10 tỷ gần trường học, đang so sánh 2 dự án, quan tâm chính sách chiết khấu.","Chuyên viên tư vấn gọi trong 1 - 2 giờ, hỗ trợ phương án tài chính & hẹn nhà mẫu","Dạ em chào anh/chị Phan Ngọc Lan, biết anh/chị đang cân nhắc nhà phố nội thành gần trường học tài chính 8-10 tỷ. Em đã làm bảng so sánh chi tiết ưu thế và chính sách chiết khấu thanh toán sớm 8% bên em so với dự án anh/chị đang xem. Em xin phép gửi qua Zalo để anh/chị tham khảo nhé ạ."
184,Trần Hoàng Mai,875991848,"Chủ doanh nghiệp lớn, cần tìm quỹ đất công nghiệp hoặc sàn văn phòng diện tích trên 2000m2 tại khu Đông. Tài chính cực mạnh, yêu cầu pháp lý chuẩn 100%.",30,25,18,15,10,98,50,100,HOT,🔥 HOT LEAD,"VIP Flags: Ngân sách VIP (>= 20 tỷ / Tài chính mạnh), Sản phẩm VIP / Độc bản, Chân dung VIP (Chủ DN/NĐT gom sỉ), Minh bạch / Muốn gặp CĐT. Khách hàng phân khúc cao cấp/tài chính mạnh.",Giao Giám đốc Dự án / Senior Broker gọi ngay trong vòng 5 - 15 phút,"Dạ em chào anh/chị Trần Hoàng Mai, em phụ trách BĐS Thương mại & Doanh nghiệp. Nhận thông tin doanh nghiệp mình cần quỹ đất/sàn văn phòng >2000m2 chuẩn pháp lý 100% tại Khu Đông, bên em có sẵn 2 quỹ đất sổ đỏ hoàn chỉnh. Chiều nay em xin phép mang trích lục quy hoạch 1/500 qua văn phòng gửi anh/chị ạ."
185,Lê Phương Mai,311258319,"Tìm nhà phố liền kề khu vực nội thành, ưu tiên gần trường học và bệnh viện. Ngân sách 8-10 tỷ. Đang cân nhắc giữa 2 dự án, cần tư vấn thêm về chính sách chiết khấu.",22,18,14,8,8,70,0,70,WARM,☀️ WARM LEAD,"Tìm nhà phố 8-10 tỷ gần trường học, đang so sánh 2 dự án, quan tâm chính sách chiết khấu.","Chuyên viên tư vấn gọi trong 1 - 2 giờ, hỗ trợ phương án tài chính & hẹn nhà mẫu","Dạ em chào anh/chị Lê Phương Mai, biết anh/chị đang cân nhắc nhà phố nội thành gần trường học tài chính 8-10 tỷ. Em đã làm bảng so sánh chi tiết ưu thế và chính sách chiết khấu thanh toán sớm 8% bên em so với dự án anh/chị đang xem. Em xin phép gửi qua Zalo để anh/chị tham khảo nhé ạ."
186,Hồ Phương Lan,734806313,"Quan tâm căn hộ 2PN tại Quận 7 cho gia đình trẻ. Tài chính khoảng 4-5 tỷ, cần hỗ trợ vay ngân hàng 70%. Muốn đi xem nhà mẫu vào cuối tuần này.",16,16,18,8,8,66,0,66,WARM,☀️ WARM LEAD,"Gia đình trẻ, quan tâm căn 2PN Q7 (4-5 tỷ), cần hỗ trợ vay 70%, muốn đi xem nhà mẫu cuối tuần.","Chuyên viên tư vấn gọi trong 1 - 2 giờ, hỗ trợ phương án tài chính & hẹn nhà mẫu","Dạ em chào anh/chị Hồ Phương Lan, em là [Tên Sales] dự án căn hộ Quận 7. Em thấy gia đình mình quan tâm căn 2PN tài chính 4-5 tỷ và cần gói vay 70%. Em đã lập sẵn bảng tính dòng tiền miễn lãi 2 năm đầu. Thứ Bảy này bên em có xe đưa đón tham quan nhà mẫu, em xin phép đăng ký lịch cho gia đình mình nhé ạ?"
187,Dương Phương Hùng,743335749,"Tìm nhà thuê nguyên căn giá 2 triệu ở trung tâm thành phố. Yêu cầu phi thực tế, thái độ không hợp tác khi tư vấn.",0,0,0,0,0,0,-50,0,COLD,❄️ COLD LEAD,"Lý do loại: Yêu cầu phi thực tế (Giá vô lý), Khách không thiện chí (Hỏi cho vui)",Chặn số / Đưa vào Blacklist / Drip Marketing tự động,Không thực hiện gọi trực tiếp. Chuyển vào hệ thống chăm sóc tự động định kỳ.
188,Ngô Minh Lan,326583410,"Tìm nhà phố liền kề khu vực nội thành, ưu tiên gần trường học và bệnh viện. Ngân sách 8-10 tỷ. Đang cân nhắc giữa 2 dự án, cần tư vấn thêm về chính sách chiết khấu.",22,18,14,8,8,70,0,70,WARM,☀️ WARM LEAD,"Tìm nhà phố 8-10 tỷ gần trường học, đang so sánh 2 dự án, quan tâm chính sách chiết khấu.","Chuyên viên tư vấn gọi trong 1 - 2 giờ, hỗ trợ phương án tài chính & hẹn nhà mẫu","Dạ em chào anh/chị Ngô Minh Lan, biết anh/chị đang cân nhắc nhà phố nội thành gần trường học tài chính 8-10 tỷ. Em đã làm bảng so sánh chi tiết ưu thế và chính sách chiết khấu thanh toán sớm 8% bên em so với dự án anh/chị đang xem. Em xin phép gửi qua Zalo để anh/chị tham khảo nhé ạ."
189,Phạm Đức Anh,877263628,"Spam, gọi điện đến chỉ để quảng cáo ngược lại dịch vụ bảo hiểm.",0,0,0,0,0,0,-50,0,COLD,❄️ COLD LEAD,Lý do loại: Spam / Mời chào dịch vụ khác,Chặn số / Đưa vào Blacklist / Drip Marketing tự động,Không thực hiện gọi trực tiếp. Chuyển vào hệ thống chăm sóc tự động định kỳ.
190,Lý Văn Tâm,328608233,"Quan tâm căn hộ 2PN tại Quận 7 cho gia đình trẻ. Tài chính khoảng 4-5 tỷ, cần hỗ trợ vay ngân hàng 70%. Muốn đi xem nhà mẫu vào cuối tuần này.",16,16,18,8,8,66,0,66,WARM,☀️ WARM LEAD,"Gia đình trẻ, quan tâm căn 2PN Q7 (4-5 tỷ), cần hỗ trợ vay 70%, muốn đi xem nhà mẫu cuối tuần.","Chuyên viên tư vấn gọi trong 1 - 2 giờ, hỗ trợ phương án tài chính & hẹn nhà mẫu","Dạ em chào anh/chị Lý Văn Tâm, em là [Tên Sales] dự án căn hộ Quận 7. Em thấy gia đình mình quan tâm căn 2PN tài chính 4-5 tỷ và cần gói vay 70%. Em đã lập sẵn bảng tính dòng tiền miễn lãi 2 năm đầu. Thứ Bảy này bên em có xe đưa đón tham quan nhà mẫu, em xin phép đăng ký lịch cho gia đình mình nhé ạ?"
191,Hồ Bảo Trang,910302088,"Số điện thoại hay bị thuê bao, gọi nhiều lần không bắt máy. Nhắn tin Zalo không phản hồi.",0,0,0,0,0,0,-50,0,COLD,❄️ COLD LEAD,Lý do loại: Không liên lạc được (Thuê bao/Không rep),Chặn số / Đưa vào Blacklist / Drip Marketing tự động,Không thực hiện gọi trực tiếp. Chuyển vào hệ thống chăm sóc tự động định kỳ.
192,Bùi Anh Nam,367065587,"Tìm nhà phố liền kề khu vực nội thành, ưu tiên gần trường học và bệnh viện. Ngân sách 8-10 tỷ. Đang cân nhắc giữa 2 dự án, cần tư vấn thêm về chính sách chiết khấu.",22,18,14,8,8,70,0,70,WARM,☀️ WARM LEAD,"Tìm nhà phố 8-10 tỷ gần trường học, đang so sánh 2 dự án, quan tâm chính sách chiết khấu.","Chuyên viên tư vấn gọi trong 1 - 2 giờ, hỗ trợ phương án tài chính & hẹn nhà mẫu","Dạ em chào anh/chị Bùi Anh Nam, biết anh/chị đang cân nhắc nhà phố nội thành gần trường học tài chính 8-10 tỷ. Em đã làm bảng so sánh chi tiết ưu thế và chính sách chiết khấu thanh toán sớm 8% bên em so với dự án anh/chị đang xem. Em xin phép gửi qua Zalo để anh/chị tham khảo nhé ạ."
193,Trần Minh Hoa,958951060,"Quan tâm căn hộ 2PN tại Quận 7 cho gia đình trẻ. Tài chính khoảng 4-5 tỷ, cần hỗ trợ vay ngân hàng 70%. Muốn đi xem nhà mẫu vào cuối tuần này.",16,16,18,8,8,66,0,66,WARM,☀️ WARM LEAD,"Gia đình trẻ, quan tâm căn 2PN Q7 (4-5 tỷ), cần hỗ trợ vay 70%, muốn đi xem nhà mẫu cuối tuần.","Chuyên viên tư vấn gọi trong 1 - 2 giờ, hỗ trợ phương án tài chính & hẹn nhà mẫu","Dạ em chào anh/chị Trần Minh Hoa, em là [Tên Sales] dự án căn hộ Quận 7. Em thấy gia đình mình quan tâm căn 2PN tài chính 4-5 tỷ và cần gói vay 70%. Em đã lập sẵn bảng tính dòng tiền miễn lãi 2 năm đầu. Thứ Bảy này bên em có xe đưa đón tham quan nhà mẫu, em xin phép đăng ký lịch cho gia đình mình nhé ạ?"
194,Bùi Phương Anh,892663144,"Đang tìm thuê mặt bằng kinh doanh spa tại Quận 1, diện tích khoảng 80-100m2. Giá thuê mong muốn dưới 50 triệu/tháng. Cần ký hợp đồng dài hạn.",14,16,14,8,6,58,0,58,WARM,☀️ WARM LEAD,"Tìm thuê mặt bằng spa Quận 1 (80-100m2), giá dưới 50 triệu/tháng, hợp đồng dài hạn.","Chuyên viên tư vấn gọi trong 1 - 2 giờ, hỗ trợ phương án tài chính & hẹn nhà mẫu","Dạ em chào anh/chị Bùi Phương Anh, em bên mảng mặt bằng thương mại. Em nắm được nhu cầu thuê mặt bằng spa 80-100m2 tại Quận 1 dưới 50 triệu. Em đang có sẵn 2 căn vỉa hè rộng, hạ tầng cấp thoát nước hoàn chỉnh. Chiều nay em có thể dẫn anh/chị qua xem trực tiếp được không ạ?"
195,Lý Văn Mai,740859064,"Spam, gọi điện đến chỉ để quảng cáo ngược lại dịch vụ bảo hiểm.",0,0,0,0,0,0,-50,0,COLD,❄️ COLD LEAD,Lý do loại: Spam / Mời chào dịch vụ khác,Chặn số / Đưa vào Blacklist / Drip Marketing tự động,Không thực hiện gọi trực tiếp. Chuyển vào hệ thống chăm sóc tự động định kỳ.
196,Phạm Phương Tuấn,953559078,"Quan tâm căn hộ 2PN tại Quận 7 cho gia đình trẻ. Tài chính khoảng 4-5 tỷ, cần hỗ trợ vay ngân hàng 70%. Muốn đi xem nhà mẫu vào cuối tuần này.",16,16,18,8,8,66,0,66,WARM,☀️ WARM LEAD,"Gia đình trẻ, quan tâm căn 2PN Q7 (4-5 tỷ), cần hỗ trợ vay 70%, muốn đi xem nhà mẫu cuối tuần.","Chuyên viên tư vấn gọi trong 1 - 2 giờ, hỗ trợ phương án tài chính & hẹn nhà mẫu","Dạ em chào anh/chị Phạm Phương Tuấn, em là [Tên Sales] dự án căn hộ Quận 7. Em thấy gia đình mình quan tâm căn 2PN tài chính 4-5 tỷ và cần gói vay 70%. Em đã lập sẵn bảng tính dòng tiền miễn lãi 2 năm đầu. Thứ Bảy này bên em có xe đưa đón tham quan nhà mẫu, em xin phép đăng ký lịch cho gia đình mình nhé ạ?"
197,Phạm Ngọc Hùng,733219530,"Hỏi giá cho vui, chưa có ý định mua trong năm nay. Ngân sách rất thấp so với mặt bằng chung (đòi mua nhà Q1 giá 1 tỷ).",0,0,0,0,0,0,-50,0,COLD,❄️ COLD LEAD,"Lý do loại: Yêu cầu phi thực tế (Giá vô lý), Khách không thiện chí (Hỏi cho vui)",Chặn số / Đưa vào Blacklist / Drip Marketing tự động,Không thực hiện gọi trực tiếp. Chuyển vào hệ thống chăm sóc tự động định kỳ.
198,Lê Ngọc Anh,793087588,"Số điện thoại hay bị thuê bao, gọi nhiều lần không bắt máy. Nhắn tin Zalo không phản hồi.",0,0,0,0,0,0,-50,0,COLD,❄️ COLD LEAD,Lý do loại: Không liên lạc được (Thuê bao/Không rep),Chặn số / Đưa vào Blacklist / Drip Marketing tự động,Không thực hiện gọi trực tiếp. Chuyển vào hệ thống chăm sóc tự động định kỳ.
199,Vũ Phương Hùng,936930599,"Tìm nhà thuê nguyên căn giá 2 triệu ở trung tâm thành phố. Yêu cầu phi thực tế, thái độ không hợp tác khi tư vấn.",0,0,0,0,0,0,-50,0,COLD,❄️ COLD LEAD,"Lý do loại: Yêu cầu phi thực tế (Giá vô lý), Khách không thiện chí (Hỏi cho vui)",Chặn số / Đưa vào Blacklist / Drip Marketing tự động,Không thực hiện gọi trực tiếp. Chuyển vào hệ thống chăm sóc tự động định kỳ.
200,Đỗ Hoàng Dũng,994057142,"Cần mua đất nền vùng ven (Long An, Đồng Nai) để đầu tư dài hạn. Tài chính 2-3 tỷ. Yêu cầu sổ hồng riêng, không dính quy hoạch.",12,14,10,8,8,52,0,52,WARM,☀️ WARM LEAD,"Cần mua đất nền vùng ven (Long An, Đồng Nai) 2-3 tỷ đầu tư dài hạn, yêu cầu sổ hồng riêng.","Chuyên viên tư vấn gọi trong 1 - 2 giờ, hỗ trợ phương án tài chính & hẹn nhà mẫu","Dạ em chào anh/chị Đỗ Hoàng Dũng, em phụ trách đất nền khu Đông & vùng ven. Em có 3 lô đất Long An/Đồng Nai tài chính 2-3 tỷ đã có sổ hồng riêng từng nền, không dính quy hoạch. Em xin phép gửi sổ và trích lục bản đồ địa chính qua Zalo cho anh/chị xem trước nhé ạ."
201,Đặng Hoàng Mai,910347825,"Tìm nhà phố liền kề khu vực nội thành, ưu tiên gần trường học và bệnh viện. Ngân sách 8-10 tỷ. Đang cân nhắc giữa 2 dự án, cần tư vấn thêm về chính sách chiết khấu.",22,18,14,8,8,70,0,70,WARM,☀️ WARM LEAD,"Tìm nhà phố 8-10 tỷ gần trường học, đang so sánh 2 dự án, quan tâm chính sách chiết khấu.","Chuyên viên tư vấn gọi trong 1 - 2 giờ, hỗ trợ phương án tài chính & hẹn nhà mẫu","Dạ em chào anh/chị Đặng Hoàng Mai, biết anh/chị đang cân nhắc nhà phố nội thành gần trường học tài chính 8-10 tỷ. Em đã làm bảng so sánh chi tiết ưu thế và chính sách chiết khấu thanh toán sớm 8% bên em so với dự án anh/chị đang xem. Em xin phép gửi qua Zalo để anh/chị tham khảo nhé ạ."
202,Đặng Anh Cường,372034835,"Tìm nhà thuê nguyên căn giá 2 triệu ở trung tâm thành phố. Yêu cầu phi thực tế, thái độ không hợp tác khi tư vấn.",0,0,0,0,0,0,-50,0,COLD,❄️ COLD LEAD,"Lý do loại: Yêu cầu phi thực tế (Giá vô lý), Khách không thiện chí (Hỏi cho vui)",Chặn số / Đưa vào Blacklist / Drip Marketing tự động,Không thực hiện gọi trực tiếp. Chuyển vào hệ thống chăm sóc tự động định kỳ.
203,Bùi Thị Sơn,849490465,"Hỏi giá cho vui, chưa có ý định mua trong năm nay. Ngân sách rất thấp so với mặt bằng chung (đòi mua nhà Q1 giá 1 tỷ).",0,0,0,0,0,0,-50,0,COLD,❄️ COLD LEAD,"Lý do loại: Yêu cầu phi thực tế (Giá vô lý), Khách không thiện chí (Hỏi cho vui)",Chặn số / Đưa vào Blacklist / Drip Marketing tự động,Không thực hiện gọi trực tiếp. Chuyển vào hệ thống chăm sóc tự động định kỳ.
204,Phạm Anh Lan,351305304,"Spam, gọi điện đến chỉ để quảng cáo ngược lại dịch vụ bảo hiểm.",0,0,0,0,0,0,-50,0,COLD,❄️ COLD LEAD,Lý do loại: Spam / Mời chào dịch vụ khác,Chặn số / Đưa vào Blacklist / Drip Marketing tự động,Không thực hiện gọi trực tiếp. Chuyển vào hệ thống chăm sóc tự động định kỳ.
205,Vũ Minh Quân,981101781,"Đang tìm thuê mặt bằng kinh doanh spa tại Quận 1, diện tích khoảng 80-100m2. Giá thuê mong muốn dưới 50 triệu/tháng. Cần ký hợp đồng dài hạn.",14,16,14,8,6,58,0,58,WARM,☀️ WARM LEAD,"Tìm thuê mặt bằng spa Quận 1 (80-100m2), giá dưới 50 triệu/tháng, hợp đồng dài hạn.","Chuyên viên tư vấn gọi trong 1 - 2 giờ, hỗ trợ phương án tài chính & hẹn nhà mẫu","Dạ em chào anh/chị Vũ Minh Quân, em bên mảng mặt bằng thương mại. Em nắm được nhu cầu thuê mặt bằng spa 80-100m2 tại Quận 1 dưới 50 triệu. Em đang có sẵn 2 căn vỉa hè rộng, hạ tầng cấp thoát nước hoàn chỉnh. Chiều nay em có thể dẫn anh/chị qua xem trực tiếp được không ạ?"
206,Phạm Văn Tuấn,821231001,"Tìm nhà phố liền kề khu vực nội thành, ưu tiên gần trường học và bệnh viện. Ngân sách 8-10 tỷ. Đang cân nhắc giữa 2 dự án, cần tư vấn thêm về chính sách chiết khấu.",22,18,14,8,8,70,0,70,WARM,☀️ WARM LEAD,"Tìm nhà phố 8-10 tỷ gần trường học, đang so sánh 2 dự án, quan tâm chính sách chiết khấu.","Chuyên viên tư vấn gọi trong 1 - 2 giờ, hỗ trợ phương án tài chính & hẹn nhà mẫu","Dạ em chào anh/chị Phạm Văn Tuấn, biết anh/chị đang cân nhắc nhà phố nội thành gần trường học tài chính 8-10 tỷ. Em đã làm bảng so sánh chi tiết ưu thế và chính sách chiết khấu thanh toán sớm 8% bên em so với dự án anh/chị đang xem. Em xin phép gửi qua Zalo để anh/chị tham khảo nhé ạ."
207,Đặng Phương Anh,843409931,"Đang tìm thuê mặt bằng kinh doanh spa tại Quận 1, diện tích khoảng 80-100m2. Giá thuê mong muốn dưới 50 triệu/tháng. Cần ký hợp đồng dài hạn.",14,16,14,8,6,58,0,58,WARM,☀️ WARM LEAD,"Tìm thuê mặt bằng spa Quận 1 (80-100m2), giá dưới 50 triệu/tháng, hợp đồng dài hạn.","Chuyên viên tư vấn gọi trong 1 - 2 giờ, hỗ trợ phương án tài chính & hẹn nhà mẫu","Dạ em chào anh/chị Đặng Phương Anh, em bên mảng mặt bằng thương mại. Em nắm được nhu cầu thuê mặt bằng spa 80-100m2 tại Quận 1 dưới 50 triệu. Em đang có sẵn 2 căn vỉa hè rộng, hạ tầng cấp thoát nước hoàn chỉnh. Chiều nay em có thể dẫn anh/chị qua xem trực tiếp được không ạ?"
208,Lê Hoàng Tuấn,910592267,"Cần mua đất nền vùng ven (Long An, Đồng Nai) để đầu tư dài hạn. Tài chính 2-3 tỷ. Yêu cầu sổ hồng riêng, không dính quy hoạch.",12,14,10,8,8,52,0,52,WARM,☀️ WARM LEAD,"Cần mua đất nền vùng ven (Long An, Đồng Nai) 2-3 tỷ đầu tư dài hạn, yêu cầu sổ hồng riêng.","Chuyên viên tư vấn gọi trong 1 - 2 giờ, hỗ trợ phương án tài chính & hẹn nhà mẫu","Dạ em chào anh/chị Lê Hoàng Tuấn, em phụ trách đất nền khu Đông & vùng ven. Em có 3 lô đất Long An/Đồng Nai tài chính 2-3 tỷ đã có sổ hồng riêng từng nền, không dính quy hoạch. Em xin phép gửi sổ và trích lục bản đồ địa chính qua Zalo cho anh/chị xem trước nhé ạ."
209,Đặng Ngọc Tuấn,759640431,"Đang tìm thuê mặt bằng kinh doanh spa tại Quận 1, diện tích khoảng 80-100m2. Giá thuê mong muốn dưới 50 triệu/tháng. Cần ký hợp đồng dài hạn.",14,16,14,8,6,58,0,58,WARM,☀️ WARM LEAD,"Tìm thuê mặt bằng spa Quận 1 (80-100m2), giá dưới 50 triệu/tháng, hợp đồng dài hạn.","Chuyên viên tư vấn gọi trong 1 - 2 giờ, hỗ trợ phương án tài chính & hẹn nhà mẫu","Dạ em chào anh/chị Đặng Ngọc Tuấn, em bên mảng mặt bằng thương mại. Em nắm được nhu cầu thuê mặt bằng spa 80-100m2 tại Quận 1 dưới 50 triệu. Em đang có sẵn 2 căn vỉa hè rộng, hạ tầng cấp thoát nước hoàn chỉnh. Chiều nay em có thể dẫn anh/chị qua xem trực tiếp được không ạ?"
210,Đỗ Hoàng Dũng,713928490,"Đang tìm thuê mặt bằng kinh doanh spa tại Quận 1, diện tích khoảng 80-100m2. Giá thuê mong muốn dưới 50 triệu/tháng. Cần ký hợp đồng dài hạn.",14,16,14,8,6,58,0,58,WARM,☀️ WARM LEAD,"Tìm thuê mặt bằng spa Quận 1 (80-100m2), giá dưới 50 triệu/tháng, hợp đồng dài hạn.","Chuyên viên tư vấn gọi trong 1 - 2 giờ, hỗ trợ phương án tài chính & hẹn nhà mẫu","Dạ em chào anh/chị Đỗ Hoàng Dũng, em bên mảng mặt bằng thương mại. Em nắm được nhu cầu thuê mặt bằng spa 80-100m2 tại Quận 1 dưới 50 triệu. Em đang có sẵn 2 căn vỉa hè rộng, hạ tầng cấp thoát nước hoàn chỉnh. Chiều nay em có thể dẫn anh/chị qua xem trực tiếp được không ạ?"
211,Bùi Phương Quân,811454947,"Đang tìm thuê mặt bằng kinh doanh spa tại Quận 1, diện tích khoảng 80-100m2. Giá thuê mong muốn dưới 50 triệu/tháng. Cần ký hợp đồng dài hạn.",14,16,14,8,6,58,0,58,WARM,☀️ WARM LEAD,"Tìm thuê mặt bằng spa Quận 1 (80-100m2), giá dưới 50 triệu/tháng, hợp đồng dài hạn.","Chuyên viên tư vấn gọi trong 1 - 2 giờ, hỗ trợ phương án tài chính & hẹn nhà mẫu","Dạ em chào anh/chị Bùi Phương Quân, em bên mảng mặt bằng thương mại. Em nắm được nhu cầu thuê mặt bằng spa 80-100m2 tại Quận 1 dưới 50 triệu. Em đang có sẵn 2 căn vỉa hè rộng, hạ tầng cấp thoát nước hoàn chỉnh. Chiều nay em có thể dẫn anh/chị qua xem trực tiếp được không ạ?"
212,Đỗ Bảo Sơn,365533252,"Tìm nhà phố liền kề khu vực nội thành, ưu tiên gần trường học và bệnh viện. Ngân sách 8-10 tỷ. Đang cân nhắc giữa 2 dự án, cần tư vấn thêm về chính sách chiết khấu.",22,18,14,8,8,70,0,70,WARM,☀️ WARM LEAD,"Tìm nhà phố 8-10 tỷ gần trường học, đang so sánh 2 dự án, quan tâm chính sách chiết khấu.","Chuyên viên tư vấn gọi trong 1 - 2 giờ, hỗ trợ phương án tài chính & hẹn nhà mẫu","Dạ em chào anh/chị Đỗ Bảo Sơn, biết anh/chị đang cân nhắc nhà phố nội thành gần trường học tài chính 8-10 tỷ. Em đã làm bảng so sánh chi tiết ưu thế và chính sách chiết khấu thanh toán sớm 8% bên em so với dự án anh/chị đang xem. Em xin phép gửi qua Zalo để anh/chị tham khảo nhé ạ."
213,Hồ Minh Tuấn,361497531,"Số điện thoại hay bị thuê bao, gọi nhiều lần không bắt máy. Nhắn tin Zalo không phản hồi.",0,0,0,0,0,0,-50,0,COLD,❄️ COLD LEAD,Lý do loại: Không liên lạc được (Thuê bao/Không rep),Chặn số / Đưa vào Blacklist / Drip Marketing tự động,Không thực hiện gọi trực tiếp. Chuyển vào hệ thống chăm sóc tự động định kỳ.
214,Đỗ Ngọc Trang,846103153,"Hỏi giá cho vui, chưa có ý định mua trong năm nay. Ngân sách rất thấp so với mặt bằng chung (đòi mua nhà Q1 giá 1 tỷ).",0,0,0,0,0,0,-50,0,COLD,❄️ COLD LEAD,"Lý do loại: Yêu cầu phi thực tế (Giá vô lý), Khách không thiện chí (Hỏi cho vui)",Chặn số / Đưa vào Blacklist / Drip Marketing tự động,Không thực hiện gọi trực tiếp. Chuyển vào hệ thống chăm sóc tự động định kỳ.
215,Đặng Anh Hùng,857264314,"Tìm nhà phố liền kề khu vực nội thành, ưu tiên gần trường học và bệnh viện. Ngân sách 8-10 tỷ. Đang cân nhắc giữa 2 dự án, cần tư vấn thêm về chính sách chiết khấu.",22,18,14,8,8,70,0,70,WARM,☀️ WARM LEAD,"Tìm nhà phố 8-10 tỷ gần trường học, đang so sánh 2 dự án, quan tâm chính sách chiết khấu.","Chuyên viên tư vấn gọi trong 1 - 2 giờ, hỗ trợ phương án tài chính & hẹn nhà mẫu","Dạ em chào anh/chị Đặng Anh Hùng, biết anh/chị đang cân nhắc nhà phố nội thành gần trường học tài chính 8-10 tỷ. Em đã làm bảng so sánh chi tiết ưu thế và chính sách chiết khấu thanh toán sớm 8% bên em so với dự án anh/chị đang xem. Em xin phép gửi qua Zalo để anh/chị tham khảo nhé ạ."
216,Nguyễn Hồng Anh,956505209,"Đang tìm thuê mặt bằng kinh doanh spa tại Quận 1, diện tích khoảng 80-100m2. Giá thuê mong muốn dưới 50 triệu/tháng. Cần ký hợp đồng dài hạn.",14,16,14,8,6,58,0,58,WARM,☀️ WARM LEAD,"Tìm thuê mặt bằng spa Quận 1 (80-100m2), giá dưới 50 triệu/tháng, hợp đồng dài hạn.","Chuyên viên tư vấn gọi trong 1 - 2 giờ, hỗ trợ phương án tài chính & hẹn nhà mẫu","Dạ em chào anh/chị Nguyễn Hồng Anh, em bên mảng mặt bằng thương mại. Em nắm được nhu cầu thuê mặt bằng spa 80-100m2 tại Quận 1 dưới 50 triệu. Em đang có sẵn 2 căn vỉa hè rộng, hạ tầng cấp thoát nước hoàn chỉnh. Chiều nay em có thể dẫn anh/chị qua xem trực tiếp được không ạ?"
217,Đặng Bảo Hùng,345024161,"Tìm nhà thuê nguyên căn giá 2 triệu ở trung tâm thành phố. Yêu cầu phi thực tế, thái độ không hợp tác khi tư vấn.",0,0,0,0,0,0,-50,0,COLD,❄️ COLD LEAD,"Lý do loại: Yêu cầu phi thực tế (Giá vô lý), Khách không thiện chí (Hỏi cho vui)",Chặn số / Đưa vào Blacklist / Drip Marketing tự động,Không thực hiện gọi trực tiếp. Chuyển vào hệ thống chăm sóc tự động định kỳ.
218,Nguyễn Anh Mai,391907368,"Hỏi giá cho vui, chưa có ý định mua trong năm nay. Ngân sách rất thấp so với mặt bằng chung (đòi mua nhà Q1 giá 1 tỷ).",0,0,0,0,0,0,-50,0,COLD,❄️ COLD LEAD,"Lý do loại: Yêu cầu phi thực tế (Giá vô lý), Khách không thiện chí (Hỏi cho vui)",Chặn số / Đưa vào Blacklist / Drip Marketing tự động,Không thực hiện gọi trực tiếp. Chuyển vào hệ thống chăm sóc tự động định kỳ.
219,Phạm Hoàng Nam,913164981,"Tìm nhà phố liền kề khu vực nội thành, ưu tiên gần trường học và bệnh viện. Ngân sách 8-10 tỷ. Đang cân nhắc giữa 2 dự án, cần tư vấn thêm về chính sách chiết khấu.",22,18,14,8,8,70,0,70,WARM,☀️ WARM LEAD,"Tìm nhà phố 8-10 tỷ gần trường học, đang so sánh 2 dự án, quan tâm chính sách chiết khấu.","Chuyên viên tư vấn gọi trong 1 - 2 giờ, hỗ trợ phương án tài chính & hẹn nhà mẫu","Dạ em chào anh/chị Phạm Hoàng Nam, biết anh/chị đang cân nhắc nhà phố nội thành gần trường học tài chính 8-10 tỷ. Em đã làm bảng so sánh chi tiết ưu thế và chính sách chiết khấu thanh toán sớm 8% bên em so với dự án anh/chị đang xem. Em xin phép gửi qua Zalo để anh/chị tham khảo nhé ạ."
220,Phạm Đức Trang,821465676,"Tìm nhà thuê nguyên căn giá 2 triệu ở trung tâm thành phố. Yêu cầu phi thực tế, thái độ không hợp tác khi tư vấn.",0,0,0,0,0,0,-50,0,COLD,❄️ COLD LEAD,"Lý do loại: Yêu cầu phi thực tế (Giá vô lý), Khách không thiện chí (Hỏi cho vui)",Chặn số / Đưa vào Blacklist / Drip Marketing tự động,Không thực hiện gọi trực tiếp. Chuyển vào hệ thống chăm sóc tự động định kỳ.
221,Phan Minh Nam,953000470,"Đang tìm thuê mặt bằng kinh doanh spa tại Quận 1, diện tích khoảng 80-100m2. Giá thuê mong muốn dưới 50 triệu/tháng. Cần ký hợp đồng dài hạn.",14,16,14,8,6,58,0,58,WARM,☀️ WARM LEAD,"Tìm thuê mặt bằng spa Quận 1 (80-100m2), giá dưới 50 triệu/tháng, hợp đồng dài hạn.","Chuyên viên tư vấn gọi trong 1 - 2 giờ, hỗ trợ phương án tài chính & hẹn nhà mẫu","Dạ em chào anh/chị Phan Minh Nam, em bên mảng mặt bằng thương mại. Em nắm được nhu cầu thuê mặt bằng spa 80-100m2 tại Quận 1 dưới 50 triệu. Em đang có sẵn 2 căn vỉa hè rộng, hạ tầng cấp thoát nước hoàn chỉnh. Chiều nay em có thể dẫn anh/chị qua xem trực tiếp được không ạ?"
222,Nguyễn Đức Trang,772323488,"Số điện thoại hay bị thuê bao, gọi nhiều lần không bắt máy. Nhắn tin Zalo không phản hồi.",0,0,0,0,0,0,-50,0,COLD,❄️ COLD LEAD,Lý do loại: Không liên lạc được (Thuê bao/Không rep),Chặn số / Đưa vào Blacklist / Drip Marketing tự động,Không thực hiện gọi trực tiếp. Chuyển vào hệ thống chăm sóc tự động định kỳ.
223,Hồ Hồng Nam,986190454,"Tìm nhà phố liền kề khu vực nội thành, ưu tiên gần trường học và bệnh viện. Ngân sách 8-10 tỷ. Đang cân nhắc giữa 2 dự án, cần tư vấn thêm về chính sách chiết khấu.",22,18,14,8,8,70,0,70,WARM,☀️ WARM LEAD,"Tìm nhà phố 8-10 tỷ gần trường học, đang so sánh 2 dự án, quan tâm chính sách chiết khấu.","Chuyên viên tư vấn gọi trong 1 - 2 giờ, hỗ trợ phương án tài chính & hẹn nhà mẫu","Dạ em chào anh/chị Hồ Hồng Nam, biết anh/chị đang cân nhắc nhà phố nội thành gần trường học tài chính 8-10 tỷ. Em đã làm bảng so sánh chi tiết ưu thế và chính sách chiết khấu thanh toán sớm 8% bên em so với dự án anh/chị đang xem. Em xin phép gửi qua Zalo để anh/chị tham khảo nhé ạ."
224,Phạm Hoàng Sơn,994650488,"Nhà đầu tư chuyên nghiệp, muốn gom sỉ 5-10 căn shophouse mặt đường lớn. Quan tâm đến tỷ suất lợi nhuận và chính sách cam kết thuê lại. Cần gặp trực tiếp giám đốc dự án.",30,25,18,15,10,98,50,100,HOT,🔥 HOT LEAD,"VIP Flags: Sản phẩm VIP / Độc bản, Chân dung VIP (Chủ DN/NĐT gom sỉ), Minh bạch / Muốn gặp CĐT. Khách hàng phân khúc cao cấp/tài chính mạnh.",Giao Giám đốc Dự án / Senior Broker gọi ngay trong vòng 5 - 15 phút,"Dạ em chào anh/chị Phạm Hoàng Sơn, em phụ trách giỏ hàng Đầu tư Shophouse. Giám đốc dự án bên em rất trân trọng mong muốn gom sỉ 5-10 căn của anh/chị và đã chuẩn bị chính sách chiết khấu Volume Discount đặc biệt cùng cam kết thuê lại. Ngày mai anh/chị có tiện ghé văn phòng dự án gặp Giám đốc bên em không ạ?"
225,Lê Bảo Hùng,973045956,"Khách hàng nhầm số, không có nhu cầu về bất động sản. Có vẻ là dữ liệu cũ từ ngành khác trộn vào.",0,0,0,0,0,0,-50,0,COLD,❄️ COLD LEAD,Lý do loại: Nhầm số / Không có nhu cầu BĐS,Chặn số / Đưa vào Blacklist / Drip Marketing tự động,Không thực hiện gọi trực tiếp. Chuyển vào hệ thống chăm sóc tự động định kỳ.
226,Đặng Anh Trang,854005986,"Tìm nhà thuê nguyên căn giá 2 triệu ở trung tâm thành phố. Yêu cầu phi thực tế, thái độ không hợp tác khi tư vấn.",0,0,0,0,0,0,-50,0,COLD,❄️ COLD LEAD,"Lý do loại: Yêu cầu phi thực tế (Giá vô lý), Khách không thiện chí (Hỏi cho vui)",Chặn số / Đưa vào Blacklist / Drip Marketing tự động,Không thực hiện gọi trực tiếp. Chuyển vào hệ thống chăm sóc tự động định kỳ.
227,Hồ Bảo Anh,965013421,"Đang tìm thuê mặt bằng kinh doanh spa tại Quận 1, diện tích khoảng 80-100m2. Giá thuê mong muốn dưới 50 triệu/tháng. Cần ký hợp đồng dài hạn.",14,16,14,8,6,58,0,58,WARM,☀️ WARM LEAD,"Tìm thuê mặt bằng spa Quận 1 (80-100m2), giá dưới 50 triệu/tháng, hợp đồng dài hạn.","Chuyên viên tư vấn gọi trong 1 - 2 giờ, hỗ trợ phương án tài chính & hẹn nhà mẫu","Dạ em chào anh/chị Hồ Bảo Anh, em bên mảng mặt bằng thương mại. Em nắm được nhu cầu thuê mặt bằng spa 80-100m2 tại Quận 1 dưới 50 triệu. Em đang có sẵn 2 căn vỉa hè rộng, hạ tầng cấp thoát nước hoàn chỉnh. Chiều nay em có thể dẫn anh/chị qua xem trực tiếp được không ạ?"
228,Lý Thị Nam,897599674,"Quan tâm căn hộ 2PN tại Quận 7 cho gia đình trẻ. Tài chính khoảng 4-5 tỷ, cần hỗ trợ vay ngân hàng 70%. Muốn đi xem nhà mẫu vào cuối tuần này.",16,16,18,8,8,66,0,66,WARM,☀️ WARM LEAD,"Gia đình trẻ, quan tâm căn 2PN Q7 (4-5 tỷ), cần hỗ trợ vay 70%, muốn đi xem nhà mẫu cuối tuần.","Chuyên viên tư vấn gọi trong 1 - 2 giờ, hỗ trợ phương án tài chính & hẹn nhà mẫu","Dạ em chào anh/chị Lý Thị Nam, em là [Tên Sales] dự án căn hộ Quận 7. Em thấy gia đình mình quan tâm căn 2PN tài chính 4-5 tỷ và cần gói vay 70%. Em đã lập sẵn bảng tính dòng tiền miễn lãi 2 năm đầu. Thứ Bảy này bên em có xe đưa đón tham quan nhà mẫu, em xin phép đăng ký lịch cho gia đình mình nhé ạ?"
229,Vũ Ngọc Anh,711620753,"Tìm nhà phố liền kề khu vực nội thành, ưu tiên gần trường học và bệnh viện. Ngân sách 8-10 tỷ. Đang cân nhắc giữa 2 dự án, cần tư vấn thêm về chính sách chiết khấu.",22,18,14,8,8,70,0,70,WARM,☀️ WARM LEAD,"Tìm nhà phố 8-10 tỷ gần trường học, đang so sánh 2 dự án, quan tâm chính sách chiết khấu.","Chuyên viên tư vấn gọi trong 1 - 2 giờ, hỗ trợ phương án tài chính & hẹn nhà mẫu","Dạ em chào anh/chị Vũ Ngọc Anh, biết anh/chị đang cân nhắc nhà phố nội thành gần trường học tài chính 8-10 tỷ. Em đã làm bảng so sánh chi tiết ưu thế và chính sách chiết khấu thanh toán sớm 8% bên em so với dự án anh/chị đang xem. Em xin phép gửi qua Zalo để anh/chị tham khảo nhé ạ."
230,Nguyễn Văn Sơn,882204547,"Đang tìm thuê mặt bằng kinh doanh spa tại Quận 1, diện tích khoảng 80-100m2. Giá thuê mong muốn dưới 50 triệu/tháng. Cần ký hợp đồng dài hạn.",14,16,14,8,6,58,0,58,WARM,☀️ WARM LEAD,"Tìm thuê mặt bằng spa Quận 1 (80-100m2), giá dưới 50 triệu/tháng, hợp đồng dài hạn.","Chuyên viên tư vấn gọi trong 1 - 2 giờ, hỗ trợ phương án tài chính & hẹn nhà mẫu","Dạ em chào anh/chị Nguyễn Văn Sơn, em bên mảng mặt bằng thương mại. Em nắm được nhu cầu thuê mặt bằng spa 80-100m2 tại Quận 1 dưới 50 triệu. Em đang có sẵn 2 căn vỉa hè rộng, hạ tầng cấp thoát nước hoàn chỉnh. Chiều nay em có thể dẫn anh/chị qua xem trực tiếp được không ạ?"
231,Đỗ Ngọc Tuấn,957701954,"Tìm nhà phố liền kề khu vực nội thành, ưu tiên gần trường học và bệnh viện. Ngân sách 8-10 tỷ. Đang cân nhắc giữa 2 dự án, cần tư vấn thêm về chính sách chiết khấu.",22,18,14,8,8,70,0,70,WARM,☀️ WARM LEAD,"Tìm nhà phố 8-10 tỷ gần trường học, đang so sánh 2 dự án, quan tâm chính sách chiết khấu.","Chuyên viên tư vấn gọi trong 1 - 2 giờ, hỗ trợ phương án tài chính & hẹn nhà mẫu","Dạ em chào anh/chị Đỗ Ngọc Tuấn, biết anh/chị đang cân nhắc nhà phố nội thành gần trường học tài chính 8-10 tỷ. Em đã làm bảng so sánh chi tiết ưu thế và chính sách chiết khấu thanh toán sớm 8% bên em so với dự án anh/chị đang xem. Em xin phép gửi qua Zalo để anh/chị tham khảo nhé ạ."
232,Đặng Phương Trang,886264603,"Khách hàng VIP, quan tâm biệt thự đơn lập phân khu cao cấp nhất. Ngân sách trên 30 tỷ, thanh toán thẳng. Yêu cầu vị trí ven sông, hướng Đông Nam. Đã từng mua nhiều dự án của tập đoàn.",30,25,18,15,10,98,50,100,HOT,🔥 HOT LEAD,"VIP Flags: Ngân sách VIP (>= 20 tỷ / Tài chính mạnh), Sản phẩm VIP / Độc bản, Vị trí Đắc địa (Ven sông/Phú Mỹ Hưng), Chân dung VIP (Chủ DN/NĐT gom sỉ). Khách hàng phân khúc cao cấp/tài chính mạnh.",Giao Giám đốc Dự án / Senior Broker gọi ngay trong vòng 5 - 15 phút,"Dạ em chào anh/chị Đặng Phương Trang, em là [Tên Sales] phụ trách phân khu Biệt thự ven sông cao cấp nhất. Em được biết anh/chị đã từng sở hữu nhiều sản phẩm của tập đoàn và đang tìm căn biệt thự đơn lập hướng Đông Nam thanh toán thẳng trên 30 tỷ. Em đã chuẩn bị sẵn sơ đồ lô góc vị trí đắc địa nhất, em xin phép mang tài liệu qua gửi anh/chị tham khảo ạ."
233,Nguyễn Văn Mai,963169067,"Khách hàng VIP, quan tâm biệt thự đơn lập phân khu cao cấp nhất. Ngân sách trên 30 tỷ, thanh toán thẳng. Yêu cầu vị trí ven sông, hướng Đông Nam. Đã từng mua nhiều dự án của tập đoàn.",30,25,18,15,10,98,50,100,HOT,🔥 HOT LEAD,"VIP Flags: Ngân sách VIP (>= 20 tỷ / Tài chính mạnh), Sản phẩm VIP / Độc bản, Vị trí Đắc địa (Ven sông/Phú Mỹ Hưng), Chân dung VIP (Chủ DN/NĐT gom sỉ). Khách hàng phân khúc cao cấp/tài chính mạnh.",Giao Giám đốc Dự án / Senior Broker gọi ngay trong vòng 5 - 15 phút,"Dạ em chào anh/chị Nguyễn Văn Mai, em là [Tên Sales] phụ trách phân khu Biệt thự ven sông cao cấp nhất. Em được biết anh/chị đã từng sở hữu nhiều sản phẩm của tập đoàn và đang tìm căn biệt thự đơn lập hướng Đông Nam thanh toán thẳng trên 30 tỷ. Em đã chuẩn bị sẵn sơ đồ lô góc vị trí đắc địa nhất, em xin phép mang tài liệu qua gửi anh/chị tham khảo ạ."
234,Dương Văn Quân,755826335,"Tìm nhà phố liền kề khu vực nội thành, ưu tiên gần trường học và bệnh viện. Ngân sách 8-10 tỷ. Đang cân nhắc giữa 2 dự án, cần tư vấn thêm về chính sách chiết khấu.",22,18,14,8,8,70,0,70,WARM,☀️ WARM LEAD,"Tìm nhà phố 8-10 tỷ gần trường học, đang so sánh 2 dự án, quan tâm chính sách chiết khấu.","Chuyên viên tư vấn gọi trong 1 - 2 giờ, hỗ trợ phương án tài chính & hẹn nhà mẫu","Dạ em chào anh/chị Dương Văn Quân, biết anh/chị đang cân nhắc nhà phố nội thành gần trường học tài chính 8-10 tỷ. Em đã làm bảng so sánh chi tiết ưu thế và chính sách chiết khấu thanh toán sớm 8% bên em so với dự án anh/chị đang xem. Em xin phép gửi qua Zalo để anh/chị tham khảo nhé ạ."
235,Trần Minh Sơn,817593870,"Đang tìm thuê mặt bằng kinh doanh spa tại Quận 1, diện tích khoảng 80-100m2. Giá thuê mong muốn dưới 50 triệu/tháng. Cần ký hợp đồng dài hạn.",14,16,14,8,6,58,0,58,WARM,☀️ WARM LEAD,"Tìm thuê mặt bằng spa Quận 1 (80-100m2), giá dưới 50 triệu/tháng, hợp đồng dài hạn.","Chuyên viên tư vấn gọi trong 1 - 2 giờ, hỗ trợ phương án tài chính & hẹn nhà mẫu","Dạ em chào anh/chị Trần Minh Sơn, em bên mảng mặt bằng thương mại. Em nắm được nhu cầu thuê mặt bằng spa 80-100m2 tại Quận 1 dưới 50 triệu. Em đang có sẵn 2 căn vỉa hè rộng, hạ tầng cấp thoát nước hoàn chỉnh. Chiều nay em có thể dẫn anh/chị qua xem trực tiếp được không ạ?"
236,Đỗ Ngọc Tâm,795745133,"Số điện thoại hay bị thuê bao, gọi nhiều lần không bắt máy. Nhắn tin Zalo không phản hồi.",0,0,0,0,0,0,-50,0,COLD,❄️ COLD LEAD,Lý do loại: Không liên lạc được (Thuê bao/Không rep),Chặn số / Đưa vào Blacklist / Drip Marketing tự động,Không thực hiện gọi trực tiếp. Chuyển vào hệ thống chăm sóc tự động định kỳ.
237,Phan Bảo Anh,795151262,"Hỏi giá cho vui, chưa có ý định mua trong năm nay. Ngân sách rất thấp so với mặt bằng chung (đòi mua nhà Q1 giá 1 tỷ).",0,0,0,0,0,0,-50,0,COLD,❄️ COLD LEAD,"Lý do loại: Yêu cầu phi thực tế (Giá vô lý), Khách không thiện chí (Hỏi cho vui)",Chặn số / Đưa vào Blacklist / Drip Marketing tự động,Không thực hiện gọi trực tiếp. Chuyển vào hệ thống chăm sóc tự động định kỳ.
238,Trần Ngọc Linh,996229748,"Hỏi giá cho vui, chưa có ý định mua trong năm nay. Ngân sách rất thấp so với mặt bằng chung (đòi mua nhà Q1 giá 1 tỷ).",0,0,0,0,0,0,-50,0,COLD,❄️ COLD LEAD,"Lý do loại: Yêu cầu phi thực tế (Giá vô lý), Khách không thiện chí (Hỏi cho vui)",Chặn số / Đưa vào Blacklist / Drip Marketing tự động,Không thực hiện gọi trực tiếp. Chuyển vào hệ thống chăm sóc tự động định kỳ.
239,Phan Ngọc Tuấn,858665148,"Số điện thoại hay bị thuê bao, gọi nhiều lần không bắt máy. Nhắn tin Zalo không phản hồi.",0,0,0,0,0,0,-50,0,COLD,❄️ COLD LEAD,Lý do loại: Không liên lạc được (Thuê bao/Không rep),Chặn số / Đưa vào Blacklist / Drip Marketing tự động,Không thực hiện gọi trực tiếp. Chuyển vào hệ thống chăm sóc tự động định kỳ.
240,Lê Hồng Nam,794026528,"Đang tìm thuê mặt bằng kinh doanh spa tại Quận 1, diện tích khoảng 80-100m2. Giá thuê mong muốn dưới 50 triệu/tháng. Cần ký hợp đồng dài hạn.",14,16,14,8,6,58,0,58,WARM,☀️ WARM LEAD,"Tìm thuê mặt bằng spa Quận 1 (80-100m2), giá dưới 50 triệu/tháng, hợp đồng dài hạn.","Chuyên viên tư vấn gọi trong 1 - 2 giờ, hỗ trợ phương án tài chính & hẹn nhà mẫu","Dạ em chào anh/chị Lê Hồng Nam, em bên mảng mặt bằng thương mại. Em nắm được nhu cầu thuê mặt bằng spa 80-100m2 tại Quận 1 dưới 50 triệu. Em đang có sẵn 2 căn vỉa hè rộng, hạ tầng cấp thoát nước hoàn chỉnh. Chiều nay em có thể dẫn anh/chị qua xem trực tiếp được không ạ?"
241,Phạm Ngọc Linh,855469445,"Đang tìm thuê mặt bằng kinh doanh spa tại Quận 1, diện tích khoảng 80-100m2. Giá thuê mong muốn dưới 50 triệu/tháng. Cần ký hợp đồng dài hạn.",14,16,14,8,6,58,0,58,WARM,☀️ WARM LEAD,"Tìm thuê mặt bằng spa Quận 1 (80-100m2), giá dưới 50 triệu/tháng, hợp đồng dài hạn.","Chuyên viên tư vấn gọi trong 1 - 2 giờ, hỗ trợ phương án tài chính & hẹn nhà mẫu","Dạ em chào anh/chị Phạm Ngọc Linh, em bên mảng mặt bằng thương mại. Em nắm được nhu cầu thuê mặt bằng spa 80-100m2 tại Quận 1 dưới 50 triệu. Em đang có sẵn 2 căn vỉa hè rộng, hạ tầng cấp thoát nước hoàn chỉnh. Chiều nay em có thể dẫn anh/chị qua xem trực tiếp được không ạ?"
242,Phan Thị Nam,877567899,"Hỏi giá cho vui, chưa có ý định mua trong năm nay. Ngân sách rất thấp so với mặt bằng chung (đòi mua nhà Q1 giá 1 tỷ).",0,0,0,0,0,0,-50,0,COLD,❄️ COLD LEAD,"Lý do loại: Yêu cầu phi thực tế (Giá vô lý), Khách không thiện chí (Hỏi cho vui)",Chặn số / Đưa vào Blacklist / Drip Marketing tự động,Không thực hiện gọi trực tiếp. Chuyển vào hệ thống chăm sóc tự động định kỳ.
243,Nguyễn Hồng Lan,910632603,"Số điện thoại hay bị thuê bao, gọi nhiều lần không bắt máy. Nhắn tin Zalo không phản hồi.",0,0,0,0,0,0,-50,0,COLD,❄️ COLD LEAD,Lý do loại: Không liên lạc được (Thuê bao/Không rep),Chặn số / Đưa vào Blacklist / Drip Marketing tự động,Không thực hiện gọi trực tiếp. Chuyển vào hệ thống chăm sóc tự động định kỳ.
244,Nguyễn Ngọc Tâm,794489465,"Cần mua đất nền vùng ven (Long An, Đồng Nai) để đầu tư dài hạn. Tài chính 2-3 tỷ. Yêu cầu sổ hồng riêng, không dính quy hoạch.",12,14,10,8,8,52,0,52,WARM,☀️ WARM LEAD,"Cần mua đất nền vùng ven (Long An, Đồng Nai) 2-3 tỷ đầu tư dài hạn, yêu cầu sổ hồng riêng.","Chuyên viên tư vấn gọi trong 1 - 2 giờ, hỗ trợ phương án tài chính & hẹn nhà mẫu","Dạ em chào anh/chị Nguyễn Ngọc Tâm, em phụ trách đất nền khu Đông & vùng ven. Em có 3 lô đất Long An/Đồng Nai tài chính 2-3 tỷ đã có sổ hồng riêng từng nền, không dính quy hoạch. Em xin phép gửi sổ và trích lục bản đồ địa chính qua Zalo cho anh/chị xem trước nhé ạ."
245,Đỗ Hồng Nam,768850209,"Quan tâm căn hộ 2PN tại Quận 7 cho gia đình trẻ. Tài chính khoảng 4-5 tỷ, cần hỗ trợ vay ngân hàng 70%. Muốn đi xem nhà mẫu vào cuối tuần này.",16,16,18,8,8,66,0,66,WARM,☀️ WARM LEAD,"Gia đình trẻ, quan tâm căn 2PN Q7 (4-5 tỷ), cần hỗ trợ vay 70%, muốn đi xem nhà mẫu cuối tuần.","Chuyên viên tư vấn gọi trong 1 - 2 giờ, hỗ trợ phương án tài chính & hẹn nhà mẫu","Dạ em chào anh/chị Đỗ Hồng Nam, em là [Tên Sales] dự án căn hộ Quận 7. Em thấy gia đình mình quan tâm căn 2PN tài chính 4-5 tỷ và cần gói vay 70%. Em đã lập sẵn bảng tính dòng tiền miễn lãi 2 năm đầu. Thứ Bảy này bên em có xe đưa đón tham quan nhà mẫu, em xin phép đăng ký lịch cho gia đình mình nhé ạ?"
246,Ngô Hồng Quân,346903958,"Cần mua đất nền vùng ven (Long An, Đồng Nai) để đầu tư dài hạn. Tài chính 2-3 tỷ. Yêu cầu sổ hồng riêng, không dính quy hoạch.",12,14,10,8,8,52,0,52,WARM,☀️ WARM LEAD,"Cần mua đất nền vùng ven (Long An, Đồng Nai) 2-3 tỷ đầu tư dài hạn, yêu cầu sổ hồng riêng.","Chuyên viên tư vấn gọi trong 1 - 2 giờ, hỗ trợ phương án tài chính & hẹn nhà mẫu","Dạ em chào anh/chị Ngô Hồng Quân, em phụ trách đất nền khu Đông & vùng ven. Em có 3 lô đất Long An/Đồng Nai tài chính 2-3 tỷ đã có sổ hồng riêng từng nền, không dính quy hoạch. Em xin phép gửi sổ và trích lục bản đồ địa chính qua Zalo cho anh/chị xem trước nhé ạ."
247,Vũ Phương Cường,947023337,"Chủ doanh nghiệp lớn, cần tìm quỹ đất công nghiệp hoặc sàn văn phòng diện tích trên 2000m2 tại khu Đông. Tài chính cực mạnh, yêu cầu pháp lý chuẩn 100%.",30,25,18,15,10,98,50,100,HOT,🔥 HOT LEAD,"VIP Flags: Ngân sách VIP (>= 20 tỷ / Tài chính mạnh), Sản phẩm VIP / Độc bản, Chân dung VIP (Chủ DN/NĐT gom sỉ), Minh bạch / Muốn gặp CĐT. Khách hàng phân khúc cao cấp/tài chính mạnh.",Giao Giám đốc Dự án / Senior Broker gọi ngay trong vòng 5 - 15 phút,"Dạ em chào anh/chị Vũ Phương Cường, em phụ trách BĐS Thương mại & Doanh nghiệp. Nhận thông tin doanh nghiệp mình cần quỹ đất/sàn văn phòng >2000m2 chuẩn pháp lý 100% tại Khu Đông, bên em có sẵn 2 quỹ đất sổ đỏ hoàn chỉnh. Chiều nay em xin phép mang trích lục quy hoạch 1/500 qua văn phòng gửi anh/chị ạ."
248,Bùi Minh Tuấn,867209621,"Tìm nhà thuê nguyên căn giá 2 triệu ở trung tâm thành phố. Yêu cầu phi thực tế, thái độ không hợp tác khi tư vấn.",0,0,0,0,0,0,-50,0,COLD,❄️ COLD LEAD,"Lý do loại: Yêu cầu phi thực tế (Giá vô lý), Khách không thiện chí (Hỏi cho vui)",Chặn số / Đưa vào Blacklist / Drip Marketing tự động,Không thực hiện gọi trực tiếp. Chuyển vào hệ thống chăm sóc tự động định kỳ.
249,Hồ Minh Mai,337989899,"Tìm nhà thuê nguyên căn giá 2 triệu ở trung tâm thành phố. Yêu cầu phi thực tế, thái độ không hợp tác khi tư vấn.",0,0,0,0,0,0,-50,0,COLD,❄️ COLD LEAD,"Lý do loại: Yêu cầu phi thực tế (Giá vô lý), Khách không thiện chí (Hỏi cho vui)",Chặn số / Đưa vào Blacklist / Drip Marketing tự động,Không thực hiện gọi trực tiếp. Chuyển vào hệ thống chăm sóc tự động định kỳ.
250,Đặng Thị Anh,960681670,"Tìm nhà phố liền kề khu vực nội thành, ưu tiên gần trường học và bệnh viện. Ngân sách 8-10 tỷ. Đang cân nhắc giữa 2 dự án, cần tư vấn thêm về chính sách chiết khấu.",22,18,14,8,8,70,0,70,WARM,☀️ WARM LEAD,"Tìm nhà phố 8-10 tỷ gần trường học, đang so sánh 2 dự án, quan tâm chính sách chiết khấu.","Chuyên viên tư vấn gọi trong 1 - 2 giờ, hỗ trợ phương án tài chính & hẹn nhà mẫu","Dạ em chào anh/chị Đặng Thị Anh, biết anh/chị đang cân nhắc nhà phố nội thành gần trường học tài chính 8-10 tỷ. Em đã làm bảng so sánh chi tiết ưu thế và chính sách chiết khấu thanh toán sớm 8% bên em so với dự án anh/chị đang xem. Em xin phép gửi qua Zalo để anh/chị tham khảo nhé ạ."
251,Trần Văn Mai,963256661,"Đang tìm thuê mặt bằng kinh doanh spa tại Quận 1, diện tích khoảng 80-100m2. Giá thuê mong muốn dưới 50 triệu/tháng. Cần ký hợp đồng dài hạn.",14,16,14,8,6,58,0,58,WARM,☀️ WARM LEAD,"Tìm thuê mặt bằng spa Quận 1 (80-100m2), giá dưới 50 triệu/tháng, hợp đồng dài hạn.","Chuyên viên tư vấn gọi trong 1 - 2 giờ, hỗ trợ phương án tài chính & hẹn nhà mẫu","Dạ em chào anh/chị Trần Văn Mai, em bên mảng mặt bằng thương mại. Em nắm được nhu cầu thuê mặt bằng spa 80-100m2 tại Quận 1 dưới 50 triệu. Em đang có sẵn 2 căn vỉa hè rộng, hạ tầng cấp thoát nước hoàn chỉnh. Chiều nay em có thể dẫn anh/chị qua xem trực tiếp được không ạ?"
252,Hồ Phương Tuấn,712380786,"Đang tìm thuê mặt bằng kinh doanh spa tại Quận 1, diện tích khoảng 80-100m2. Giá thuê mong muốn dưới 50 triệu/tháng. Cần ký hợp đồng dài hạn.",14,16,14,8,6,58,0,58,WARM,☀️ WARM LEAD,"Tìm thuê mặt bằng spa Quận 1 (80-100m2), giá dưới 50 triệu/tháng, hợp đồng dài hạn.","Chuyên viên tư vấn gọi trong 1 - 2 giờ, hỗ trợ phương án tài chính & hẹn nhà mẫu","Dạ em chào anh/chị Hồ Phương Tuấn, em bên mảng mặt bằng thương mại. Em nắm được nhu cầu thuê mặt bằng spa 80-100m2 tại Quận 1 dưới 50 triệu. Em đang có sẵn 2 căn vỉa hè rộng, hạ tầng cấp thoát nước hoàn chỉnh. Chiều nay em có thể dẫn anh/chị qua xem trực tiếp được không ạ?"
253,Phạm Hoàng Tâm,719975450,"Số điện thoại hay bị thuê bao, gọi nhiều lần không bắt máy. Nhắn tin Zalo không phản hồi.",0,0,0,0,0,0,-50,0,COLD,❄️ COLD LEAD,Lý do loại: Không liên lạc được (Thuê bao/Không rep),Chặn số / Đưa vào Blacklist / Drip Marketing tự động,Không thực hiện gọi trực tiếp. Chuyển vào hệ thống chăm sóc tự động định kỳ.
254,Đặng Hồng Nam,825619620,"Tìm nhà phố liền kề khu vực nội thành, ưu tiên gần trường học và bệnh viện. Ngân sách 8-10 tỷ. Đang cân nhắc giữa 2 dự án, cần tư vấn thêm về chính sách chiết khấu.",22,18,14,8,8,70,0,70,WARM,☀️ WARM LEAD,"Tìm nhà phố 8-10 tỷ gần trường học, đang so sánh 2 dự án, quan tâm chính sách chiết khấu.","Chuyên viên tư vấn gọi trong 1 - 2 giờ, hỗ trợ phương án tài chính & hẹn nhà mẫu","Dạ em chào anh/chị Đặng Hồng Nam, biết anh/chị đang cân nhắc nhà phố nội thành gần trường học tài chính 8-10 tỷ. Em đã làm bảng so sánh chi tiết ưu thế và chính sách chiết khấu thanh toán sớm 8% bên em so với dự án anh/chị đang xem. Em xin phép gửi qua Zalo để anh/chị tham khảo nhé ạ."
255,Vũ Đức Lan,856707365,"Tìm nhà thuê nguyên căn giá 2 triệu ở trung tâm thành phố. Yêu cầu phi thực tế, thái độ không hợp tác khi tư vấn.",0,0,0,0,0,0,-50,0,COLD,❄️ COLD LEAD,"Lý do loại: Yêu cầu phi thực tế (Giá vô lý), Khách không thiện chí (Hỏi cho vui)",Chặn số / Đưa vào Blacklist / Drip Marketing tự động,Không thực hiện gọi trực tiếp. Chuyển vào hệ thống chăm sóc tự động định kỳ.
256,Phạm Ngọc Sơn,355294870,"Khách hàng nhầm số, không có nhu cầu về bất động sản. Có vẻ là dữ liệu cũ từ ngành khác trộn vào.",0,0,0,0,0,0,-50,0,COLD,❄️ COLD LEAD,Lý do loại: Nhầm số / Không có nhu cầu BĐS,Chặn số / Đưa vào Blacklist / Drip Marketing tự động,Không thực hiện gọi trực tiếp. Chuyển vào hệ thống chăm sóc tự động định kỳ.
257,Nguyễn Văn Cường,730818911,"Chủ doanh nghiệp lớn, cần tìm quỹ đất công nghiệp hoặc sàn văn phòng diện tích trên 2000m2 tại khu Đông. Tài chính cực mạnh, yêu cầu pháp lý chuẩn 100%.",30,25,18,15,10,98,50,100,HOT,🔥 HOT LEAD,"VIP Flags: Ngân sách VIP (>= 20 tỷ / Tài chính mạnh), Sản phẩm VIP / Độc bản, Chân dung VIP (Chủ DN/NĐT gom sỉ), Minh bạch / Muốn gặp CĐT. Khách hàng phân khúc cao cấp/tài chính mạnh.",Giao Giám đốc Dự án / Senior Broker gọi ngay trong vòng 5 - 15 phút,"Dạ em chào anh/chị Nguyễn Văn Cường, em phụ trách BĐS Thương mại & Doanh nghiệp. Nhận thông tin doanh nghiệp mình cần quỹ đất/sàn văn phòng >2000m2 chuẩn pháp lý 100% tại Khu Đông, bên em có sẵn 2 quỹ đất sổ đỏ hoàn chỉnh. Chiều nay em xin phép mang trích lục quy hoạch 1/500 qua văn phòng gửi anh/chị ạ."
258,Hồ Đức Hoa,377521337,"Nhà đầu tư chuyên nghiệp, muốn gom sỉ 5-10 căn shophouse mặt đường lớn. Quan tâm đến tỷ suất lợi nhuận và chính sách cam kết thuê lại. Cần gặp trực tiếp giám đốc dự án.",30,25,18,15,10,98,50,100,HOT,🔥 HOT LEAD,"VIP Flags: Sản phẩm VIP / Độc bản, Chân dung VIP (Chủ DN/NĐT gom sỉ), Minh bạch / Muốn gặp CĐT. Khách hàng phân khúc cao cấp/tài chính mạnh.",Giao Giám đốc Dự án / Senior Broker gọi ngay trong vòng 5 - 15 phút,"Dạ em chào anh/chị Hồ Đức Hoa, em phụ trách giỏ hàng Đầu tư Shophouse. Giám đốc dự án bên em rất trân trọng mong muốn gom sỉ 5-10 căn của anh/chị và đã chuẩn bị chính sách chiết khấu Volume Discount đặc biệt cùng cam kết thuê lại. Ngày mai anh/chị có tiện ghé văn phòng dự án gặp Giám đốc bên em không ạ?"
259,Phan Hồng Hoa,913441459,"Đang tìm thuê mặt bằng kinh doanh spa tại Quận 1, diện tích khoảng 80-100m2. Giá thuê mong muốn dưới 50 triệu/tháng. Cần ký hợp đồng dài hạn.",14,16,14,8,6,58,0,58,WARM,☀️ WARM LEAD,"Tìm thuê mặt bằng spa Quận 1 (80-100m2), giá dưới 50 triệu/tháng, hợp đồng dài hạn.","Chuyên viên tư vấn gọi trong 1 - 2 giờ, hỗ trợ phương án tài chính & hẹn nhà mẫu","Dạ em chào anh/chị Phan Hồng Hoa, em bên mảng mặt bằng thương mại. Em nắm được nhu cầu thuê mặt bằng spa 80-100m2 tại Quận 1 dưới 50 triệu. Em đang có sẵn 2 căn vỉa hè rộng, hạ tầng cấp thoát nước hoàn chỉnh. Chiều nay em có thể dẫn anh/chị qua xem trực tiếp được không ạ?"
260,Bùi Đức Hùng,380379719,"Tìm nhà phố liền kề khu vực nội thành, ưu tiên gần trường học và bệnh viện. Ngân sách 8-10 tỷ. Đang cân nhắc giữa 2 dự án, cần tư vấn thêm về chính sách chiết khấu.",22,18,14,8,8,70,0,70,WARM,☀️ WARM LEAD,"Tìm nhà phố 8-10 tỷ gần trường học, đang so sánh 2 dự án, quan tâm chính sách chiết khấu.","Chuyên viên tư vấn gọi trong 1 - 2 giờ, hỗ trợ phương án tài chính & hẹn nhà mẫu","Dạ em chào anh/chị Bùi Đức Hùng, biết anh/chị đang cân nhắc nhà phố nội thành gần trường học tài chính 8-10 tỷ. Em đã làm bảng so sánh chi tiết ưu thế và chính sách chiết khấu thanh toán sớm 8% bên em so với dự án anh/chị đang xem. Em xin phép gửi qua Zalo để anh/chị tham khảo nhé ạ."
261,Bùi Thị Nam,837736063,"Cần mua đất nền vùng ven (Long An, Đồng Nai) để đầu tư dài hạn. Tài chính 2-3 tỷ. Yêu cầu sổ hồng riêng, không dính quy hoạch.",12,14,10,8,8,52,0,52,WARM,☀️ WARM LEAD,"Cần mua đất nền vùng ven (Long An, Đồng Nai) 2-3 tỷ đầu tư dài hạn, yêu cầu sổ hồng riêng.","Chuyên viên tư vấn gọi trong 1 - 2 giờ, hỗ trợ phương án tài chính & hẹn nhà mẫu","Dạ em chào anh/chị Bùi Thị Nam, em phụ trách đất nền khu Đông & vùng ven. Em có 3 lô đất Long An/Đồng Nai tài chính 2-3 tỷ đã có sổ hồng riêng từng nền, không dính quy hoạch. Em xin phép gửi sổ và trích lục bản đồ địa chính qua Zalo cho anh/chị xem trước nhé ạ."
262,Phan Hoàng Sơn,963096792,"Đang tìm thuê mặt bằng kinh doanh spa tại Quận 1, diện tích khoảng 80-100m2. Giá thuê mong muốn dưới 50 triệu/tháng. Cần ký hợp đồng dài hạn.",14,16,14,8,6,58,0,58,WARM,☀️ WARM LEAD,"Tìm thuê mặt bằng spa Quận 1 (80-100m2), giá dưới 50 triệu/tháng, hợp đồng dài hạn.","Chuyên viên tư vấn gọi trong 1 - 2 giờ, hỗ trợ phương án tài chính & hẹn nhà mẫu","Dạ em chào anh/chị Phan Hoàng Sơn, em bên mảng mặt bằng thương mại. Em nắm được nhu cầu thuê mặt bằng spa 80-100m2 tại Quận 1 dưới 50 triệu. Em đang có sẵn 2 căn vỉa hè rộng, hạ tầng cấp thoát nước hoàn chỉnh. Chiều nay em có thể dẫn anh/chị qua xem trực tiếp được không ạ?"
263,Bùi Anh Cường,953919787,"Khách hàng tìm mua Penthouse diện tích lớn, yêu cầu có hồ bơi riêng và thang máy riêng. Ngân sách không thành vấn đề, quan trọng là đẳng cấp và sự riêng tư.",30,25,18,15,10,98,50,100,HOT,🔥 HOT LEAD,"VIP Flags: Ngân sách VIP (>= 20 tỷ / Tài chính mạnh), Sản phẩm VIP / Độc bản. Khách hàng phân khúc cao cấp/tài chính mạnh.",Giao Giám đốc Dự án / Senior Broker gọi ngay trong vòng 5 - 15 phút,"Dạ em chào anh/chị Bùi Anh Cường, em là [Tên Sales] phụ trách giỏ hàng Penthouse độc bản tại [Dự án]. Nhận được yêu cầu tìm căn Penthouse diện tích lớn có hồ bơi và thang máy riêng của mình, bên em vừa ra mắt 2 căn phiên bản giới hạn có view panorama trực diện sông. Em xin phép kết bạn Zalo gửi trọn bộ Private Deck và video flycam trực tiếp cho anh/chị xem trước ạ."
264,Đỗ Hồng Hùng,941977677,"Khách hàng tìm mua Penthouse diện tích lớn, yêu cầu có hồ bơi riêng và thang máy riêng. Ngân sách không thành vấn đề, quan trọng là đẳng cấp và sự riêng tư.",30,25,18,15,10,98,50,100,HOT,🔥 HOT LEAD,"VIP Flags: Ngân sách VIP (>= 20 tỷ / Tài chính mạnh), Sản phẩm VIP / Độc bản. Khách hàng phân khúc cao cấp/tài chính mạnh.",Giao Giám đốc Dự án / Senior Broker gọi ngay trong vòng 5 - 15 phút,"Dạ em chào anh/chị Đỗ Hồng Hùng, em là [Tên Sales] phụ trách giỏ hàng Penthouse độc bản tại [Dự án]. Nhận được yêu cầu tìm căn Penthouse diện tích lớn có hồ bơi và thang máy riêng của mình, bên em vừa ra mắt 2 căn phiên bản giới hạn có view panorama trực diện sông. Em xin phép kết bạn Zalo gửi trọn bộ Private Deck và video flycam trực tiếp cho anh/chị xem trước ạ."
265,Hồ Ngọc Lan,867540723,"Tìm nhà thuê nguyên căn giá 2 triệu ở trung tâm thành phố. Yêu cầu phi thực tế, thái độ không hợp tác khi tư vấn.",0,0,0,0,0,0,-50,0,COLD,❄️ COLD LEAD,"Lý do loại: Yêu cầu phi thực tế (Giá vô lý), Khách không thiện chí (Hỏi cho vui)",Chặn số / Đưa vào Blacklist / Drip Marketing tự động,Không thực hiện gọi trực tiếp. Chuyển vào hệ thống chăm sóc tự động định kỳ.
266,Đỗ Văn Trang,984725184,"Khách hàng nhầm số, không có nhu cầu về bất động sản. Có vẻ là dữ liệu cũ từ ngành khác trộn vào.",0,0,0,0,0,0,-50,0,COLD,❄️ COLD LEAD,Lý do loại: Nhầm số / Không có nhu cầu BĐS,Chặn số / Đưa vào Blacklist / Drip Marketing tự động,Không thực hiện gọi trực tiếp. Chuyển vào hệ thống chăm sóc tự động định kỳ.
267,Đặng Hoàng Tâm,320433112,"Khách hàng tìm mua Penthouse diện tích lớn, yêu cầu có hồ bơi riêng và thang máy riêng. Ngân sách không thành vấn đề, quan trọng là đẳng cấp và sự riêng tư.",30,25,18,15,10,98,50,100,HOT,🔥 HOT LEAD,"VIP Flags: Ngân sách VIP (>= 20 tỷ / Tài chính mạnh), Sản phẩm VIP / Độc bản. Khách hàng phân khúc cao cấp/tài chính mạnh.",Giao Giám đốc Dự án / Senior Broker gọi ngay trong vòng 5 - 15 phút,"Dạ em chào anh/chị Đặng Hoàng Tâm, em là [Tên Sales] phụ trách giỏ hàng Penthouse độc bản tại [Dự án]. Nhận được yêu cầu tìm căn Penthouse diện tích lớn có hồ bơi và thang máy riêng của mình, bên em vừa ra mắt 2 căn phiên bản giới hạn có view panorama trực diện sông. Em xin phép kết bạn Zalo gửi trọn bộ Private Deck và video flycam trực tiếp cho anh/chị xem trước ạ."
268,Lê Phương Linh,811625319,"Cần mua đất nền vùng ven (Long An, Đồng Nai) để đầu tư dài hạn. Tài chính 2-3 tỷ. Yêu cầu sổ hồng riêng, không dính quy hoạch.",12,14,10,8,8,52,0,52,WARM,☀️ WARM LEAD,"Cần mua đất nền vùng ven (Long An, Đồng Nai) 2-3 tỷ đầu tư dài hạn, yêu cầu sổ hồng riêng.","Chuyên viên tư vấn gọi trong 1 - 2 giờ, hỗ trợ phương án tài chính & hẹn nhà mẫu","Dạ em chào anh/chị Lê Phương Linh, em phụ trách đất nền khu Đông & vùng ven. Em có 3 lô đất Long An/Đồng Nai tài chính 2-3 tỷ đã có sổ hồng riêng từng nền, không dính quy hoạch. Em xin phép gửi sổ và trích lục bản đồ địa chính qua Zalo cho anh/chị xem trước nhé ạ."
269,Dương Hồng Sơn,817679632,"Khách hàng nhầm số, không có nhu cầu về bất động sản. Có vẻ là dữ liệu cũ từ ngành khác trộn vào.",0,0,0,0,0,0,-50,0,COLD,❄️ COLD LEAD,Lý do loại: Nhầm số / Không có nhu cầu BĐS,Chặn số / Đưa vào Blacklist / Drip Marketing tự động,Không thực hiện gọi trực tiếp. Chuyển vào hệ thống chăm sóc tự động định kỳ.
270,Trần Hoàng Quân,755768703,"Khách hàng VIP, quan tâm biệt thự đơn lập phân khu cao cấp nhất. Ngân sách trên 30 tỷ, thanh toán thẳng. Yêu cầu vị trí ven sông, hướng Đông Nam. Đã từng mua nhiều dự án của tập đoàn.",30,25,18,15,10,98,50,100,HOT,🔥 HOT LEAD,"VIP Flags: Ngân sách VIP (>= 20 tỷ / Tài chính mạnh), Sản phẩm VIP / Độc bản, Vị trí Đắc địa (Ven sông/Phú Mỹ Hưng), Chân dung VIP (Chủ DN/NĐT gom sỉ). Khách hàng phân khúc cao cấp/tài chính mạnh.",Giao Giám đốc Dự án / Senior Broker gọi ngay trong vòng 5 - 15 phút,"Dạ em chào anh/chị Trần Hoàng Quân, em là [Tên Sales] phụ trách phân khu Biệt thự ven sông cao cấp nhất. Em được biết anh/chị đã từng sở hữu nhiều sản phẩm của tập đoàn và đang tìm căn biệt thự đơn lập hướng Đông Nam thanh toán thẳng trên 30 tỷ. Em đã chuẩn bị sẵn sơ đồ lô góc vị trí đắc địa nhất, em xin phép mang tài liệu qua gửi anh/chị tham khảo ạ."
271,Nguyễn Hồng Trang,792955800,"Quan tâm căn hộ 2PN tại Quận 7 cho gia đình trẻ. Tài chính khoảng 4-5 tỷ, cần hỗ trợ vay ngân hàng 70%. Muốn đi xem nhà mẫu vào cuối tuần này.",16,16,18,8,8,66,0,66,WARM,☀️ WARM LEAD,"Gia đình trẻ, quan tâm căn 2PN Q7 (4-5 tỷ), cần hỗ trợ vay 70%, muốn đi xem nhà mẫu cuối tuần.","Chuyên viên tư vấn gọi trong 1 - 2 giờ, hỗ trợ phương án tài chính & hẹn nhà mẫu","Dạ em chào anh/chị Nguyễn Hồng Trang, em là [Tên Sales] dự án căn hộ Quận 7. Em thấy gia đình mình quan tâm căn 2PN tài chính 4-5 tỷ và cần gói vay 70%. Em đã lập sẵn bảng tính dòng tiền miễn lãi 2 năm đầu. Thứ Bảy này bên em có xe đưa đón tham quan nhà mẫu, em xin phép đăng ký lịch cho gia đình mình nhé ạ?"
272,Phạm Đức Tâm,882945174,"Số điện thoại hay bị thuê bao, gọi nhiều lần không bắt máy. Nhắn tin Zalo không phản hồi.",0,0,0,0,0,0,-50,0,COLD,❄️ COLD LEAD,Lý do loại: Không liên lạc được (Thuê bao/Không rep),Chặn số / Đưa vào Blacklist / Drip Marketing tự động,Không thực hiện gọi trực tiếp. Chuyển vào hệ thống chăm sóc tự động định kỳ.
273,Đặng Hồng Lan,366511306,"Cần mua đất nền vùng ven (Long An, Đồng Nai) để đầu tư dài hạn. Tài chính 2-3 tỷ. Yêu cầu sổ hồng riêng, không dính quy hoạch.",12,14,10,8,8,52,0,52,WARM,☀️ WARM LEAD,"Cần mua đất nền vùng ven (Long An, Đồng Nai) 2-3 tỷ đầu tư dài hạn, yêu cầu sổ hồng riêng.","Chuyên viên tư vấn gọi trong 1 - 2 giờ, hỗ trợ phương án tài chính & hẹn nhà mẫu","Dạ em chào anh/chị Đặng Hồng Lan, em phụ trách đất nền khu Đông & vùng ven. Em có 3 lô đất Long An/Đồng Nai tài chính 2-3 tỷ đã có sổ hồng riêng từng nền, không dính quy hoạch. Em xin phép gửi sổ và trích lục bản đồ địa chính qua Zalo cho anh/chị xem trước nhé ạ."
274,Phan Phương Linh,783100590,"Quan tâm căn hộ 2PN tại Quận 7 cho gia đình trẻ. Tài chính khoảng 4-5 tỷ, cần hỗ trợ vay ngân hàng 70%. Muốn đi xem nhà mẫu vào cuối tuần này.",16,16,18,8,8,66,0,66,WARM,☀️ WARM LEAD,"Gia đình trẻ, quan tâm căn 2PN Q7 (4-5 tỷ), cần hỗ trợ vay 70%, muốn đi xem nhà mẫu cuối tuần.","Chuyên viên tư vấn gọi trong 1 - 2 giờ, hỗ trợ phương án tài chính & hẹn nhà mẫu","Dạ em chào anh/chị Phan Phương Linh, em là [Tên Sales] dự án căn hộ Quận 7. Em thấy gia đình mình quan tâm căn 2PN tài chính 4-5 tỷ và cần gói vay 70%. Em đã lập sẵn bảng tính dòng tiền miễn lãi 2 năm đầu. Thứ Bảy này bên em có xe đưa đón tham quan nhà mẫu, em xin phép đăng ký lịch cho gia đình mình nhé ạ?"
275,Nguyễn Văn Dũng,392739626,"Đang tìm thuê mặt bằng kinh doanh spa tại Quận 1, diện tích khoảng 80-100m2. Giá thuê mong muốn dưới 50 triệu/tháng. Cần ký hợp đồng dài hạn.",14,16,14,8,6,58,0,58,WARM,☀️ WARM LEAD,"Tìm thuê mặt bằng spa Quận 1 (80-100m2), giá dưới 50 triệu/tháng, hợp đồng dài hạn.","Chuyên viên tư vấn gọi trong 1 - 2 giờ, hỗ trợ phương án tài chính & hẹn nhà mẫu","Dạ em chào anh/chị Nguyễn Văn Dũng, em bên mảng mặt bằng thương mại. Em nắm được nhu cầu thuê mặt bằng spa 80-100m2 tại Quận 1 dưới 50 triệu. Em đang có sẵn 2 căn vỉa hè rộng, hạ tầng cấp thoát nước hoàn chỉnh. Chiều nay em có thể dẫn anh/chị qua xem trực tiếp được không ạ?"
276,Trần Đức Nam,315319871,"Tìm nhà phố liền kề khu vực nội thành, ưu tiên gần trường học và bệnh viện. Ngân sách 8-10 tỷ. Đang cân nhắc giữa 2 dự án, cần tư vấn thêm về chính sách chiết khấu.",22,18,14,8,8,70,0,70,WARM,☀️ WARM LEAD,"Tìm nhà phố 8-10 tỷ gần trường học, đang so sánh 2 dự án, quan tâm chính sách chiết khấu.","Chuyên viên tư vấn gọi trong 1 - 2 giờ, hỗ trợ phương án tài chính & hẹn nhà mẫu","Dạ em chào anh/chị Trần Đức Nam, biết anh/chị đang cân nhắc nhà phố nội thành gần trường học tài chính 8-10 tỷ. Em đã làm bảng so sánh chi tiết ưu thế và chính sách chiết khấu thanh toán sớm 8% bên em so với dự án anh/chị đang xem. Em xin phép gửi qua Zalo để anh/chị tham khảo nhé ạ."
277,Đỗ Minh Trang,889752059,"Đang tìm thuê mặt bằng kinh doanh spa tại Quận 1, diện tích khoảng 80-100m2. Giá thuê mong muốn dưới 50 triệu/tháng. Cần ký hợp đồng dài hạn.",14,16,14,8,6,58,0,58,WARM,☀️ WARM LEAD,"Tìm thuê mặt bằng spa Quận 1 (80-100m2), giá dưới 50 triệu/tháng, hợp đồng dài hạn.","Chuyên viên tư vấn gọi trong 1 - 2 giờ, hỗ trợ phương án tài chính & hẹn nhà mẫu","Dạ em chào anh/chị Đỗ Minh Trang, em bên mảng mặt bằng thương mại. Em nắm được nhu cầu thuê mặt bằng spa 80-100m2 tại Quận 1 dưới 50 triệu. Em đang có sẵn 2 căn vỉa hè rộng, hạ tầng cấp thoát nước hoàn chỉnh. Chiều nay em có thể dẫn anh/chị qua xem trực tiếp được không ạ?"
278,Lê Bảo Sơn,827502936,"Spam, gọi điện đến chỉ để quảng cáo ngược lại dịch vụ bảo hiểm.",0,0,0,0,0,0,-50,0,COLD,❄️ COLD LEAD,Lý do loại: Spam / Mời chào dịch vụ khác,Chặn số / Đưa vào Blacklist / Drip Marketing tự động,Không thực hiện gọi trực tiếp. Chuyển vào hệ thống chăm sóc tự động định kỳ.
279,Lý Anh Tuấn,982276077,"Cần mua đất nền vùng ven (Long An, Đồng Nai) để đầu tư dài hạn. Tài chính 2-3 tỷ. Yêu cầu sổ hồng riêng, không dính quy hoạch.",12,14,10,8,8,52,0,52,WARM,☀️ WARM LEAD,"Cần mua đất nền vùng ven (Long An, Đồng Nai) 2-3 tỷ đầu tư dài hạn, yêu cầu sổ hồng riêng.","Chuyên viên tư vấn gọi trong 1 - 2 giờ, hỗ trợ phương án tài chính & hẹn nhà mẫu","Dạ em chào anh/chị Lý Anh Tuấn, em phụ trách đất nền khu Đông & vùng ven. Em có 3 lô đất Long An/Đồng Nai tài chính 2-3 tỷ đã có sổ hồng riêng từng nền, không dính quy hoạch. Em xin phép gửi sổ và trích lục bản đồ địa chính qua Zalo cho anh/chị xem trước nhé ạ."
280,Dương Ngọc Tuấn,848744392,"Quan tâm căn hộ 2PN tại Quận 7 cho gia đình trẻ. Tài chính khoảng 4-5 tỷ, cần hỗ trợ vay ngân hàng 70%. Muốn đi xem nhà mẫu vào cuối tuần này.",16,16,18,8,8,66,0,66,WARM,☀️ WARM LEAD,"Gia đình trẻ, quan tâm căn 2PN Q7 (4-5 tỷ), cần hỗ trợ vay 70%, muốn đi xem nhà mẫu cuối tuần.","Chuyên viên tư vấn gọi trong 1 - 2 giờ, hỗ trợ phương án tài chính & hẹn nhà mẫu","Dạ em chào anh/chị Dương Ngọc Tuấn, em là [Tên Sales] dự án căn hộ Quận 7. Em thấy gia đình mình quan tâm căn 2PN tài chính 4-5 tỷ và cần gói vay 70%. Em đã lập sẵn bảng tính dòng tiền miễn lãi 2 năm đầu. Thứ Bảy này bên em có xe đưa đón tham quan nhà mẫu, em xin phép đăng ký lịch cho gia đình mình nhé ạ?"
281,Phan Ngọc Dũng,395148387,"Cần mua đất nền vùng ven (Long An, Đồng Nai) để đầu tư dài hạn. Tài chính 2-3 tỷ. Yêu cầu sổ hồng riêng, không dính quy hoạch.",12,14,10,8,8,52,0,52,WARM,☀️ WARM LEAD,"Cần mua đất nền vùng ven (Long An, Đồng Nai) 2-3 tỷ đầu tư dài hạn, yêu cầu sổ hồng riêng.","Chuyên viên tư vấn gọi trong 1 - 2 giờ, hỗ trợ phương án tài chính & hẹn nhà mẫu","Dạ em chào anh/chị Phan Ngọc Dũng, em phụ trách đất nền khu Đông & vùng ven. Em có 3 lô đất Long An/Đồng Nai tài chính 2-3 tỷ đã có sổ hồng riêng từng nền, không dính quy hoạch. Em xin phép gửi sổ và trích lục bản đồ địa chính qua Zalo cho anh/chị xem trước nhé ạ."
282,Lý Đức Hoa,852848978,"Số điện thoại hay bị thuê bao, gọi nhiều lần không bắt máy. Nhắn tin Zalo không phản hồi.",0,0,0,0,0,0,-50,0,COLD,❄️ COLD LEAD,Lý do loại: Không liên lạc được (Thuê bao/Không rep),Chặn số / Đưa vào Blacklist / Drip Marketing tự động,Không thực hiện gọi trực tiếp. Chuyển vào hệ thống chăm sóc tự động định kỳ.
283,Phạm Minh Linh,924644095,"Tìm nhà phố liền kề khu vực nội thành, ưu tiên gần trường học và bệnh viện. Ngân sách 8-10 tỷ. Đang cân nhắc giữa 2 dự án, cần tư vấn thêm về chính sách chiết khấu.",22,18,14,8,8,70,0,70,WARM,☀️ WARM LEAD,"Tìm nhà phố 8-10 tỷ gần trường học, đang so sánh 2 dự án, quan tâm chính sách chiết khấu.","Chuyên viên tư vấn gọi trong 1 - 2 giờ, hỗ trợ phương án tài chính & hẹn nhà mẫu","Dạ em chào anh/chị Phạm Minh Linh, biết anh/chị đang cân nhắc nhà phố nội thành gần trường học tài chính 8-10 tỷ. Em đã làm bảng so sánh chi tiết ưu thế và chính sách chiết khấu thanh toán sớm 8% bên em so với dự án anh/chị đang xem. Em xin phép gửi qua Zalo để anh/chị tham khảo nhé ạ."
284,Phạm Phương Tâm,377066447,"Tìm nhà thuê nguyên căn giá 2 triệu ở trung tâm thành phố. Yêu cầu phi thực tế, thái độ không hợp tác khi tư vấn.",0,0,0,0,0,0,-50,0,COLD,❄️ COLD LEAD,"Lý do loại: Yêu cầu phi thực tế (Giá vô lý), Khách không thiện chí (Hỏi cho vui)",Chặn số / Đưa vào Blacklist / Drip Marketing tự động,Không thực hiện gọi trực tiếp. Chuyển vào hệ thống chăm sóc tự động định kỳ.
285,Hồ Hoàng Hoa,910231557,"Cần mua đất nền vùng ven (Long An, Đồng Nai) để đầu tư dài hạn. Tài chính 2-3 tỷ. Yêu cầu sổ hồng riêng, không dính quy hoạch.",12,14,10,8,8,52,0,52,WARM,☀️ WARM LEAD,"Cần mua đất nền vùng ven (Long An, Đồng Nai) 2-3 tỷ đầu tư dài hạn, yêu cầu sổ hồng riêng.","Chuyên viên tư vấn gọi trong 1 - 2 giờ, hỗ trợ phương án tài chính & hẹn nhà mẫu","Dạ em chào anh/chị Hồ Hoàng Hoa, em phụ trách đất nền khu Đông & vùng ven. Em có 3 lô đất Long An/Đồng Nai tài chính 2-3 tỷ đã có sổ hồng riêng từng nền, không dính quy hoạch. Em xin phép gửi sổ và trích lục bản đồ địa chính qua Zalo cho anh/chị xem trước nhé ạ."
286,Phạm Phương Quân,773084280,"Khách hàng tìm mua Penthouse diện tích lớn, yêu cầu có hồ bơi riêng và thang máy riêng. Ngân sách không thành vấn đề, quan trọng là đẳng cấp và sự riêng tư.",30,25,18,15,10,98,50,100,HOT,🔥 HOT LEAD,"VIP Flags: Ngân sách VIP (>= 20 tỷ / Tài chính mạnh), Sản phẩm VIP / Độc bản. Khách hàng phân khúc cao cấp/tài chính mạnh.",Giao Giám đốc Dự án / Senior Broker gọi ngay trong vòng 5 - 15 phút,"Dạ em chào anh/chị Phạm Phương Quân, em là [Tên Sales] phụ trách giỏ hàng Penthouse độc bản tại [Dự án]. Nhận được yêu cầu tìm căn Penthouse diện tích lớn có hồ bơi và thang máy riêng của mình, bên em vừa ra mắt 2 căn phiên bản giới hạn có view panorama trực diện sông. Em xin phép kết bạn Zalo gửi trọn bộ Private Deck và video flycam trực tiếp cho anh/chị xem trước ạ."
287,Ngô Anh Mai,345219961,"Nhà đầu tư chuyên nghiệp, muốn gom sỉ 5-10 căn shophouse mặt đường lớn. Quan tâm đến tỷ suất lợi nhuận và chính sách cam kết thuê lại. Cần gặp trực tiếp giám đốc dự án.",30,25,18,15,10,98,50,100,HOT,🔥 HOT LEAD,"VIP Flags: Sản phẩm VIP / Độc bản, Chân dung VIP (Chủ DN/NĐT gom sỉ), Minh bạch / Muốn gặp CĐT. Khách hàng phân khúc cao cấp/tài chính mạnh.",Giao Giám đốc Dự án / Senior Broker gọi ngay trong vòng 5 - 15 phút,"Dạ em chào anh/chị Ngô Anh Mai, em phụ trách giỏ hàng Đầu tư Shophouse. Giám đốc dự án bên em rất trân trọng mong muốn gom sỉ 5-10 căn của anh/chị và đã chuẩn bị chính sách chiết khấu Volume Discount đặc biệt cùng cam kết thuê lại. Ngày mai anh/chị có tiện ghé văn phòng dự án gặp Giám đốc bên em không ạ?"
288,Hồ Anh Lan,339570952,"Tìm nhà phố liền kề khu vực nội thành, ưu tiên gần trường học và bệnh viện. Ngân sách 8-10 tỷ. Đang cân nhắc giữa 2 dự án, cần tư vấn thêm về chính sách chiết khấu.",22,18,14,8,8,70,0,70,WARM,☀️ WARM LEAD,"Tìm nhà phố 8-10 tỷ gần trường học, đang so sánh 2 dự án, quan tâm chính sách chiết khấu.","Chuyên viên tư vấn gọi trong 1 - 2 giờ, hỗ trợ phương án tài chính & hẹn nhà mẫu","Dạ em chào anh/chị Hồ Anh Lan, biết anh/chị đang cân nhắc nhà phố nội thành gần trường học tài chính 8-10 tỷ. Em đã làm bảng so sánh chi tiết ưu thế và chính sách chiết khấu thanh toán sớm 8% bên em so với dự án anh/chị đang xem. Em xin phép gửi qua Zalo để anh/chị tham khảo nhé ạ."
289,Phan Bảo Lan,396741022,"Đang tìm thuê mặt bằng kinh doanh spa tại Quận 1, diện tích khoảng 80-100m2. Giá thuê mong muốn dưới 50 triệu/tháng. Cần ký hợp đồng dài hạn.",14,16,14,8,6,58,0,58,WARM,☀️ WARM LEAD,"Tìm thuê mặt bằng spa Quận 1 (80-100m2), giá dưới 50 triệu/tháng, hợp đồng dài hạn.","Chuyên viên tư vấn gọi trong 1 - 2 giờ, hỗ trợ phương án tài chính & hẹn nhà mẫu","Dạ em chào anh/chị Phan Bảo Lan, em bên mảng mặt bằng thương mại. Em nắm được nhu cầu thuê mặt bằng spa 80-100m2 tại Quận 1 dưới 50 triệu. Em đang có sẵn 2 căn vỉa hè rộng, hạ tầng cấp thoát nước hoàn chỉnh. Chiều nay em có thể dẫn anh/chị qua xem trực tiếp được không ạ?"
290,Lê Minh Sơn,360607661,"Tìm nhà thuê nguyên căn giá 2 triệu ở trung tâm thành phố. Yêu cầu phi thực tế, thái độ không hợp tác khi tư vấn.",0,0,0,0,0,0,-50,0,COLD,❄️ COLD LEAD,"Lý do loại: Yêu cầu phi thực tế (Giá vô lý), Khách không thiện chí (Hỏi cho vui)",Chặn số / Đưa vào Blacklist / Drip Marketing tự động,Không thực hiện gọi trực tiếp. Chuyển vào hệ thống chăm sóc tự động định kỳ.
291,Lý Hồng Trang,752649529,"Đang tìm thuê mặt bằng kinh doanh spa tại Quận 1, diện tích khoảng 80-100m2. Giá thuê mong muốn dưới 50 triệu/tháng. Cần ký hợp đồng dài hạn.",14,16,14,8,6,58,0,58,WARM,☀️ WARM LEAD,"Tìm thuê mặt bằng spa Quận 1 (80-100m2), giá dưới 50 triệu/tháng, hợp đồng dài hạn.","Chuyên viên tư vấn gọi trong 1 - 2 giờ, hỗ trợ phương án tài chính & hẹn nhà mẫu","Dạ em chào anh/chị Lý Hồng Trang, em bên mảng mặt bằng thương mại. Em nắm được nhu cầu thuê mặt bằng spa 80-100m2 tại Quận 1 dưới 50 triệu. Em đang có sẵn 2 căn vỉa hè rộng, hạ tầng cấp thoát nước hoàn chỉnh. Chiều nay em có thể dẫn anh/chị qua xem trực tiếp được không ạ?"
292,Trần Hoàng Anh,979333392,"Cần mua đất nền vùng ven (Long An, Đồng Nai) để đầu tư dài hạn. Tài chính 2-3 tỷ. Yêu cầu sổ hồng riêng, không dính quy hoạch.",12,14,10,8,8,52,0,52,WARM,☀️ WARM LEAD,"Cần mua đất nền vùng ven (Long An, Đồng Nai) 2-3 tỷ đầu tư dài hạn, yêu cầu sổ hồng riêng.","Chuyên viên tư vấn gọi trong 1 - 2 giờ, hỗ trợ phương án tài chính & hẹn nhà mẫu","Dạ em chào anh/chị Trần Hoàng Anh, em phụ trách đất nền khu Đông & vùng ven. Em có 3 lô đất Long An/Đồng Nai tài chính 2-3 tỷ đã có sổ hồng riêng từng nền, không dính quy hoạch. Em xin phép gửi sổ và trích lục bản đồ địa chính qua Zalo cho anh/chị xem trước nhé ạ."
293,Ngô Thị Tâm,766920922,"Quan tâm căn hộ 2PN tại Quận 7 cho gia đình trẻ. Tài chính khoảng 4-5 tỷ, cần hỗ trợ vay ngân hàng 70%. Muốn đi xem nhà mẫu vào cuối tuần này.",16,16,18,8,8,66,0,66,WARM,☀️ WARM LEAD,"Gia đình trẻ, quan tâm căn 2PN Q7 (4-5 tỷ), cần hỗ trợ vay 70%, muốn đi xem nhà mẫu cuối tuần.","Chuyên viên tư vấn gọi trong 1 - 2 giờ, hỗ trợ phương án tài chính & hẹn nhà mẫu","Dạ em chào anh/chị Ngô Thị Tâm, em là [Tên Sales] dự án căn hộ Quận 7. Em thấy gia đình mình quan tâm căn 2PN tài chính 4-5 tỷ và cần gói vay 70%. Em đã lập sẵn bảng tính dòng tiền miễn lãi 2 năm đầu. Thứ Bảy này bên em có xe đưa đón tham quan nhà mẫu, em xin phép đăng ký lịch cho gia đình mình nhé ạ?"
294,Hồ Ngọc Lan,825263407,"Đang tìm thuê mặt bằng kinh doanh spa tại Quận 1, diện tích khoảng 80-100m2. Giá thuê mong muốn dưới 50 triệu/tháng. Cần ký hợp đồng dài hạn.",14,16,14,8,6,58,0,58,WARM,☀️ WARM LEAD,"Tìm thuê mặt bằng spa Quận 1 (80-100m2), giá dưới 50 triệu/tháng, hợp đồng dài hạn.","Chuyên viên tư vấn gọi trong 1 - 2 giờ, hỗ trợ phương án tài chính & hẹn nhà mẫu","Dạ em chào anh/chị Hồ Ngọc Lan, em bên mảng mặt bằng thương mại. Em nắm được nhu cầu thuê mặt bằng spa 80-100m2 tại Quận 1 dưới 50 triệu. Em đang có sẵn 2 căn vỉa hè rộng, hạ tầng cấp thoát nước hoàn chỉnh. Chiều nay em có thể dẫn anh/chị qua xem trực tiếp được không ạ?"
295,Bùi Bảo Tâm,930964208,"Nhà đầu tư chuyên nghiệp, muốn gom sỉ 5-10 căn shophouse mặt đường lớn. Quan tâm đến tỷ suất lợi nhuận và chính sách cam kết thuê lại. Cần gặp trực tiếp giám đốc dự án.",30,25,18,15,10,98,50,100,HOT,🔥 HOT LEAD,"VIP Flags: Sản phẩm VIP / Độc bản, Chân dung VIP (Chủ DN/NĐT gom sỉ), Minh bạch / Muốn gặp CĐT. Khách hàng phân khúc cao cấp/tài chính mạnh.",Giao Giám đốc Dự án / Senior Broker gọi ngay trong vòng 5 - 15 phút,"Dạ em chào anh/chị Bùi Bảo Tâm, em phụ trách giỏ hàng Đầu tư Shophouse. Giám đốc dự án bên em rất trân trọng mong muốn gom sỉ 5-10 căn của anh/chị và đã chuẩn bị chính sách chiết khấu Volume Discount đặc biệt cùng cam kết thuê lại. Ngày mai anh/chị có tiện ghé văn phòng dự án gặp Giám đốc bên em không ạ?"
296,Phan Anh Dũng,739644226,"Tìm nhà phố liền kề khu vực nội thành, ưu tiên gần trường học và bệnh viện. Ngân sách 8-10 tỷ. Đang cân nhắc giữa 2 dự án, cần tư vấn thêm về chính sách chiết khấu.",22,18,14,8,8,70,0,70,WARM,☀️ WARM LEAD,"Tìm nhà phố 8-10 tỷ gần trường học, đang so sánh 2 dự án, quan tâm chính sách chiết khấu.","Chuyên viên tư vấn gọi trong 1 - 2 giờ, hỗ trợ phương án tài chính & hẹn nhà mẫu","Dạ em chào anh/chị Phan Anh Dũng, biết anh/chị đang cân nhắc nhà phố nội thành gần trường học tài chính 8-10 tỷ. Em đã làm bảng so sánh chi tiết ưu thế và chính sách chiết khấu thanh toán sớm 8% bên em so với dự án anh/chị đang xem. Em xin phép gửi qua Zalo để anh/chị tham khảo nhé ạ."
297,Nguyễn Đức Dũng,398106236,"Đang tìm thuê mặt bằng kinh doanh spa tại Quận 1, diện tích khoảng 80-100m2. Giá thuê mong muốn dưới 50 triệu/tháng. Cần ký hợp đồng dài hạn.",14,16,14,8,6,58,0,58,WARM,☀️ WARM LEAD,"Tìm thuê mặt bằng spa Quận 1 (80-100m2), giá dưới 50 triệu/tháng, hợp đồng dài hạn.","Chuyên viên tư vấn gọi trong 1 - 2 giờ, hỗ trợ phương án tài chính & hẹn nhà mẫu","Dạ em chào anh/chị Nguyễn Đức Dũng, em bên mảng mặt bằng thương mại. Em nắm được nhu cầu thuê mặt bằng spa 80-100m2 tại Quận 1 dưới 50 triệu. Em đang có sẵn 2 căn vỉa hè rộng, hạ tầng cấp thoát nước hoàn chỉnh. Chiều nay em có thể dẫn anh/chị qua xem trực tiếp được không ạ?"
298,Nguyễn Phương Tuấn,830592831,"Đang tìm thuê mặt bằng kinh doanh spa tại Quận 1, diện tích khoảng 80-100m2. Giá thuê mong muốn dưới 50 triệu/tháng. Cần ký hợp đồng dài hạn.",14,16,14,8,6,58,0,58,WARM,☀️ WARM LEAD,"Tìm thuê mặt bằng spa Quận 1 (80-100m2), giá dưới 50 triệu/tháng, hợp đồng dài hạn.","Chuyên viên tư vấn gọi trong 1 - 2 giờ, hỗ trợ phương án tài chính & hẹn nhà mẫu","Dạ em chào anh/chị Nguyễn Phương Tuấn, em bên mảng mặt bằng thương mại. Em nắm được nhu cầu thuê mặt bằng spa 80-100m2 tại Quận 1 dưới 50 triệu. Em đang có sẵn 2 căn vỉa hè rộng, hạ tầng cấp thoát nước hoàn chỉnh. Chiều nay em có thể dẫn anh/chị qua xem trực tiếp được không ạ?"
299,Phan Đức Hùng,310249609,"Tìm nhà phố liền kề khu vực nội thành, ưu tiên gần trường học và bệnh viện. Ngân sách 8-10 tỷ. Đang cân nhắc giữa 2 dự án, cần tư vấn thêm về chính sách chiết khấu.",22,18,14,8,8,70,0,70,WARM,☀️ WARM LEAD,"Tìm nhà phố 8-10 tỷ gần trường học, đang so sánh 2 dự án, quan tâm chính sách chiết khấu.","Chuyên viên tư vấn gọi trong 1 - 2 giờ, hỗ trợ phương án tài chính & hẹn nhà mẫu","Dạ em chào anh/chị Phan Đức Hùng, biết anh/chị đang cân nhắc nhà phố nội thành gần trường học tài chính 8-10 tỷ. Em đã làm bảng so sánh chi tiết ưu thế và chính sách chiết khấu thanh toán sớm 8% bên em so với dự án anh/chị đang xem. Em xin phép gửi qua Zalo để anh/chị tham khảo nhé ạ."
300,Đặng Anh Nam,365160574,"Đang tìm thuê mặt bằng kinh doanh spa tại Quận 1, diện tích khoảng 80-100m2. Giá thuê mong muốn dưới 50 triệu/tháng. Cần ký hợp đồng dài hạn.",14,16,14,8,6,58,0,58,WARM,☀️ WARM LEAD,"Tìm thuê mặt bằng spa Quận 1 (80-100m2), giá dưới 50 triệu/tháng, hợp đồng dài hạn.","Chuyên viên tư vấn gọi trong 1 - 2 giờ, hỗ trợ phương án tài chính & hẹn nhà mẫu","Dạ em chào anh/chị Đặng Anh Nam, em bên mảng mặt bằng thương mại. Em nắm được nhu cầu thuê mặt bằng spa 80-100m2 tại Quận 1 dưới 50 triệu. Em đang có sẵn 2 căn vỉa hè rộng, hạ tầng cấp thoát nước hoàn chỉnh. Chiều nay em có thể dẫn anh/chị qua xem trực tiếp được không ạ?"
301,Vũ Ngọc Linh,361682800,"Spam, gọi điện đến chỉ để quảng cáo ngược lại dịch vụ bảo hiểm.",0,0,0,0,0,0,-50,0,COLD,❄️ COLD LEAD,Lý do loại: Spam / Mời chào dịch vụ khác,Chặn số / Đưa vào Blacklist / Drip Marketing tự động,Không thực hiện gọi trực tiếp. Chuyển vào hệ thống chăm sóc tự động định kỳ.
302,Dương Minh Trang,756462121,"Quan tâm căn hộ 2PN tại Quận 7 cho gia đình trẻ. Tài chính khoảng 4-5 tỷ, cần hỗ trợ vay ngân hàng 70%. Muốn đi xem nhà mẫu vào cuối tuần này.",16,16,18,8,8,66,0,66,WARM,☀️ WARM LEAD,"Gia đình trẻ, quan tâm căn 2PN Q7 (4-5 tỷ), cần hỗ trợ vay 70%, muốn đi xem nhà mẫu cuối tuần.","Chuyên viên tư vấn gọi trong 1 - 2 giờ, hỗ trợ phương án tài chính & hẹn nhà mẫu","Dạ em chào anh/chị Dương Minh Trang, em là [Tên Sales] dự án căn hộ Quận 7. Em thấy gia đình mình quan tâm căn 2PN tài chính 4-5 tỷ và cần gói vay 70%. Em đã lập sẵn bảng tính dòng tiền miễn lãi 2 năm đầu. Thứ Bảy này bên em có xe đưa đón tham quan nhà mẫu, em xin phép đăng ký lịch cho gia đình mình nhé ạ?"
303,Đỗ Hồng Cường,887095053,"Khách hàng nhầm số, không có nhu cầu về bất động sản. Có vẻ là dữ liệu cũ từ ngành khác trộn vào.",0,0,0,0,0,0,-50,0,COLD,❄️ COLD LEAD,Lý do loại: Nhầm số / Không có nhu cầu BĐS,Chặn số / Đưa vào Blacklist / Drip Marketing tự động,Không thực hiện gọi trực tiếp. Chuyển vào hệ thống chăm sóc tự động định kỳ.
304,Nguyễn Minh Linh,963229530,"Khách hàng nhầm số, không có nhu cầu về bất động sản. Có vẻ là dữ liệu cũ từ ngành khác trộn vào.",0,0,0,0,0,0,-50,0,COLD,❄️ COLD LEAD,Lý do loại: Nhầm số / Không có nhu cầu BĐS,Chặn số / Đưa vào Blacklist / Drip Marketing tự động,Không thực hiện gọi trực tiếp. Chuyển vào hệ thống chăm sóc tự động định kỳ.
305,Đặng Minh Trang,981060823,"Quan tâm căn hộ 2PN tại Quận 7 cho gia đình trẻ. Tài chính khoảng 4-5 tỷ, cần hỗ trợ vay ngân hàng 70%. Muốn đi xem nhà mẫu vào cuối tuần này.",16,16,18,8,8,66,0,66,WARM,☀️ WARM LEAD,"Gia đình trẻ, quan tâm căn 2PN Q7 (4-5 tỷ), cần hỗ trợ vay 70%, muốn đi xem nhà mẫu cuối tuần.","Chuyên viên tư vấn gọi trong 1 - 2 giờ, hỗ trợ phương án tài chính & hẹn nhà mẫu","Dạ em chào anh/chị Đặng Minh Trang, em là [Tên Sales] dự án căn hộ Quận 7. Em thấy gia đình mình quan tâm căn 2PN tài chính 4-5 tỷ và cần gói vay 70%. Em đã lập sẵn bảng tính dòng tiền miễn lãi 2 năm đầu. Thứ Bảy này bên em có xe đưa đón tham quan nhà mẫu, em xin phép đăng ký lịch cho gia đình mình nhé ạ?"
306,Nguyễn Thị Sơn,751966991,"Cần mua đất nền vùng ven (Long An, Đồng Nai) để đầu tư dài hạn. Tài chính 2-3 tỷ. Yêu cầu sổ hồng riêng, không dính quy hoạch.",12,14,10,8,8,52,0,52,WARM,☀️ WARM LEAD,"Cần mua đất nền vùng ven (Long An, Đồng Nai) 2-3 tỷ đầu tư dài hạn, yêu cầu sổ hồng riêng.","Chuyên viên tư vấn gọi trong 1 - 2 giờ, hỗ trợ phương án tài chính & hẹn nhà mẫu","Dạ em chào anh/chị Nguyễn Thị Sơn, em phụ trách đất nền khu Đông & vùng ven. Em có 3 lô đất Long An/Đồng Nai tài chính 2-3 tỷ đã có sổ hồng riêng từng nền, không dính quy hoạch. Em xin phép gửi sổ và trích lục bản đồ địa chính qua Zalo cho anh/chị xem trước nhé ạ."
307,Hồ Thị Dũng,751443438,"Tìm nhà phố liền kề khu vực nội thành, ưu tiên gần trường học và bệnh viện. Ngân sách 8-10 tỷ. Đang cân nhắc giữa 2 dự án, cần tư vấn thêm về chính sách chiết khấu.",22,18,14,8,8,70,0,70,WARM,☀️ WARM LEAD,"Tìm nhà phố 8-10 tỷ gần trường học, đang so sánh 2 dự án, quan tâm chính sách chiết khấu.","Chuyên viên tư vấn gọi trong 1 - 2 giờ, hỗ trợ phương án tài chính & hẹn nhà mẫu","Dạ em chào anh/chị Hồ Thị Dũng, biết anh/chị đang cân nhắc nhà phố nội thành gần trường học tài chính 8-10 tỷ. Em đã làm bảng so sánh chi tiết ưu thế và chính sách chiết khấu thanh toán sớm 8% bên em so với dự án anh/chị đang xem. Em xin phép gửi qua Zalo để anh/chị tham khảo nhé ạ."
308,Đặng Ngọc Nam,757643872,"Hỏi giá cho vui, chưa có ý định mua trong năm nay. Ngân sách rất thấp so với mặt bằng chung (đòi mua nhà Q1 giá 1 tỷ).",0,0,0,0,0,0,-50,0,COLD,❄️ COLD LEAD,"Lý do loại: Yêu cầu phi thực tế (Giá vô lý), Khách không thiện chí (Hỏi cho vui)",Chặn số / Đưa vào Blacklist / Drip Marketing tự động,Không thực hiện gọi trực tiếp. Chuyển vào hệ thống chăm sóc tự động định kỳ.
309,Bùi Ngọc Trang,780633731,"Tìm nhà thuê nguyên căn giá 2 triệu ở trung tâm thành phố. Yêu cầu phi thực tế, thái độ không hợp tác khi tư vấn.",0,0,0,0,0,0,-50,0,COLD,❄️ COLD LEAD,"Lý do loại: Yêu cầu phi thực tế (Giá vô lý), Khách không thiện chí (Hỏi cho vui)",Chặn số / Đưa vào Blacklist / Drip Marketing tự động,Không thực hiện gọi trực tiếp. Chuyển vào hệ thống chăm sóc tự động định kỳ.
310,Dương Minh Trang,977636417,"Quan tâm căn hộ 2PN tại Quận 7 cho gia đình trẻ. Tài chính khoảng 4-5 tỷ, cần hỗ trợ vay ngân hàng 70%. Muốn đi xem nhà mẫu vào cuối tuần này.",16,16,18,8,8,66,0,66,WARM,☀️ WARM LEAD,"Gia đình trẻ, quan tâm căn 2PN Q7 (4-5 tỷ), cần hỗ trợ vay 70%, muốn đi xem nhà mẫu cuối tuần.","Chuyên viên tư vấn gọi trong 1 - 2 giờ, hỗ trợ phương án tài chính & hẹn nhà mẫu","Dạ em chào anh/chị Dương Minh Trang, em là [Tên Sales] dự án căn hộ Quận 7. Em thấy gia đình mình quan tâm căn 2PN tài chính 4-5 tỷ và cần gói vay 70%. Em đã lập sẵn bảng tính dòng tiền miễn lãi 2 năm đầu. Thứ Bảy này bên em có xe đưa đón tham quan nhà mẫu, em xin phép đăng ký lịch cho gia đình mình nhé ạ?"
311,Dương Văn Hoa,762849450,"Hỏi giá cho vui, chưa có ý định mua trong năm nay. Ngân sách rất thấp so với mặt bằng chung (đòi mua nhà Q1 giá 1 tỷ).",0,0,0,0,0,0,-50,0,COLD,❄️ COLD LEAD,"Lý do loại: Yêu cầu phi thực tế (Giá vô lý), Khách không thiện chí (Hỏi cho vui)",Chặn số / Đưa vào Blacklist / Drip Marketing tự động,Không thực hiện gọi trực tiếp. Chuyển vào hệ thống chăm sóc tự động định kỳ.
312,Nguyễn Hồng Anh,338243267,"Tìm nhà phố liền kề khu vực nội thành, ưu tiên gần trường học và bệnh viện. Ngân sách 8-10 tỷ. Đang cân nhắc giữa 2 dự án, cần tư vấn thêm về chính sách chiết khấu.",22,18,14,8,8,70,0,70,WARM,☀️ WARM LEAD,"Tìm nhà phố 8-10 tỷ gần trường học, đang so sánh 2 dự án, quan tâm chính sách chiết khấu.","Chuyên viên tư vấn gọi trong 1 - 2 giờ, hỗ trợ phương án tài chính & hẹn nhà mẫu","Dạ em chào anh/chị Nguyễn Hồng Anh, biết anh/chị đang cân nhắc nhà phố nội thành gần trường học tài chính 8-10 tỷ. Em đã làm bảng so sánh chi tiết ưu thế và chính sách chiết khấu thanh toán sớm 8% bên em so với dự án anh/chị đang xem. Em xin phép gửi qua Zalo để anh/chị tham khảo nhé ạ."
313,Hồ Hoàng Linh,715590132,"Hỏi giá cho vui, chưa có ý định mua trong năm nay. Ngân sách rất thấp so với mặt bằng chung (đòi mua nhà Q1 giá 1 tỷ).",0,0,0,0,0,0,-50,0,COLD,❄️ COLD LEAD,"Lý do loại: Yêu cầu phi thực tế (Giá vô lý), Khách không thiện chí (Hỏi cho vui)",Chặn số / Đưa vào Blacklist / Drip Marketing tự động,Không thực hiện gọi trực tiếp. Chuyển vào hệ thống chăm sóc tự động định kỳ.
314,Phạm Hoàng Quân,864228600,"Hỏi giá cho vui, chưa có ý định mua trong năm nay. Ngân sách rất thấp so với mặt bằng chung (đòi mua nhà Q1 giá 1 tỷ).",0,0,0,0,0,0,-50,0,COLD,❄️ COLD LEAD,"Lý do loại: Yêu cầu phi thực tế (Giá vô lý), Khách không thiện chí (Hỏi cho vui)",Chặn số / Đưa vào Blacklist / Drip Marketing tự động,Không thực hiện gọi trực tiếp. Chuyển vào hệ thống chăm sóc tự động định kỳ.
315,Lê Phương Tuấn,843026359,"Tìm nhà thuê nguyên căn giá 2 triệu ở trung tâm thành phố. Yêu cầu phi thực tế, thái độ không hợp tác khi tư vấn.",0,0,0,0,0,0,-50,0,COLD,❄️ COLD LEAD,"Lý do loại: Yêu cầu phi thực tế (Giá vô lý), Khách không thiện chí (Hỏi cho vui)",Chặn số / Đưa vào Blacklist / Drip Marketing tự động,Không thực hiện gọi trực tiếp. Chuyển vào hệ thống chăm sóc tự động định kỳ.
316,Đặng Văn Hùng,799522007,"Chủ doanh nghiệp lớn, cần tìm quỹ đất công nghiệp hoặc sàn văn phòng diện tích trên 2000m2 tại khu Đông. Tài chính cực mạnh, yêu cầu pháp lý chuẩn 100%.",30,25,18,15,10,98,50,100,HOT,🔥 HOT LEAD,"VIP Flags: Ngân sách VIP (>= 20 tỷ / Tài chính mạnh), Sản phẩm VIP / Độc bản, Chân dung VIP (Chủ DN/NĐT gom sỉ), Minh bạch / Muốn gặp CĐT. Khách hàng phân khúc cao cấp/tài chính mạnh.",Giao Giám đốc Dự án / Senior Broker gọi ngay trong vòng 5 - 15 phút,"Dạ em chào anh/chị Đặng Văn Hùng, em phụ trách BĐS Thương mại & Doanh nghiệp. Nhận thông tin doanh nghiệp mình cần quỹ đất/sàn văn phòng >2000m2 chuẩn pháp lý 100% tại Khu Đông, bên em có sẵn 2 quỹ đất sổ đỏ hoàn chỉnh. Chiều nay em xin phép mang trích lục quy hoạch 1/500 qua văn phòng gửi anh/chị ạ."
317,Nguyễn Đức Tâm,941538995,"Đang tìm thuê mặt bằng kinh doanh spa tại Quận 1, diện tích khoảng 80-100m2. Giá thuê mong muốn dưới 50 triệu/tháng. Cần ký hợp đồng dài hạn.",14,16,14,8,6,58,0,58,WARM,☀️ WARM LEAD,"Tìm thuê mặt bằng spa Quận 1 (80-100m2), giá dưới 50 triệu/tháng, hợp đồng dài hạn.","Chuyên viên tư vấn gọi trong 1 - 2 giờ, hỗ trợ phương án tài chính & hẹn nhà mẫu","Dạ em chào anh/chị Nguyễn Đức Tâm, em bên mảng mặt bằng thương mại. Em nắm được nhu cầu thuê mặt bằng spa 80-100m2 tại Quận 1 dưới 50 triệu. Em đang có sẵn 2 căn vỉa hè rộng, hạ tầng cấp thoát nước hoàn chỉnh. Chiều nay em có thể dẫn anh/chị qua xem trực tiếp được không ạ?"
318,Đỗ Anh Nam,920685323,"Quan tâm căn hộ 2PN tại Quận 7 cho gia đình trẻ. Tài chính khoảng 4-5 tỷ, cần hỗ trợ vay ngân hàng 70%. Muốn đi xem nhà mẫu vào cuối tuần này.",16,16,18,8,8,66,0,66,WARM,☀️ WARM LEAD,"Gia đình trẻ, quan tâm căn 2PN Q7 (4-5 tỷ), cần hỗ trợ vay 70%, muốn đi xem nhà mẫu cuối tuần.","Chuyên viên tư vấn gọi trong 1 - 2 giờ, hỗ trợ phương án tài chính & hẹn nhà mẫu","Dạ em chào anh/chị Đỗ Anh Nam, em là [Tên Sales] dự án căn hộ Quận 7. Em thấy gia đình mình quan tâm căn 2PN tài chính 4-5 tỷ và cần gói vay 70%. Em đã lập sẵn bảng tính dòng tiền miễn lãi 2 năm đầu. Thứ Bảy này bên em có xe đưa đón tham quan nhà mẫu, em xin phép đăng ký lịch cho gia đình mình nhé ạ?"
319,Phan Đức Hùng,353654963,"Đang tìm thuê mặt bằng kinh doanh spa tại Quận 1, diện tích khoảng 80-100m2. Giá thuê mong muốn dưới 50 triệu/tháng. Cần ký hợp đồng dài hạn.",14,16,14,8,6,58,0,58,WARM,☀️ WARM LEAD,"Tìm thuê mặt bằng spa Quận 1 (80-100m2), giá dưới 50 triệu/tháng, hợp đồng dài hạn.","Chuyên viên tư vấn gọi trong 1 - 2 giờ, hỗ trợ phương án tài chính & hẹn nhà mẫu","Dạ em chào anh/chị Phan Đức Hùng, em bên mảng mặt bằng thương mại. Em nắm được nhu cầu thuê mặt bằng spa 80-100m2 tại Quận 1 dưới 50 triệu. Em đang có sẵn 2 căn vỉa hè rộng, hạ tầng cấp thoát nước hoàn chỉnh. Chiều nay em có thể dẫn anh/chị qua xem trực tiếp được không ạ?"
320,Phạm Văn Mai,799828772,"Quan tâm căn hộ 2PN tại Quận 7 cho gia đình trẻ. Tài chính khoảng 4-5 tỷ, cần hỗ trợ vay ngân hàng 70%. Muốn đi xem nhà mẫu vào cuối tuần này.",16,16,18,8,8,66,0,66,WARM,☀️ WARM LEAD,"Gia đình trẻ, quan tâm căn 2PN Q7 (4-5 tỷ), cần hỗ trợ vay 70%, muốn đi xem nhà mẫu cuối tuần.","Chuyên viên tư vấn gọi trong 1 - 2 giờ, hỗ trợ phương án tài chính & hẹn nhà mẫu","Dạ em chào anh/chị Phạm Văn Mai, em là [Tên Sales] dự án căn hộ Quận 7. Em thấy gia đình mình quan tâm căn 2PN tài chính 4-5 tỷ và cần gói vay 70%. Em đã lập sẵn bảng tính dòng tiền miễn lãi 2 năm đầu. Thứ Bảy này bên em có xe đưa đón tham quan nhà mẫu, em xin phép đăng ký lịch cho gia đình mình nhé ạ?"
321,Vũ Đức Tuấn,738844016,"Chủ doanh nghiệp lớn, cần tìm quỹ đất công nghiệp hoặc sàn văn phòng diện tích trên 2000m2 tại khu Đông. Tài chính cực mạnh, yêu cầu pháp lý chuẩn 100%.",30,25,18,15,10,98,50,100,HOT,🔥 HOT LEAD,"VIP Flags: Ngân sách VIP (>= 20 tỷ / Tài chính mạnh), Sản phẩm VIP / Độc bản, Chân dung VIP (Chủ DN/NĐT gom sỉ), Minh bạch / Muốn gặp CĐT. Khách hàng phân khúc cao cấp/tài chính mạnh.",Giao Giám đốc Dự án / Senior Broker gọi ngay trong vòng 5 - 15 phút,"Dạ em chào anh/chị Vũ Đức Tuấn, em phụ trách BĐS Thương mại & Doanh nghiệp. Nhận thông tin doanh nghiệp mình cần quỹ đất/sàn văn phòng >2000m2 chuẩn pháp lý 100% tại Khu Đông, bên em có sẵn 2 quỹ đất sổ đỏ hoàn chỉnh. Chiều nay em xin phép mang trích lục quy hoạch 1/500 qua văn phòng gửi anh/chị ạ."
322,Ngô Phương Lan,858044308,"Đang tìm thuê mặt bằng kinh doanh spa tại Quận 1, diện tích khoảng 80-100m2. Giá thuê mong muốn dưới 50 triệu/tháng. Cần ký hợp đồng dài hạn.",14,16,14,8,6,58,0,58,WARM,☀️ WARM LEAD,"Tìm thuê mặt bằng spa Quận 1 (80-100m2), giá dưới 50 triệu/tháng, hợp đồng dài hạn.","Chuyên viên tư vấn gọi trong 1 - 2 giờ, hỗ trợ phương án tài chính & hẹn nhà mẫu","Dạ em chào anh/chị Ngô Phương Lan, em bên mảng mặt bằng thương mại. Em nắm được nhu cầu thuê mặt bằng spa 80-100m2 tại Quận 1 dưới 50 triệu. Em đang có sẵn 2 căn vỉa hè rộng, hạ tầng cấp thoát nước hoàn chỉnh. Chiều nay em có thể dẫn anh/chị qua xem trực tiếp được không ạ?"
323,Phạm Hồng Sơn,368542129,"Cần mua đất nền vùng ven (Long An, Đồng Nai) để đầu tư dài hạn. Tài chính 2-3 tỷ. Yêu cầu sổ hồng riêng, không dính quy hoạch.",12,14,10,8,8,52,0,52,WARM,☀️ WARM LEAD,"Cần mua đất nền vùng ven (Long An, Đồng Nai) 2-3 tỷ đầu tư dài hạn, yêu cầu sổ hồng riêng.","Chuyên viên tư vấn gọi trong 1 - 2 giờ, hỗ trợ phương án tài chính & hẹn nhà mẫu","Dạ em chào anh/chị Phạm Hồng Sơn, em phụ trách đất nền khu Đông & vùng ven. Em có 3 lô đất Long An/Đồng Nai tài chính 2-3 tỷ đã có sổ hồng riêng từng nền, không dính quy hoạch. Em xin phép gửi sổ và trích lục bản đồ địa chính qua Zalo cho anh/chị xem trước nhé ạ."
324,Vũ Đức Cường,729995200,"Spam, gọi điện đến chỉ để quảng cáo ngược lại dịch vụ bảo hiểm.",0,0,0,0,0,0,-50,0,COLD,❄️ COLD LEAD,Lý do loại: Spam / Mời chào dịch vụ khác,Chặn số / Đưa vào Blacklist / Drip Marketing tự động,Không thực hiện gọi trực tiếp. Chuyển vào hệ thống chăm sóc tự động định kỳ.
325,Bùi Phương Cường,384145308,"Số điện thoại hay bị thuê bao, gọi nhiều lần không bắt máy. Nhắn tin Zalo không phản hồi.",0,0,0,0,0,0,-50,0,COLD,❄️ COLD LEAD,Lý do loại: Không liên lạc được (Thuê bao/Không rep),Chặn số / Đưa vào Blacklist / Drip Marketing tự động,Không thực hiện gọi trực tiếp. Chuyển vào hệ thống chăm sóc tự động định kỳ.
326,Dương Thị Mai,744321794,"Hỏi giá cho vui, chưa có ý định mua trong năm nay. Ngân sách rất thấp so với mặt bằng chung (đòi mua nhà Q1 giá 1 tỷ).",0,0,0,0,0,0,-50,0,COLD,❄️ COLD LEAD,"Lý do loại: Yêu cầu phi thực tế (Giá vô lý), Khách không thiện chí (Hỏi cho vui)",Chặn số / Đưa vào Blacklist / Drip Marketing tự động,Không thực hiện gọi trực tiếp. Chuyển vào hệ thống chăm sóc tự động định kỳ.
327,Phạm Anh Tuấn,952593093,"Spam, gọi điện đến chỉ để quảng cáo ngược lại dịch vụ bảo hiểm.",0,0,0,0,0,0,-50,0,COLD,❄️ COLD LEAD,Lý do loại: Spam / Mời chào dịch vụ khác,Chặn số / Đưa vào Blacklist / Drip Marketing tự động,Không thực hiện gọi trực tiếp. Chuyển vào hệ thống chăm sóc tự động định kỳ.
328,Lý Anh Sơn,991706416,"Tìm nhà phố liền kề khu vực nội thành, ưu tiên gần trường học và bệnh viện. Ngân sách 8-10 tỷ. Đang cân nhắc giữa 2 dự án, cần tư vấn thêm về chính sách chiết khấu.",22,18,14,8,8,70,0,70,WARM,☀️ WARM LEAD,"Tìm nhà phố 8-10 tỷ gần trường học, đang so sánh 2 dự án, quan tâm chính sách chiết khấu.","Chuyên viên tư vấn gọi trong 1 - 2 giờ, hỗ trợ phương án tài chính & hẹn nhà mẫu","Dạ em chào anh/chị Lý Anh Sơn, biết anh/chị đang cân nhắc nhà phố nội thành gần trường học tài chính 8-10 tỷ. Em đã làm bảng so sánh chi tiết ưu thế và chính sách chiết khấu thanh toán sớm 8% bên em so với dự án anh/chị đang xem. Em xin phép gửi qua Zalo để anh/chị tham khảo nhé ạ."
329,Vũ Minh Trang,787672259,"Tìm nhà phố liền kề khu vực nội thành, ưu tiên gần trường học và bệnh viện. Ngân sách 8-10 tỷ. Đang cân nhắc giữa 2 dự án, cần tư vấn thêm về chính sách chiết khấu.",22,18,14,8,8,70,0,70,WARM,☀️ WARM LEAD,"Tìm nhà phố 8-10 tỷ gần trường học, đang so sánh 2 dự án, quan tâm chính sách chiết khấu.","Chuyên viên tư vấn gọi trong 1 - 2 giờ, hỗ trợ phương án tài chính & hẹn nhà mẫu","Dạ em chào anh/chị Vũ Minh Trang, biết anh/chị đang cân nhắc nhà phố nội thành gần trường học tài chính 8-10 tỷ. Em đã làm bảng so sánh chi tiết ưu thế và chính sách chiết khấu thanh toán sớm 8% bên em so với dự án anh/chị đang xem. Em xin phép gửi qua Zalo để anh/chị tham khảo nhé ạ."
330,Bùi Ngọc Tuấn,331297064,"Số điện thoại hay bị thuê bao, gọi nhiều lần không bắt máy. Nhắn tin Zalo không phản hồi.",0,0,0,0,0,0,-50,0,COLD,❄️ COLD LEAD,Lý do loại: Không liên lạc được (Thuê bao/Không rep),Chặn số / Đưa vào Blacklist / Drip Marketing tự động,Không thực hiện gọi trực tiếp. Chuyển vào hệ thống chăm sóc tự động định kỳ.
331,Trần Đức Lan,951239952,"Cần mua đất nền vùng ven (Long An, Đồng Nai) để đầu tư dài hạn. Tài chính 2-3 tỷ. Yêu cầu sổ hồng riêng, không dính quy hoạch.",12,14,10,8,8,52,0,52,WARM,☀️ WARM LEAD,"Cần mua đất nền vùng ven (Long An, Đồng Nai) 2-3 tỷ đầu tư dài hạn, yêu cầu sổ hồng riêng.","Chuyên viên tư vấn gọi trong 1 - 2 giờ, hỗ trợ phương án tài chính & hẹn nhà mẫu","Dạ em chào anh/chị Trần Đức Lan, em phụ trách đất nền khu Đông & vùng ven. Em có 3 lô đất Long An/Đồng Nai tài chính 2-3 tỷ đã có sổ hồng riêng từng nền, không dính quy hoạch. Em xin phép gửi sổ và trích lục bản đồ địa chính qua Zalo cho anh/chị xem trước nhé ạ."
332,Lê Anh Tâm,886447276,"Cần mua đất nền vùng ven (Long An, Đồng Nai) để đầu tư dài hạn. Tài chính 2-3 tỷ. Yêu cầu sổ hồng riêng, không dính quy hoạch.",12,14,10,8,8,52,0,52,WARM,☀️ WARM LEAD,"Cần mua đất nền vùng ven (Long An, Đồng Nai) 2-3 tỷ đầu tư dài hạn, yêu cầu sổ hồng riêng.","Chuyên viên tư vấn gọi trong 1 - 2 giờ, hỗ trợ phương án tài chính & hẹn nhà mẫu","Dạ em chào anh/chị Lê Anh Tâm, em phụ trách đất nền khu Đông & vùng ven. Em có 3 lô đất Long An/Đồng Nai tài chính 2-3 tỷ đã có sổ hồng riêng từng nền, không dính quy hoạch. Em xin phép gửi sổ và trích lục bản đồ địa chính qua Zalo cho anh/chị xem trước nhé ạ."
333,Bùi Đức Dũng,350026785,"Hỏi giá cho vui, chưa có ý định mua trong năm nay. Ngân sách rất thấp so với mặt bằng chung (đòi mua nhà Q1 giá 1 tỷ).",0,0,0,0,0,0,-50,0,COLD,❄️ COLD LEAD,"Lý do loại: Yêu cầu phi thực tế (Giá vô lý), Khách không thiện chí (Hỏi cho vui)",Chặn số / Đưa vào Blacklist / Drip Marketing tự động,Không thực hiện gọi trực tiếp. Chuyển vào hệ thống chăm sóc tự động định kỳ.
334,Trần Đức Hùng,741718419,"Tìm nhà phố liền kề khu vực nội thành, ưu tiên gần trường học và bệnh viện. Ngân sách 8-10 tỷ. Đang cân nhắc giữa 2 dự án, cần tư vấn thêm về chính sách chiết khấu.",22,18,14,8,8,70,0,70,WARM,☀️ WARM LEAD,"Tìm nhà phố 8-10 tỷ gần trường học, đang so sánh 2 dự án, quan tâm chính sách chiết khấu.","Chuyên viên tư vấn gọi trong 1 - 2 giờ, hỗ trợ phương án tài chính & hẹn nhà mẫu","Dạ em chào anh/chị Trần Đức Hùng, biết anh/chị đang cân nhắc nhà phố nội thành gần trường học tài chính 8-10 tỷ. Em đã làm bảng so sánh chi tiết ưu thế và chính sách chiết khấu thanh toán sớm 8% bên em so với dự án anh/chị đang xem. Em xin phép gửi qua Zalo để anh/chị tham khảo nhé ạ."
335,Nguyễn Ngọc Hùng,726042174,"Quan tâm căn hộ 2PN tại Quận 7 cho gia đình trẻ. Tài chính khoảng 4-5 tỷ, cần hỗ trợ vay ngân hàng 70%. Muốn đi xem nhà mẫu vào cuối tuần này.",16,16,18,8,8,66,0,66,WARM,☀️ WARM LEAD,"Gia đình trẻ, quan tâm căn 2PN Q7 (4-5 tỷ), cần hỗ trợ vay 70%, muốn đi xem nhà mẫu cuối tuần.","Chuyên viên tư vấn gọi trong 1 - 2 giờ, hỗ trợ phương án tài chính & hẹn nhà mẫu","Dạ em chào anh/chị Nguyễn Ngọc Hùng, em là [Tên Sales] dự án căn hộ Quận 7. Em thấy gia đình mình quan tâm căn 2PN tài chính 4-5 tỷ và cần gói vay 70%. Em đã lập sẵn bảng tính dòng tiền miễn lãi 2 năm đầu. Thứ Bảy này bên em có xe đưa đón tham quan nhà mẫu, em xin phép đăng ký lịch cho gia đình mình nhé ạ?"
336,Phạm Anh Sơn,867106446,"Tìm nhà phố liền kề khu vực nội thành, ưu tiên gần trường học và bệnh viện. Ngân sách 8-10 tỷ. Đang cân nhắc giữa 2 dự án, cần tư vấn thêm về chính sách chiết khấu.",22,18,14,8,8,70,0,70,WARM,☀️ WARM LEAD,"Tìm nhà phố 8-10 tỷ gần trường học, đang so sánh 2 dự án, quan tâm chính sách chiết khấu.","Chuyên viên tư vấn gọi trong 1 - 2 giờ, hỗ trợ phương án tài chính & hẹn nhà mẫu","Dạ em chào anh/chị Phạm Anh Sơn, biết anh/chị đang cân nhắc nhà phố nội thành gần trường học tài chính 8-10 tỷ. Em đã làm bảng so sánh chi tiết ưu thế và chính sách chiết khấu thanh toán sớm 8% bên em so với dự án anh/chị đang xem. Em xin phép gửi qua Zalo để anh/chị tham khảo nhé ạ."
337,Đỗ Phương Hoa,376453755,"Khách hàng VIP, quan tâm biệt thự đơn lập phân khu cao cấp nhất. Ngân sách trên 30 tỷ, thanh toán thẳng. Yêu cầu vị trí ven sông, hướng Đông Nam. Đã từng mua nhiều dự án của tập đoàn.",30,25,18,15,10,98,50,100,HOT,🔥 HOT LEAD,"VIP Flags: Ngân sách VIP (>= 20 tỷ / Tài chính mạnh), Sản phẩm VIP / Độc bản, Vị trí Đắc địa (Ven sông/Phú Mỹ Hưng), Chân dung VIP (Chủ DN/NĐT gom sỉ). Khách hàng phân khúc cao cấp/tài chính mạnh.",Giao Giám đốc Dự án / Senior Broker gọi ngay trong vòng 5 - 15 phút,"Dạ em chào anh/chị Đỗ Phương Hoa, em là [Tên Sales] phụ trách phân khu Biệt thự ven sông cao cấp nhất. Em được biết anh/chị đã từng sở hữu nhiều sản phẩm của tập đoàn và đang tìm căn biệt thự đơn lập hướng Đông Nam thanh toán thẳng trên 30 tỷ. Em đã chuẩn bị sẵn sơ đồ lô góc vị trí đắc địa nhất, em xin phép mang tài liệu qua gửi anh/chị tham khảo ạ."
338,Ngô Anh Hoa,841004560,"Cần mua đất nền vùng ven (Long An, Đồng Nai) để đầu tư dài hạn. Tài chính 2-3 tỷ. Yêu cầu sổ hồng riêng, không dính quy hoạch.",12,14,10,8,8,52,0,52,WARM,☀️ WARM LEAD,"Cần mua đất nền vùng ven (Long An, Đồng Nai) 2-3 tỷ đầu tư dài hạn, yêu cầu sổ hồng riêng.","Chuyên viên tư vấn gọi trong 1 - 2 giờ, hỗ trợ phương án tài chính & hẹn nhà mẫu","Dạ em chào anh/chị Ngô Anh Hoa, em phụ trách đất nền khu Đông & vùng ven. Em có 3 lô đất Long An/Đồng Nai tài chính 2-3 tỷ đã có sổ hồng riêng từng nền, không dính quy hoạch. Em xin phép gửi sổ và trích lục bản đồ địa chính qua Zalo cho anh/chị xem trước nhé ạ."
339,Phan Hoàng Cường,389228348,"Quan tâm căn hộ 2PN tại Quận 7 cho gia đình trẻ. Tài chính khoảng 4-5 tỷ, cần hỗ trợ vay ngân hàng 70%. Muốn đi xem nhà mẫu vào cuối tuần này.",16,16,18,8,8,66,0,66,WARM,☀️ WARM LEAD,"Gia đình trẻ, quan tâm căn 2PN Q7 (4-5 tỷ), cần hỗ trợ vay 70%, muốn đi xem nhà mẫu cuối tuần.","Chuyên viên tư vấn gọi trong 1 - 2 giờ, hỗ trợ phương án tài chính & hẹn nhà mẫu","Dạ em chào anh/chị Phan Hoàng Cường, em là [Tên Sales] dự án căn hộ Quận 7. Em thấy gia đình mình quan tâm căn 2PN tài chính 4-5 tỷ và cần gói vay 70%. Em đã lập sẵn bảng tính dòng tiền miễn lãi 2 năm đầu. Thứ Bảy này bên em có xe đưa đón tham quan nhà mẫu, em xin phép đăng ký lịch cho gia đình mình nhé ạ?"
340,Phan Hồng Cường,761169947,"Quan tâm căn hộ 2PN tại Quận 7 cho gia đình trẻ. Tài chính khoảng 4-5 tỷ, cần hỗ trợ vay ngân hàng 70%. Muốn đi xem nhà mẫu vào cuối tuần này.",16,16,18,8,8,66,0,66,WARM,☀️ WARM LEAD,"Gia đình trẻ, quan tâm căn 2PN Q7 (4-5 tỷ), cần hỗ trợ vay 70%, muốn đi xem nhà mẫu cuối tuần.","Chuyên viên tư vấn gọi trong 1 - 2 giờ, hỗ trợ phương án tài chính & hẹn nhà mẫu","Dạ em chào anh/chị Phan Hồng Cường, em là [Tên Sales] dự án căn hộ Quận 7. Em thấy gia đình mình quan tâm căn 2PN tài chính 4-5 tỷ và cần gói vay 70%. Em đã lập sẵn bảng tính dòng tiền miễn lãi 2 năm đầu. Thứ Bảy này bên em có xe đưa đón tham quan nhà mẫu, em xin phép đăng ký lịch cho gia đình mình nhé ạ?"
341,Hồ Minh Tuấn,750178246,"Đang tìm thuê mặt bằng kinh doanh spa tại Quận 1, diện tích khoảng 80-100m2. Giá thuê mong muốn dưới 50 triệu/tháng. Cần ký hợp đồng dài hạn.",14,16,14,8,6,58,0,58,WARM,☀️ WARM LEAD,"Tìm thuê mặt bằng spa Quận 1 (80-100m2), giá dưới 50 triệu/tháng, hợp đồng dài hạn.","Chuyên viên tư vấn gọi trong 1 - 2 giờ, hỗ trợ phương án tài chính & hẹn nhà mẫu","Dạ em chào anh/chị Hồ Minh Tuấn, em bên mảng mặt bằng thương mại. Em nắm được nhu cầu thuê mặt bằng spa 80-100m2 tại Quận 1 dưới 50 triệu. Em đang có sẵn 2 căn vỉa hè rộng, hạ tầng cấp thoát nước hoàn chỉnh. Chiều nay em có thể dẫn anh/chị qua xem trực tiếp được không ạ?"
342,Dương Ngọc Lan,881761398,"Tìm nhà thuê nguyên căn giá 2 triệu ở trung tâm thành phố. Yêu cầu phi thực tế, thái độ không hợp tác khi tư vấn.",0,0,0,0,0,0,-50,0,COLD,❄️ COLD LEAD,"Lý do loại: Yêu cầu phi thực tế (Giá vô lý), Khách không thiện chí (Hỏi cho vui)",Chặn số / Đưa vào Blacklist / Drip Marketing tự động,Không thực hiện gọi trực tiếp. Chuyển vào hệ thống chăm sóc tự động định kỳ.
343,Dương Anh Tâm,342191699,"Đang tìm thuê mặt bằng kinh doanh spa tại Quận 1, diện tích khoảng 80-100m2. Giá thuê mong muốn dưới 50 triệu/tháng. Cần ký hợp đồng dài hạn.",14,16,14,8,6,58,0,58,WARM,☀️ WARM LEAD,"Tìm thuê mặt bằng spa Quận 1 (80-100m2), giá dưới 50 triệu/tháng, hợp đồng dài hạn.","Chuyên viên tư vấn gọi trong 1 - 2 giờ, hỗ trợ phương án tài chính & hẹn nhà mẫu","Dạ em chào anh/chị Dương Anh Tâm, em bên mảng mặt bằng thương mại. Em nắm được nhu cầu thuê mặt bằng spa 80-100m2 tại Quận 1 dưới 50 triệu. Em đang có sẵn 2 căn vỉa hè rộng, hạ tầng cấp thoát nước hoàn chỉnh. Chiều nay em có thể dẫn anh/chị qua xem trực tiếp được không ạ?"
344,Phạm Hồng Sơn,930017104,"Cần mua đất nền vùng ven (Long An, Đồng Nai) để đầu tư dài hạn. Tài chính 2-3 tỷ. Yêu cầu sổ hồng riêng, không dính quy hoạch.",12,14,10,8,8,52,0,52,WARM,☀️ WARM LEAD,"Cần mua đất nền vùng ven (Long An, Đồng Nai) 2-3 tỷ đầu tư dài hạn, yêu cầu sổ hồng riêng.","Chuyên viên tư vấn gọi trong 1 - 2 giờ, hỗ trợ phương án tài chính & hẹn nhà mẫu","Dạ em chào anh/chị Phạm Hồng Sơn, em phụ trách đất nền khu Đông & vùng ven. Em có 3 lô đất Long An/Đồng Nai tài chính 2-3 tỷ đã có sổ hồng riêng từng nền, không dính quy hoạch. Em xin phép gửi sổ và trích lục bản đồ địa chính qua Zalo cho anh/chị xem trước nhé ạ."
345,Dương Bảo Trang,375061442,"Quan tâm căn hộ 2PN tại Quận 7 cho gia đình trẻ. Tài chính khoảng 4-5 tỷ, cần hỗ trợ vay ngân hàng 70%. Muốn đi xem nhà mẫu vào cuối tuần này.",16,16,18,8,8,66,0,66,WARM,☀️ WARM LEAD,"Gia đình trẻ, quan tâm căn 2PN Q7 (4-5 tỷ), cần hỗ trợ vay 70%, muốn đi xem nhà mẫu cuối tuần.","Chuyên viên tư vấn gọi trong 1 - 2 giờ, hỗ trợ phương án tài chính & hẹn nhà mẫu","Dạ em chào anh/chị Dương Bảo Trang, em là [Tên Sales] dự án căn hộ Quận 7. Em thấy gia đình mình quan tâm căn 2PN tài chính 4-5 tỷ và cần gói vay 70%. Em đã lập sẵn bảng tính dòng tiền miễn lãi 2 năm đầu. Thứ Bảy này bên em có xe đưa đón tham quan nhà mẫu, em xin phép đăng ký lịch cho gia đình mình nhé ạ?"
346,Hồ Đức Anh,715114675,"Tìm nhà phố liền kề khu vực nội thành, ưu tiên gần trường học và bệnh viện. Ngân sách 8-10 tỷ. Đang cân nhắc giữa 2 dự án, cần tư vấn thêm về chính sách chiết khấu.",22,18,14,8,8,70,0,70,WARM,☀️ WARM LEAD,"Tìm nhà phố 8-10 tỷ gần trường học, đang so sánh 2 dự án, quan tâm chính sách chiết khấu.","Chuyên viên tư vấn gọi trong 1 - 2 giờ, hỗ trợ phương án tài chính & hẹn nhà mẫu","Dạ em chào anh/chị Hồ Đức Anh, biết anh/chị đang cân nhắc nhà phố nội thành gần trường học tài chính 8-10 tỷ. Em đã làm bảng so sánh chi tiết ưu thế và chính sách chiết khấu thanh toán sớm 8% bên em so với dự án anh/chị đang xem. Em xin phép gửi qua Zalo để anh/chị tham khảo nhé ạ."
347,Hồ Văn Lan,730945092,"Cần mua đất nền vùng ven (Long An, Đồng Nai) để đầu tư dài hạn. Tài chính 2-3 tỷ. Yêu cầu sổ hồng riêng, không dính quy hoạch.",12,14,10,8,8,52,0,52,WARM,☀️ WARM LEAD,"Cần mua đất nền vùng ven (Long An, Đồng Nai) 2-3 tỷ đầu tư dài hạn, yêu cầu sổ hồng riêng.","Chuyên viên tư vấn gọi trong 1 - 2 giờ, hỗ trợ phương án tài chính & hẹn nhà mẫu","Dạ em chào anh/chị Hồ Văn Lan, em phụ trách đất nền khu Đông & vùng ven. Em có 3 lô đất Long An/Đồng Nai tài chính 2-3 tỷ đã có sổ hồng riêng từng nền, không dính quy hoạch. Em xin phép gửi sổ và trích lục bản đồ địa chính qua Zalo cho anh/chị xem trước nhé ạ."
348,Lê Anh Dũng,989263379,"Khách hàng VIP, quan tâm biệt thự đơn lập phân khu cao cấp nhất. Ngân sách trên 30 tỷ, thanh toán thẳng. Yêu cầu vị trí ven sông, hướng Đông Nam. Đã từng mua nhiều dự án của tập đoàn.",30,25,18,15,10,98,50,100,HOT,🔥 HOT LEAD,"VIP Flags: Ngân sách VIP (>= 20 tỷ / Tài chính mạnh), Sản phẩm VIP / Độc bản, Vị trí Đắc địa (Ven sông/Phú Mỹ Hưng), Chân dung VIP (Chủ DN/NĐT gom sỉ). Khách hàng phân khúc cao cấp/tài chính mạnh.",Giao Giám đốc Dự án / Senior Broker gọi ngay trong vòng 5 - 15 phút,"Dạ em chào anh/chị Lê Anh Dũng, em là [Tên Sales] phụ trách phân khu Biệt thự ven sông cao cấp nhất. Em được biết anh/chị đã từng sở hữu nhiều sản phẩm của tập đoàn và đang tìm căn biệt thự đơn lập hướng Đông Nam thanh toán thẳng trên 30 tỷ. Em đã chuẩn bị sẵn sơ đồ lô góc vị trí đắc địa nhất, em xin phép mang tài liệu qua gửi anh/chị tham khảo ạ."
349,Đặng Hoàng Anh,890820609,"Quan tâm căn hộ 2PN tại Quận 7 cho gia đình trẻ. Tài chính khoảng 4-5 tỷ, cần hỗ trợ vay ngân hàng 70%. Muốn đi xem nhà mẫu vào cuối tuần này.",16,16,18,8,8,66,0,66,WARM,☀️ WARM LEAD,"Gia đình trẻ, quan tâm căn 2PN Q7 (4-5 tỷ), cần hỗ trợ vay 70%, muốn đi xem nhà mẫu cuối tuần.","Chuyên viên tư vấn gọi trong 1 - 2 giờ, hỗ trợ phương án tài chính & hẹn nhà mẫu","Dạ em chào anh/chị Đặng Hoàng Anh, em là [Tên Sales] dự án căn hộ Quận 7. Em thấy gia đình mình quan tâm căn 2PN tài chính 4-5 tỷ và cần gói vay 70%. Em đã lập sẵn bảng tính dòng tiền miễn lãi 2 năm đầu. Thứ Bảy này bên em có xe đưa đón tham quan nhà mẫu, em xin phép đăng ký lịch cho gia đình mình nhé ạ?"
350,Ngô Phương Anh,368618015,"Cần mua đất nền vùng ven (Long An, Đồng Nai) để đầu tư dài hạn. Tài chính 2-3 tỷ. Yêu cầu sổ hồng riêng, không dính quy hoạch.",12,14,10,8,8,52,0,52,WARM,☀️ WARM LEAD,"Cần mua đất nền vùng ven (Long An, Đồng Nai) 2-3 tỷ đầu tư dài hạn, yêu cầu sổ hồng riêng.","Chuyên viên tư vấn gọi trong 1 - 2 giờ, hỗ trợ phương án tài chính & hẹn nhà mẫu","Dạ em chào anh/chị Ngô Phương Anh, em phụ trách đất nền khu Đông & vùng ven. Em có 3 lô đất Long An/Đồng Nai tài chính 2-3 tỷ đã có sổ hồng riêng từng nền, không dính quy hoạch. Em xin phép gửi sổ và trích lục bản đồ địa chính qua Zalo cho anh/chị xem trước nhé ạ."
351,Hồ Anh Mai,979763233,"Khách hàng nhầm số, không có nhu cầu về bất động sản. Có vẻ là dữ liệu cũ từ ngành khác trộn vào.",0,0,0,0,0,0,-50,0,COLD,❄️ COLD LEAD,Lý do loại: Nhầm số / Không có nhu cầu BĐS,Chặn số / Đưa vào Blacklist / Drip Marketing tự động,Không thực hiện gọi trực tiếp. Chuyển vào hệ thống chăm sóc tự động định kỳ.
352,Lý Anh Tuấn,739751222,"Cần mua đất nền vùng ven (Long An, Đồng Nai) để đầu tư dài hạn. Tài chính 2-3 tỷ. Yêu cầu sổ hồng riêng, không dính quy hoạch.",12,14,10,8,8,52,0,52,WARM,☀️ WARM LEAD,"Cần mua đất nền vùng ven (Long An, Đồng Nai) 2-3 tỷ đầu tư dài hạn, yêu cầu sổ hồng riêng.","Chuyên viên tư vấn gọi trong 1 - 2 giờ, hỗ trợ phương án tài chính & hẹn nhà mẫu","Dạ em chào anh/chị Lý Anh Tuấn, em phụ trách đất nền khu Đông & vùng ven. Em có 3 lô đất Long An/Đồng Nai tài chính 2-3 tỷ đã có sổ hồng riêng từng nền, không dính quy hoạch. Em xin phép gửi sổ và trích lục bản đồ địa chính qua Zalo cho anh/chị xem trước nhé ạ."
353,Đặng Bảo Tâm,744252886,"Số điện thoại hay bị thuê bao, gọi nhiều lần không bắt máy. Nhắn tin Zalo không phản hồi.",0,0,0,0,0,0,-50,0,COLD,❄️ COLD LEAD,Lý do loại: Không liên lạc được (Thuê bao/Không rep),Chặn số / Đưa vào Blacklist / Drip Marketing tự động,Không thực hiện gọi trực tiếp. Chuyển vào hệ thống chăm sóc tự động định kỳ.
354,Ngô Văn Hoa,980013047,"Spam, gọi điện đến chỉ để quảng cáo ngược lại dịch vụ bảo hiểm.",0,0,0,0,0,0,-50,0,COLD,❄️ COLD LEAD,Lý do loại: Spam / Mời chào dịch vụ khác,Chặn số / Đưa vào Blacklist / Drip Marketing tự động,Không thực hiện gọi trực tiếp. Chuyển vào hệ thống chăm sóc tự động định kỳ.
355,Trần Ngọc Trang,726902292,"Quan tâm căn hộ 2PN tại Quận 7 cho gia đình trẻ. Tài chính khoảng 4-5 tỷ, cần hỗ trợ vay ngân hàng 70%. Muốn đi xem nhà mẫu vào cuối tuần này.",16,16,18,8,8,66,0,66,WARM,☀️ WARM LEAD,"Gia đình trẻ, quan tâm căn 2PN Q7 (4-5 tỷ), cần hỗ trợ vay 70%, muốn đi xem nhà mẫu cuối tuần.","Chuyên viên tư vấn gọi trong 1 - 2 giờ, hỗ trợ phương án tài chính & hẹn nhà mẫu","Dạ em chào anh/chị Trần Ngọc Trang, em là [Tên Sales] dự án căn hộ Quận 7. Em thấy gia đình mình quan tâm căn 2PN tài chính 4-5 tỷ và cần gói vay 70%. Em đã lập sẵn bảng tính dòng tiền miễn lãi 2 năm đầu. Thứ Bảy này bên em có xe đưa đón tham quan nhà mẫu, em xin phép đăng ký lịch cho gia đình mình nhé ạ?"
356,Phan Minh Nam,340339395,"Tìm nhà thuê nguyên căn giá 2 triệu ở trung tâm thành phố. Yêu cầu phi thực tế, thái độ không hợp tác khi tư vấn.",0,0,0,0,0,0,-50,0,COLD,❄️ COLD LEAD,"Lý do loại: Yêu cầu phi thực tế (Giá vô lý), Khách không thiện chí (Hỏi cho vui)",Chặn số / Đưa vào Blacklist / Drip Marketing tự động,Không thực hiện gọi trực tiếp. Chuyển vào hệ thống chăm sóc tự động định kỳ.
357,Đặng Đức Nam,761785814,"Quan tâm căn hộ 2PN tại Quận 7 cho gia đình trẻ. Tài chính khoảng 4-5 tỷ, cần hỗ trợ vay ngân hàng 70%. Muốn đi xem nhà mẫu vào cuối tuần này.",16,16,18,8,8,66,0,66,WARM,☀️ WARM LEAD,"Gia đình trẻ, quan tâm căn 2PN Q7 (4-5 tỷ), cần hỗ trợ vay 70%, muốn đi xem nhà mẫu cuối tuần.","Chuyên viên tư vấn gọi trong 1 - 2 giờ, hỗ trợ phương án tài chính & hẹn nhà mẫu","Dạ em chào anh/chị Đặng Đức Nam, em là [Tên Sales] dự án căn hộ Quận 7. Em thấy gia đình mình quan tâm căn 2PN tài chính 4-5 tỷ và cần gói vay 70%. Em đã lập sẵn bảng tính dòng tiền miễn lãi 2 năm đầu. Thứ Bảy này bên em có xe đưa đón tham quan nhà mẫu, em xin phép đăng ký lịch cho gia đình mình nhé ạ?"
358,Phạm Hoàng Dũng,379540104,"Tìm nhà phố liền kề khu vực nội thành, ưu tiên gần trường học và bệnh viện. Ngân sách 8-10 tỷ. Đang cân nhắc giữa 2 dự án, cần tư vấn thêm về chính sách chiết khấu.",22,18,14,8,8,70,0,70,WARM,☀️ WARM LEAD,"Tìm nhà phố 8-10 tỷ gần trường học, đang so sánh 2 dự án, quan tâm chính sách chiết khấu.","Chuyên viên tư vấn gọi trong 1 - 2 giờ, hỗ trợ phương án tài chính & hẹn nhà mẫu","Dạ em chào anh/chị Phạm Hoàng Dũng, biết anh/chị đang cân nhắc nhà phố nội thành gần trường học tài chính 8-10 tỷ. Em đã làm bảng so sánh chi tiết ưu thế và chính sách chiết khấu thanh toán sớm 8% bên em so với dự án anh/chị đang xem. Em xin phép gửi qua Zalo để anh/chị tham khảo nhé ạ."
359,Đặng Minh Tâm,755482105,"Đang tìm thuê mặt bằng kinh doanh spa tại Quận 1, diện tích khoảng 80-100m2. Giá thuê mong muốn dưới 50 triệu/tháng. Cần ký hợp đồng dài hạn.",14,16,14,8,6,58,0,58,WARM,☀️ WARM LEAD,"Tìm thuê mặt bằng spa Quận 1 (80-100m2), giá dưới 50 triệu/tháng, hợp đồng dài hạn.","Chuyên viên tư vấn gọi trong 1 - 2 giờ, hỗ trợ phương án tài chính & hẹn nhà mẫu","Dạ em chào anh/chị Đặng Minh Tâm, em bên mảng mặt bằng thương mại. Em nắm được nhu cầu thuê mặt bằng spa 80-100m2 tại Quận 1 dưới 50 triệu. Em đang có sẵn 2 căn vỉa hè rộng, hạ tầng cấp thoát nước hoàn chỉnh. Chiều nay em có thể dẫn anh/chị qua xem trực tiếp được không ạ?"
360,Lê Văn Dũng,841731645,"Cần mua đất nền vùng ven (Long An, Đồng Nai) để đầu tư dài hạn. Tài chính 2-3 tỷ. Yêu cầu sổ hồng riêng, không dính quy hoạch.",12,14,10,8,8,52,0,52,WARM,☀️ WARM LEAD,"Cần mua đất nền vùng ven (Long An, Đồng Nai) 2-3 tỷ đầu tư dài hạn, yêu cầu sổ hồng riêng.","Chuyên viên tư vấn gọi trong 1 - 2 giờ, hỗ trợ phương án tài chính & hẹn nhà mẫu","Dạ em chào anh/chị Lê Văn Dũng, em phụ trách đất nền khu Đông & vùng ven. Em có 3 lô đất Long An/Đồng Nai tài chính 2-3 tỷ đã có sổ hồng riêng từng nền, không dính quy hoạch. Em xin phép gửi sổ và trích lục bản đồ địa chính qua Zalo cho anh/chị xem trước nhé ạ."
361,Đặng Hoàng Mai,826765954,"Số điện thoại hay bị thuê bao, gọi nhiều lần không bắt máy. Nhắn tin Zalo không phản hồi.",0,0,0,0,0,0,-50,0,COLD,❄️ COLD LEAD,Lý do loại: Không liên lạc được (Thuê bao/Không rep),Chặn số / Đưa vào Blacklist / Drip Marketing tự động,Không thực hiện gọi trực tiếp. Chuyển vào hệ thống chăm sóc tự động định kỳ.
362,Đặng Minh Mai,341740716,"Đang tìm thuê mặt bằng kinh doanh spa tại Quận 1, diện tích khoảng 80-100m2. Giá thuê mong muốn dưới 50 triệu/tháng. Cần ký hợp đồng dài hạn.",14,16,14,8,6,58,0,58,WARM,☀️ WARM LEAD,"Tìm thuê mặt bằng spa Quận 1 (80-100m2), giá dưới 50 triệu/tháng, hợp đồng dài hạn.","Chuyên viên tư vấn gọi trong 1 - 2 giờ, hỗ trợ phương án tài chính & hẹn nhà mẫu","Dạ em chào anh/chị Đặng Minh Mai, em bên mảng mặt bằng thương mại. Em nắm được nhu cầu thuê mặt bằng spa 80-100m2 tại Quận 1 dưới 50 triệu. Em đang có sẵn 2 căn vỉa hè rộng, hạ tầng cấp thoát nước hoàn chỉnh. Chiều nay em có thể dẫn anh/chị qua xem trực tiếp được không ạ?"
363,Lê Đức Tâm,749844550,"Đang tìm thuê mặt bằng kinh doanh spa tại Quận 1, diện tích khoảng 80-100m2. Giá thuê mong muốn dưới 50 triệu/tháng. Cần ký hợp đồng dài hạn.",14,16,14,8,6,58,0,58,WARM,☀️ WARM LEAD,"Tìm thuê mặt bằng spa Quận 1 (80-100m2), giá dưới 50 triệu/tháng, hợp đồng dài hạn.","Chuyên viên tư vấn gọi trong 1 - 2 giờ, hỗ trợ phương án tài chính & hẹn nhà mẫu","Dạ em chào anh/chị Lê Đức Tâm, em bên mảng mặt bằng thương mại. Em nắm được nhu cầu thuê mặt bằng spa 80-100m2 tại Quận 1 dưới 50 triệu. Em đang có sẵn 2 căn vỉa hè rộng, hạ tầng cấp thoát nước hoàn chỉnh. Chiều nay em có thể dẫn anh/chị qua xem trực tiếp được không ạ?"
364,Bùi Đức Hùng,869263325,"Quan tâm căn hộ 2PN tại Quận 7 cho gia đình trẻ. Tài chính khoảng 4-5 tỷ, cần hỗ trợ vay ngân hàng 70%. Muốn đi xem nhà mẫu vào cuối tuần này.",16,16,18,8,8,66,0,66,WARM,☀️ WARM LEAD,"Gia đình trẻ, quan tâm căn 2PN Q7 (4-5 tỷ), cần hỗ trợ vay 70%, muốn đi xem nhà mẫu cuối tuần.","Chuyên viên tư vấn gọi trong 1 - 2 giờ, hỗ trợ phương án tài chính & hẹn nhà mẫu","Dạ em chào anh/chị Bùi Đức Hùng, em là [Tên Sales] dự án căn hộ Quận 7. Em thấy gia đình mình quan tâm căn 2PN tài chính 4-5 tỷ và cần gói vay 70%. Em đã lập sẵn bảng tính dòng tiền miễn lãi 2 năm đầu. Thứ Bảy này bên em có xe đưa đón tham quan nhà mẫu, em xin phép đăng ký lịch cho gia đình mình nhé ạ?"
365,Lê Văn Dũng,854800962,"Khách hàng VIP, quan tâm biệt thự đơn lập phân khu cao cấp nhất. Ngân sách trên 30 tỷ, thanh toán thẳng. Yêu cầu vị trí ven sông, hướng Đông Nam. Đã từng mua nhiều dự án của tập đoàn.",30,25,18,15,10,98,50,100,HOT,🔥 HOT LEAD,"VIP Flags: Ngân sách VIP (>= 20 tỷ / Tài chính mạnh), Sản phẩm VIP / Độc bản, Vị trí Đắc địa (Ven sông/Phú Mỹ Hưng), Chân dung VIP (Chủ DN/NĐT gom sỉ). Khách hàng phân khúc cao cấp/tài chính mạnh.",Giao Giám đốc Dự án / Senior Broker gọi ngay trong vòng 5 - 15 phút,"Dạ em chào anh/chị Lê Văn Dũng, em là [Tên Sales] phụ trách phân khu Biệt thự ven sông cao cấp nhất. Em được biết anh/chị đã từng sở hữu nhiều sản phẩm của tập đoàn và đang tìm căn biệt thự đơn lập hướng Đông Nam thanh toán thẳng trên 30 tỷ. Em đã chuẩn bị sẵn sơ đồ lô góc vị trí đắc địa nhất, em xin phép mang tài liệu qua gửi anh/chị tham khảo ạ."
366,Đặng Hồng Sơn,992007691,"Spam, gọi điện đến chỉ để quảng cáo ngược lại dịch vụ bảo hiểm.",0,0,0,0,0,0,-50,0,COLD,❄️ COLD LEAD,Lý do loại: Spam / Mời chào dịch vụ khác,Chặn số / Đưa vào Blacklist / Drip Marketing tự động,Không thực hiện gọi trực tiếp. Chuyển vào hệ thống chăm sóc tự động định kỳ.
367,Đỗ Anh Hùng,897456777,"Cần mua đất nền vùng ven (Long An, Đồng Nai) để đầu tư dài hạn. Tài chính 2-3 tỷ. Yêu cầu sổ hồng riêng, không dính quy hoạch.",12,14,10,8,8,52,0,52,WARM,☀️ WARM LEAD,"Cần mua đất nền vùng ven (Long An, Đồng Nai) 2-3 tỷ đầu tư dài hạn, yêu cầu sổ hồng riêng.","Chuyên viên tư vấn gọi trong 1 - 2 giờ, hỗ trợ phương án tài chính & hẹn nhà mẫu","Dạ em chào anh/chị Đỗ Anh Hùng, em phụ trách đất nền khu Đông & vùng ven. Em có 3 lô đất Long An/Đồng Nai tài chính 2-3 tỷ đã có sổ hồng riêng từng nền, không dính quy hoạch. Em xin phép gửi sổ và trích lục bản đồ địa chính qua Zalo cho anh/chị xem trước nhé ạ."
368,Hồ Bảo Anh,782547679,"Tìm nhà phố liền kề khu vực nội thành, ưu tiên gần trường học và bệnh viện. Ngân sách 8-10 tỷ. Đang cân nhắc giữa 2 dự án, cần tư vấn thêm về chính sách chiết khấu.",22,18,14,8,8,70,0,70,WARM,☀️ WARM LEAD,"Tìm nhà phố 8-10 tỷ gần trường học, đang so sánh 2 dự án, quan tâm chính sách chiết khấu.","Chuyên viên tư vấn gọi trong 1 - 2 giờ, hỗ trợ phương án tài chính & hẹn nhà mẫu","Dạ em chào anh/chị Hồ Bảo Anh, biết anh/chị đang cân nhắc nhà phố nội thành gần trường học tài chính 8-10 tỷ. Em đã làm bảng so sánh chi tiết ưu thế và chính sách chiết khấu thanh toán sớm 8% bên em so với dự án anh/chị đang xem. Em xin phép gửi qua Zalo để anh/chị tham khảo nhé ạ."
369,Đỗ Anh Tuấn,844576925,"Tìm nhà thuê nguyên căn giá 2 triệu ở trung tâm thành phố. Yêu cầu phi thực tế, thái độ không hợp tác khi tư vấn.",0,0,0,0,0,0,-50,0,COLD,❄️ COLD LEAD,"Lý do loại: Yêu cầu phi thực tế (Giá vô lý), Khách không thiện chí (Hỏi cho vui)",Chặn số / Đưa vào Blacklist / Drip Marketing tự động,Không thực hiện gọi trực tiếp. Chuyển vào hệ thống chăm sóc tự động định kỳ.
370,Nguyễn Thị Hùng,841619062,"Đang tìm thuê mặt bằng kinh doanh spa tại Quận 1, diện tích khoảng 80-100m2. Giá thuê mong muốn dưới 50 triệu/tháng. Cần ký hợp đồng dài hạn.",14,16,14,8,6,58,0,58,WARM,☀️ WARM LEAD,"Tìm thuê mặt bằng spa Quận 1 (80-100m2), giá dưới 50 triệu/tháng, hợp đồng dài hạn.","Chuyên viên tư vấn gọi trong 1 - 2 giờ, hỗ trợ phương án tài chính & hẹn nhà mẫu","Dạ em chào anh/chị Nguyễn Thị Hùng, em bên mảng mặt bằng thương mại. Em nắm được nhu cầu thuê mặt bằng spa 80-100m2 tại Quận 1 dưới 50 triệu. Em đang có sẵn 2 căn vỉa hè rộng, hạ tầng cấp thoát nước hoàn chỉnh. Chiều nay em có thể dẫn anh/chị qua xem trực tiếp được không ạ?"
371,Đỗ Ngọc Mai,991647451,"Cần mua đất nền vùng ven (Long An, Đồng Nai) để đầu tư dài hạn. Tài chính 2-3 tỷ. Yêu cầu sổ hồng riêng, không dính quy hoạch.",12,14,10,8,8,52,0,52,WARM,☀️ WARM LEAD,"Cần mua đất nền vùng ven (Long An, Đồng Nai) 2-3 tỷ đầu tư dài hạn, yêu cầu sổ hồng riêng.","Chuyên viên tư vấn gọi trong 1 - 2 giờ, hỗ trợ phương án tài chính & hẹn nhà mẫu","Dạ em chào anh/chị Đỗ Ngọc Mai, em phụ trách đất nền khu Đông & vùng ven. Em có 3 lô đất Long An/Đồng Nai tài chính 2-3 tỷ đã có sổ hồng riêng từng nền, không dính quy hoạch. Em xin phép gửi sổ và trích lục bản đồ địa chính qua Zalo cho anh/chị xem trước nhé ạ."
372,Dương Minh Tuấn,848180489,"Khách hàng tìm mua Penthouse diện tích lớn, yêu cầu có hồ bơi riêng và thang máy riêng. Ngân sách không thành vấn đề, quan trọng là đẳng cấp và sự riêng tư.",30,25,18,15,10,98,50,100,HOT,🔥 HOT LEAD,"VIP Flags: Ngân sách VIP (>= 20 tỷ / Tài chính mạnh), Sản phẩm VIP / Độc bản. Khách hàng phân khúc cao cấp/tài chính mạnh.",Giao Giám đốc Dự án / Senior Broker gọi ngay trong vòng 5 - 15 phút,"Dạ em chào anh/chị Dương Minh Tuấn, em là [Tên Sales] phụ trách giỏ hàng Penthouse độc bản tại [Dự án]. Nhận được yêu cầu tìm căn Penthouse diện tích lớn có hồ bơi và thang máy riêng của mình, bên em vừa ra mắt 2 căn phiên bản giới hạn có view panorama trực diện sông. Em xin phép kết bạn Zalo gửi trọn bộ Private Deck và video flycam trực tiếp cho anh/chị xem trước ạ."
373,Vũ Phương Nam,865243487,"Cần mua đất nền vùng ven (Long An, Đồng Nai) để đầu tư dài hạn. Tài chính 2-3 tỷ. Yêu cầu sổ hồng riêng, không dính quy hoạch.",12,14,10,8,8,52,0,52,WARM,☀️ WARM LEAD,"Cần mua đất nền vùng ven (Long An, Đồng Nai) 2-3 tỷ đầu tư dài hạn, yêu cầu sổ hồng riêng.","Chuyên viên tư vấn gọi trong 1 - 2 giờ, hỗ trợ phương án tài chính & hẹn nhà mẫu","Dạ em chào anh/chị Vũ Phương Nam, em phụ trách đất nền khu Đông & vùng ven. Em có 3 lô đất Long An/Đồng Nai tài chính 2-3 tỷ đã có sổ hồng riêng từng nền, không dính quy hoạch. Em xin phép gửi sổ và trích lục bản đồ địa chính qua Zalo cho anh/chị xem trước nhé ạ."
374,Hồ Hoàng Anh,785594383,"Khách hàng nhầm số, không có nhu cầu về bất động sản. Có vẻ là dữ liệu cũ từ ngành khác trộn vào.",0,0,0,0,0,0,-50,0,COLD,❄️ COLD LEAD,Lý do loại: Nhầm số / Không có nhu cầu BĐS,Chặn số / Đưa vào Blacklist / Drip Marketing tự động,Không thực hiện gọi trực tiếp. Chuyển vào hệ thống chăm sóc tự động định kỳ.
375,Trần Đức Linh,733746094,"Cần mua đất nền vùng ven (Long An, Đồng Nai) để đầu tư dài hạn. Tài chính 2-3 tỷ. Yêu cầu sổ hồng riêng, không dính quy hoạch.",12,14,10,8,8,52,0,52,WARM,☀️ WARM LEAD,"Cần mua đất nền vùng ven (Long An, Đồng Nai) 2-3 tỷ đầu tư dài hạn, yêu cầu sổ hồng riêng.","Chuyên viên tư vấn gọi trong 1 - 2 giờ, hỗ trợ phương án tài chính & hẹn nhà mẫu","Dạ em chào anh/chị Trần Đức Linh, em phụ trách đất nền khu Đông & vùng ven. Em có 3 lô đất Long An/Đồng Nai tài chính 2-3 tỷ đã có sổ hồng riêng từng nền, không dính quy hoạch. Em xin phép gửi sổ và trích lục bản đồ địa chính qua Zalo cho anh/chị xem trước nhé ạ."
376,Phạm Phương Mai,735260561,"Khách hàng nhầm số, không có nhu cầu về bất động sản. Có vẻ là dữ liệu cũ từ ngành khác trộn vào.",0,0,0,0,0,0,-50,0,COLD,❄️ COLD LEAD,Lý do loại: Nhầm số / Không có nhu cầu BĐS,Chặn số / Đưa vào Blacklist / Drip Marketing tự động,Không thực hiện gọi trực tiếp. Chuyển vào hệ thống chăm sóc tự động định kỳ.
377,Vũ Bảo Dũng,923570724,"Quan tâm căn hộ 2PN tại Quận 7 cho gia đình trẻ. Tài chính khoảng 4-5 tỷ, cần hỗ trợ vay ngân hàng 70%. Muốn đi xem nhà mẫu vào cuối tuần này.",16,16,18,8,8,66,0,66,WARM,☀️ WARM LEAD,"Gia đình trẻ, quan tâm căn 2PN Q7 (4-5 tỷ), cần hỗ trợ vay 70%, muốn đi xem nhà mẫu cuối tuần.","Chuyên viên tư vấn gọi trong 1 - 2 giờ, hỗ trợ phương án tài chính & hẹn nhà mẫu","Dạ em chào anh/chị Vũ Bảo Dũng, em là [Tên Sales] dự án căn hộ Quận 7. Em thấy gia đình mình quan tâm căn 2PN tài chính 4-5 tỷ và cần gói vay 70%. Em đã lập sẵn bảng tính dòng tiền miễn lãi 2 năm đầu. Thứ Bảy này bên em có xe đưa đón tham quan nhà mẫu, em xin phép đăng ký lịch cho gia đình mình nhé ạ?"
378,Vũ Hoàng Dũng,312016479,"Tìm nhà phố liền kề khu vực nội thành, ưu tiên gần trường học và bệnh viện. Ngân sách 8-10 tỷ. Đang cân nhắc giữa 2 dự án, cần tư vấn thêm về chính sách chiết khấu.",22,18,14,8,8,70,0,70,WARM,☀️ WARM LEAD,"Tìm nhà phố 8-10 tỷ gần trường học, đang so sánh 2 dự án, quan tâm chính sách chiết khấu.","Chuyên viên tư vấn gọi trong 1 - 2 giờ, hỗ trợ phương án tài chính & hẹn nhà mẫu","Dạ em chào anh/chị Vũ Hoàng Dũng, biết anh/chị đang cân nhắc nhà phố nội thành gần trường học tài chính 8-10 tỷ. Em đã làm bảng so sánh chi tiết ưu thế và chính sách chiết khấu thanh toán sớm 8% bên em so với dự án anh/chị đang xem. Em xin phép gửi qua Zalo để anh/chị tham khảo nhé ạ."
379,Trần Phương Tuấn,775401685,"Số điện thoại hay bị thuê bao, gọi nhiều lần không bắt máy. Nhắn tin Zalo không phản hồi.",0,0,0,0,0,0,-50,0,COLD,❄️ COLD LEAD,Lý do loại: Không liên lạc được (Thuê bao/Không rep),Chặn số / Đưa vào Blacklist / Drip Marketing tự động,Không thực hiện gọi trực tiếp. Chuyển vào hệ thống chăm sóc tự động định kỳ.
380,Đỗ Hồng Dũng,392004335,"Khách hàng nhầm số, không có nhu cầu về bất động sản. Có vẻ là dữ liệu cũ từ ngành khác trộn vào.",0,0,0,0,0,0,-50,0,COLD,❄️ COLD LEAD,Lý do loại: Nhầm số / Không có nhu cầu BĐS,Chặn số / Đưa vào Blacklist / Drip Marketing tự động,Không thực hiện gọi trực tiếp. Chuyển vào hệ thống chăm sóc tự động định kỳ.
381,Phạm Văn Hùng,724412413,"Tìm nhà phố liền kề khu vực nội thành, ưu tiên gần trường học và bệnh viện. Ngân sách 8-10 tỷ. Đang cân nhắc giữa 2 dự án, cần tư vấn thêm về chính sách chiết khấu.",22,18,14,8,8,70,0,70,WARM,☀️ WARM LEAD,"Tìm nhà phố 8-10 tỷ gần trường học, đang so sánh 2 dự án, quan tâm chính sách chiết khấu.","Chuyên viên tư vấn gọi trong 1 - 2 giờ, hỗ trợ phương án tài chính & hẹn nhà mẫu","Dạ em chào anh/chị Phạm Văn Hùng, biết anh/chị đang cân nhắc nhà phố nội thành gần trường học tài chính 8-10 tỷ. Em đã làm bảng so sánh chi tiết ưu thế và chính sách chiết khấu thanh toán sớm 8% bên em so với dự án anh/chị đang xem. Em xin phép gửi qua Zalo để anh/chị tham khảo nhé ạ."
382,Dương Hồng Sơn,964975091,"Tìm nhà phố liền kề khu vực nội thành, ưu tiên gần trường học và bệnh viện. Ngân sách 8-10 tỷ. Đang cân nhắc giữa 2 dự án, cần tư vấn thêm về chính sách chiết khấu.",22,18,14,8,8,70,0,70,WARM,☀️ WARM LEAD,"Tìm nhà phố 8-10 tỷ gần trường học, đang so sánh 2 dự án, quan tâm chính sách chiết khấu.","Chuyên viên tư vấn gọi trong 1 - 2 giờ, hỗ trợ phương án tài chính & hẹn nhà mẫu","Dạ em chào anh/chị Dương Hồng Sơn, biết anh/chị đang cân nhắc nhà phố nội thành gần trường học tài chính 8-10 tỷ. Em đã làm bảng so sánh chi tiết ưu thế và chính sách chiết khấu thanh toán sớm 8% bên em so với dự án anh/chị đang xem. Em xin phép gửi qua Zalo để anh/chị tham khảo nhé ạ."
383,Lê Ngọc Trang,331349071,"Cần mua đất nền vùng ven (Long An, Đồng Nai) để đầu tư dài hạn. Tài chính 2-3 tỷ. Yêu cầu sổ hồng riêng, không dính quy hoạch.",12,14,10,8,8,52,0,52,WARM,☀️ WARM LEAD,"Cần mua đất nền vùng ven (Long An, Đồng Nai) 2-3 tỷ đầu tư dài hạn, yêu cầu sổ hồng riêng.","Chuyên viên tư vấn gọi trong 1 - 2 giờ, hỗ trợ phương án tài chính & hẹn nhà mẫu","Dạ em chào anh/chị Lê Ngọc Trang, em phụ trách đất nền khu Đông & vùng ven. Em có 3 lô đất Long An/Đồng Nai tài chính 2-3 tỷ đã có sổ hồng riêng từng nền, không dính quy hoạch. Em xin phép gửi sổ và trích lục bản đồ địa chính qua Zalo cho anh/chị xem trước nhé ạ."
384,Lý Phương Hoa,934920402,"Số điện thoại hay bị thuê bao, gọi nhiều lần không bắt máy. Nhắn tin Zalo không phản hồi.",0,0,0,0,0,0,-50,0,COLD,❄️ COLD LEAD,Lý do loại: Không liên lạc được (Thuê bao/Không rep),Chặn số / Đưa vào Blacklist / Drip Marketing tự động,Không thực hiện gọi trực tiếp. Chuyển vào hệ thống chăm sóc tự động định kỳ.
385,Lý Hoàng Sơn,312932862,"Quan tâm căn hộ 2PN tại Quận 7 cho gia đình trẻ. Tài chính khoảng 4-5 tỷ, cần hỗ trợ vay ngân hàng 70%. Muốn đi xem nhà mẫu vào cuối tuần này.",16,16,18,8,8,66,0,66,WARM,☀️ WARM LEAD,"Gia đình trẻ, quan tâm căn 2PN Q7 (4-5 tỷ), cần hỗ trợ vay 70%, muốn đi xem nhà mẫu cuối tuần.","Chuyên viên tư vấn gọi trong 1 - 2 giờ, hỗ trợ phương án tài chính & hẹn nhà mẫu","Dạ em chào anh/chị Lý Hoàng Sơn, em là [Tên Sales] dự án căn hộ Quận 7. Em thấy gia đình mình quan tâm căn 2PN tài chính 4-5 tỷ và cần gói vay 70%. Em đã lập sẵn bảng tính dòng tiền miễn lãi 2 năm đầu. Thứ Bảy này bên em có xe đưa đón tham quan nhà mẫu, em xin phép đăng ký lịch cho gia đình mình nhé ạ?"
386,Bùi Đức Dũng,334452287,"Quan tâm căn hộ 2PN tại Quận 7 cho gia đình trẻ. Tài chính khoảng 4-5 tỷ, cần hỗ trợ vay ngân hàng 70%. Muốn đi xem nhà mẫu vào cuối tuần này.",16,16,18,8,8,66,0,66,WARM,☀️ WARM LEAD,"Gia đình trẻ, quan tâm căn 2PN Q7 (4-5 tỷ), cần hỗ trợ vay 70%, muốn đi xem nhà mẫu cuối tuần.","Chuyên viên tư vấn gọi trong 1 - 2 giờ, hỗ trợ phương án tài chính & hẹn nhà mẫu","Dạ em chào anh/chị Bùi Đức Dũng, em là [Tên Sales] dự án căn hộ Quận 7. Em thấy gia đình mình quan tâm căn 2PN tài chính 4-5 tỷ và cần gói vay 70%. Em đã lập sẵn bảng tính dòng tiền miễn lãi 2 năm đầu. Thứ Bảy này bên em có xe đưa đón tham quan nhà mẫu, em xin phép đăng ký lịch cho gia đình mình nhé ạ?"
387,Lê Ngọc Mai,372407018,"Cần mua đất nền vùng ven (Long An, Đồng Nai) để đầu tư dài hạn. Tài chính 2-3 tỷ. Yêu cầu sổ hồng riêng, không dính quy hoạch.",12,14,10,8,8,52,0,52,WARM,☀️ WARM LEAD,"Cần mua đất nền vùng ven (Long An, Đồng Nai) 2-3 tỷ đầu tư dài hạn, yêu cầu sổ hồng riêng.","Chuyên viên tư vấn gọi trong 1 - 2 giờ, hỗ trợ phương án tài chính & hẹn nhà mẫu","Dạ em chào anh/chị Lê Ngọc Mai, em phụ trách đất nền khu Đông & vùng ven. Em có 3 lô đất Long An/Đồng Nai tài chính 2-3 tỷ đã có sổ hồng riêng từng nền, không dính quy hoạch. Em xin phép gửi sổ và trích lục bản đồ địa chính qua Zalo cho anh/chị xem trước nhé ạ."
388,Bùi Bảo Sơn,353886583,"Hỏi giá cho vui, chưa có ý định mua trong năm nay. Ngân sách rất thấp so với mặt bằng chung (đòi mua nhà Q1 giá 1 tỷ).",0,0,0,0,0,0,-50,0,COLD,❄️ COLD LEAD,"Lý do loại: Yêu cầu phi thực tế (Giá vô lý), Khách không thiện chí (Hỏi cho vui)",Chặn số / Đưa vào Blacklist / Drip Marketing tự động,Không thực hiện gọi trực tiếp. Chuyển vào hệ thống chăm sóc tự động định kỳ.
389,Trần Đức Tuấn,334405704,"Tìm nhà phố liền kề khu vực nội thành, ưu tiên gần trường học và bệnh viện. Ngân sách 8-10 tỷ. Đang cân nhắc giữa 2 dự án, cần tư vấn thêm về chính sách chiết khấu.",22,18,14,8,8,70,0,70,WARM,☀️ WARM LEAD,"Tìm nhà phố 8-10 tỷ gần trường học, đang so sánh 2 dự án, quan tâm chính sách chiết khấu.","Chuyên viên tư vấn gọi trong 1 - 2 giờ, hỗ trợ phương án tài chính & hẹn nhà mẫu","Dạ em chào anh/chị Trần Đức Tuấn, biết anh/chị đang cân nhắc nhà phố nội thành gần trường học tài chính 8-10 tỷ. Em đã làm bảng so sánh chi tiết ưu thế và chính sách chiết khấu thanh toán sớm 8% bên em so với dự án anh/chị đang xem. Em xin phép gửi qua Zalo để anh/chị tham khảo nhé ạ."
390,Lý Hoàng Tuấn,916909927,"Cần mua đất nền vùng ven (Long An, Đồng Nai) để đầu tư dài hạn. Tài chính 2-3 tỷ. Yêu cầu sổ hồng riêng, không dính quy hoạch.",12,14,10,8,8,52,0,52,WARM,☀️ WARM LEAD,"Cần mua đất nền vùng ven (Long An, Đồng Nai) 2-3 tỷ đầu tư dài hạn, yêu cầu sổ hồng riêng.","Chuyên viên tư vấn gọi trong 1 - 2 giờ, hỗ trợ phương án tài chính & hẹn nhà mẫu","Dạ em chào anh/chị Lý Hoàng Tuấn, em phụ trách đất nền khu Đông & vùng ven. Em có 3 lô đất Long An/Đồng Nai tài chính 2-3 tỷ đã có sổ hồng riêng từng nền, không dính quy hoạch. Em xin phép gửi sổ và trích lục bản đồ địa chính qua Zalo cho anh/chị xem trước nhé ạ."
391,Vũ Minh Mai,829115034,"Tìm nhà phố liền kề khu vực nội thành, ưu tiên gần trường học và bệnh viện. Ngân sách 8-10 tỷ. Đang cân nhắc giữa 2 dự án, cần tư vấn thêm về chính sách chiết khấu.",22,18,14,8,8,70,0,70,WARM,☀️ WARM LEAD,"Tìm nhà phố 8-10 tỷ gần trường học, đang so sánh 2 dự án, quan tâm chính sách chiết khấu.","Chuyên viên tư vấn gọi trong 1 - 2 giờ, hỗ trợ phương án tài chính & hẹn nhà mẫu","Dạ em chào anh/chị Vũ Minh Mai, biết anh/chị đang cân nhắc nhà phố nội thành gần trường học tài chính 8-10 tỷ. Em đã làm bảng so sánh chi tiết ưu thế và chính sách chiết khấu thanh toán sớm 8% bên em so với dự án anh/chị đang xem. Em xin phép gửi qua Zalo để anh/chị tham khảo nhé ạ."
392,Trần Ngọc Sơn,366401723,"Đang tìm thuê mặt bằng kinh doanh spa tại Quận 1, diện tích khoảng 80-100m2. Giá thuê mong muốn dưới 50 triệu/tháng. Cần ký hợp đồng dài hạn.",14,16,14,8,6,58,0,58,WARM,☀️ WARM LEAD,"Tìm thuê mặt bằng spa Quận 1 (80-100m2), giá dưới 50 triệu/tháng, hợp đồng dài hạn.","Chuyên viên tư vấn gọi trong 1 - 2 giờ, hỗ trợ phương án tài chính & hẹn nhà mẫu","Dạ em chào anh/chị Trần Ngọc Sơn, em bên mảng mặt bằng thương mại. Em nắm được nhu cầu thuê mặt bằng spa 80-100m2 tại Quận 1 dưới 50 triệu. Em đang có sẵn 2 căn vỉa hè rộng, hạ tầng cấp thoát nước hoàn chỉnh. Chiều nay em có thể dẫn anh/chị qua xem trực tiếp được không ạ?"
393,Bùi Hoàng Cường,732263198,"Cần mua đất nền vùng ven (Long An, Đồng Nai) để đầu tư dài hạn. Tài chính 2-3 tỷ. Yêu cầu sổ hồng riêng, không dính quy hoạch.",12,14,10,8,8,52,0,52,WARM,☀️ WARM LEAD,"Cần mua đất nền vùng ven (Long An, Đồng Nai) 2-3 tỷ đầu tư dài hạn, yêu cầu sổ hồng riêng.","Chuyên viên tư vấn gọi trong 1 - 2 giờ, hỗ trợ phương án tài chính & hẹn nhà mẫu","Dạ em chào anh/chị Bùi Hoàng Cường, em phụ trách đất nền khu Đông & vùng ven. Em có 3 lô đất Long An/Đồng Nai tài chính 2-3 tỷ đã có sổ hồng riêng từng nền, không dính quy hoạch. Em xin phép gửi sổ và trích lục bản đồ địa chính qua Zalo cho anh/chị xem trước nhé ạ."
394,Trần Thị Tuấn,317941960,"Khách hàng nhầm số, không có nhu cầu về bất động sản. Có vẻ là dữ liệu cũ từ ngành khác trộn vào.",0,0,0,0,0,0,-50,0,COLD,❄️ COLD LEAD,Lý do loại: Nhầm số / Không có nhu cầu BĐS,Chặn số / Đưa vào Blacklist / Drip Marketing tự động,Không thực hiện gọi trực tiếp. Chuyển vào hệ thống chăm sóc tự động định kỳ.
395,Nguyễn Thị Cường,865000449,"Tìm nhà phố liền kề khu vực nội thành, ưu tiên gần trường học và bệnh viện. Ngân sách 8-10 tỷ. Đang cân nhắc giữa 2 dự án, cần tư vấn thêm về chính sách chiết khấu.",22,18,14,8,8,70,0,70,WARM,☀️ WARM LEAD,"Tìm nhà phố 8-10 tỷ gần trường học, đang so sánh 2 dự án, quan tâm chính sách chiết khấu.","Chuyên viên tư vấn gọi trong 1 - 2 giờ, hỗ trợ phương án tài chính & hẹn nhà mẫu","Dạ em chào anh/chị Nguyễn Thị Cường, biết anh/chị đang cân nhắc nhà phố nội thành gần trường học tài chính 8-10 tỷ. Em đã làm bảng so sánh chi tiết ưu thế và chính sách chiết khấu thanh toán sớm 8% bên em so với dự án anh/chị đang xem. Em xin phép gửi qua Zalo để anh/chị tham khảo nhé ạ."
396,Đỗ Phương Mai,910203735,"Quan tâm căn hộ 2PN tại Quận 7 cho gia đình trẻ. Tài chính khoảng 4-5 tỷ, cần hỗ trợ vay ngân hàng 70%. Muốn đi xem nhà mẫu vào cuối tuần này.",16,16,18,8,8,66,0,66,WARM,☀️ WARM LEAD,"Gia đình trẻ, quan tâm căn 2PN Q7 (4-5 tỷ), cần hỗ trợ vay 70%, muốn đi xem nhà mẫu cuối tuần.","Chuyên viên tư vấn gọi trong 1 - 2 giờ, hỗ trợ phương án tài chính & hẹn nhà mẫu","Dạ em chào anh/chị Đỗ Phương Mai, em là [Tên Sales] dự án căn hộ Quận 7. Em thấy gia đình mình quan tâm căn 2PN tài chính 4-5 tỷ và cần gói vay 70%. Em đã lập sẵn bảng tính dòng tiền miễn lãi 2 năm đầu. Thứ Bảy này bên em có xe đưa đón tham quan nhà mẫu, em xin phép đăng ký lịch cho gia đình mình nhé ạ?"
397,Phạm Ngọc Dũng,871498866,"Số điện thoại hay bị thuê bao, gọi nhiều lần không bắt máy. Nhắn tin Zalo không phản hồi.",0,0,0,0,0,0,-50,0,COLD,❄️ COLD LEAD,Lý do loại: Không liên lạc được (Thuê bao/Không rep),Chặn số / Đưa vào Blacklist / Drip Marketing tự động,Không thực hiện gọi trực tiếp. Chuyển vào hệ thống chăm sóc tự động định kỳ.
398,Hồ Bảo Quân,850247350,"Quan tâm căn hộ 2PN tại Quận 7 cho gia đình trẻ. Tài chính khoảng 4-5 tỷ, cần hỗ trợ vay ngân hàng 70%. Muốn đi xem nhà mẫu vào cuối tuần này.",16,16,18,8,8,66,0,66,WARM,☀️ WARM LEAD,"Gia đình trẻ, quan tâm căn 2PN Q7 (4-5 tỷ), cần hỗ trợ vay 70%, muốn đi xem nhà mẫu cuối tuần.","Chuyên viên tư vấn gọi trong 1 - 2 giờ, hỗ trợ phương án tài chính & hẹn nhà mẫu","Dạ em chào anh/chị Hồ Bảo Quân, em là [Tên Sales] dự án căn hộ Quận 7. Em thấy gia đình mình quan tâm căn 2PN tài chính 4-5 tỷ và cần gói vay 70%. Em đã lập sẵn bảng tính dòng tiền miễn lãi 2 năm đầu. Thứ Bảy này bên em có xe đưa đón tham quan nhà mẫu, em xin phép đăng ký lịch cho gia đình mình nhé ạ?"
399,Lý Bảo Anh,963430208,"Khách hàng nhầm số, không có nhu cầu về bất động sản. Có vẻ là dữ liệu cũ từ ngành khác trộn vào.",0,0,0,0,0,0,-50,0,COLD,❄️ COLD LEAD,Lý do loại: Nhầm số / Không có nhu cầu BĐS,Chặn số / Đưa vào Blacklist / Drip Marketing tự động,Không thực hiện gọi trực tiếp. Chuyển vào hệ thống chăm sóc tự động định kỳ.
400,Lý Hoàng Tâm,941390152,"Quan tâm căn hộ 2PN tại Quận 7 cho gia đình trẻ. Tài chính khoảng 4-5 tỷ, cần hỗ trợ vay ngân hàng 70%. Muốn đi xem nhà mẫu vào cuối tuần này.",16,16,18,8,8,66,0,66,WARM,☀️ WARM LEAD,"Gia đình trẻ, quan tâm căn 2PN Q7 (4-5 tỷ), cần hỗ trợ vay 70%, muốn đi xem nhà mẫu cuối tuần.","Chuyên viên tư vấn gọi trong 1 - 2 giờ, hỗ trợ phương án tài chính & hẹn nhà mẫu","Dạ em chào anh/chị Lý Hoàng Tâm, em là [Tên Sales] dự án căn hộ Quận 7. Em thấy gia đình mình quan tâm căn 2PN tài chính 4-5 tỷ và cần gói vay 70%. Em đã lập sẵn bảng tính dòng tiền miễn lãi 2 năm đầu. Thứ Bảy này bên em có xe đưa đón tham quan nhà mẫu, em xin phép đăng ký lịch cho gia đình mình nhé ạ?"
401,Trần Đức Linh,992570395,"Khách hàng nhầm số, không có nhu cầu về bất động sản. Có vẻ là dữ liệu cũ từ ngành khác trộn vào.",0,0,0,0,0,0,-50,0,COLD,❄️ COLD LEAD,Lý do loại: Nhầm số / Không có nhu cầu BĐS,Chặn số / Đưa vào Blacklist / Drip Marketing tự động,Không thực hiện gọi trực tiếp. Chuyển vào hệ thống chăm sóc tự động định kỳ.
402,Hồ Hoàng Hoa,381286734,"Cần mua đất nền vùng ven (Long An, Đồng Nai) để đầu tư dài hạn. Tài chính 2-3 tỷ. Yêu cầu sổ hồng riêng, không dính quy hoạch.",12,14,10,8,8,52,0,52,WARM,☀️ WARM LEAD,"Cần mua đất nền vùng ven (Long An, Đồng Nai) 2-3 tỷ đầu tư dài hạn, yêu cầu sổ hồng riêng.","Chuyên viên tư vấn gọi trong 1 - 2 giờ, hỗ trợ phương án tài chính & hẹn nhà mẫu","Dạ em chào anh/chị Hồ Hoàng Hoa, em phụ trách đất nền khu Đông & vùng ven. Em có 3 lô đất Long An/Đồng Nai tài chính 2-3 tỷ đã có sổ hồng riêng từng nền, không dính quy hoạch. Em xin phép gửi sổ và trích lục bản đồ địa chính qua Zalo cho anh/chị xem trước nhé ạ."
403,Ngô Văn Trang,924681117,"Quan tâm căn hộ 2PN tại Quận 7 cho gia đình trẻ. Tài chính khoảng 4-5 tỷ, cần hỗ trợ vay ngân hàng 70%. Muốn đi xem nhà mẫu vào cuối tuần này.",16,16,18,8,8,66,0,66,WARM,☀️ WARM LEAD,"Gia đình trẻ, quan tâm căn 2PN Q7 (4-5 tỷ), cần hỗ trợ vay 70%, muốn đi xem nhà mẫu cuối tuần.","Chuyên viên tư vấn gọi trong 1 - 2 giờ, hỗ trợ phương án tài chính & hẹn nhà mẫu","Dạ em chào anh/chị Ngô Văn Trang, em là [Tên Sales] dự án căn hộ Quận 7. Em thấy gia đình mình quan tâm căn 2PN tài chính 4-5 tỷ và cần gói vay 70%. Em đã lập sẵn bảng tính dòng tiền miễn lãi 2 năm đầu. Thứ Bảy này bên em có xe đưa đón tham quan nhà mẫu, em xin phép đăng ký lịch cho gia đình mình nhé ạ?"
404,Phan Ngọc Sơn,765409140,"Đang tìm thuê mặt bằng kinh doanh spa tại Quận 1, diện tích khoảng 80-100m2. Giá thuê mong muốn dưới 50 triệu/tháng. Cần ký hợp đồng dài hạn.",14,16,14,8,6,58,0,58,WARM,☀️ WARM LEAD,"Tìm thuê mặt bằng spa Quận 1 (80-100m2), giá dưới 50 triệu/tháng, hợp đồng dài hạn.","Chuyên viên tư vấn gọi trong 1 - 2 giờ, hỗ trợ phương án tài chính & hẹn nhà mẫu","Dạ em chào anh/chị Phan Ngọc Sơn, em bên mảng mặt bằng thương mại. Em nắm được nhu cầu thuê mặt bằng spa 80-100m2 tại Quận 1 dưới 50 triệu. Em đang có sẵn 2 căn vỉa hè rộng, hạ tầng cấp thoát nước hoàn chỉnh. Chiều nay em có thể dẫn anh/chị qua xem trực tiếp được không ạ?"
405,Hồ Minh Sơn,363174622,"Quan tâm căn hộ 2PN tại Quận 7 cho gia đình trẻ. Tài chính khoảng 4-5 tỷ, cần hỗ trợ vay ngân hàng 70%. Muốn đi xem nhà mẫu vào cuối tuần này.",16,16,18,8,8,66,0,66,WARM,☀️ WARM LEAD,"Gia đình trẻ, quan tâm căn 2PN Q7 (4-5 tỷ), cần hỗ trợ vay 70%, muốn đi xem nhà mẫu cuối tuần.","Chuyên viên tư vấn gọi trong 1 - 2 giờ, hỗ trợ phương án tài chính & hẹn nhà mẫu","Dạ em chào anh/chị Hồ Minh Sơn, em là [Tên Sales] dự án căn hộ Quận 7. Em thấy gia đình mình quan tâm căn 2PN tài chính 4-5 tỷ và cần gói vay 70%. Em đã lập sẵn bảng tính dòng tiền miễn lãi 2 năm đầu. Thứ Bảy này bên em có xe đưa đón tham quan nhà mẫu, em xin phép đăng ký lịch cho gia đình mình nhé ạ?"
406,Phan Bảo Mai,715396084,"Tìm nhà thuê nguyên căn giá 2 triệu ở trung tâm thành phố. Yêu cầu phi thực tế, thái độ không hợp tác khi tư vấn.",0,0,0,0,0,0,-50,0,COLD,❄️ COLD LEAD,"Lý do loại: Yêu cầu phi thực tế (Giá vô lý), Khách không thiện chí (Hỏi cho vui)",Chặn số / Đưa vào Blacklist / Drip Marketing tự động,Không thực hiện gọi trực tiếp. Chuyển vào hệ thống chăm sóc tự động định kỳ.
407,Ngô Thị Linh,835256254,"Hỏi giá cho vui, chưa có ý định mua trong năm nay. Ngân sách rất thấp so với mặt bằng chung (đòi mua nhà Q1 giá 1 tỷ).",0,0,0,0,0,0,-50,0,COLD,❄️ COLD LEAD,"Lý do loại: Yêu cầu phi thực tế (Giá vô lý), Khách không thiện chí (Hỏi cho vui)",Chặn số / Đưa vào Blacklist / Drip Marketing tự động,Không thực hiện gọi trực tiếp. Chuyển vào hệ thống chăm sóc tự động định kỳ.
408,Trần Hồng Trang,781616183,"Quan tâm căn hộ 2PN tại Quận 7 cho gia đình trẻ. Tài chính khoảng 4-5 tỷ, cần hỗ trợ vay ngân hàng 70%. Muốn đi xem nhà mẫu vào cuối tuần này.",16,16,18,8,8,66,0,66,WARM,☀️ WARM LEAD,"Gia đình trẻ, quan tâm căn 2PN Q7 (4-5 tỷ), cần hỗ trợ vay 70%, muốn đi xem nhà mẫu cuối tuần.","Chuyên viên tư vấn gọi trong 1 - 2 giờ, hỗ trợ phương án tài chính & hẹn nhà mẫu","Dạ em chào anh/chị Trần Hồng Trang, em là [Tên Sales] dự án căn hộ Quận 7. Em thấy gia đình mình quan tâm căn 2PN tài chính 4-5 tỷ và cần gói vay 70%. Em đã lập sẵn bảng tính dòng tiền miễn lãi 2 năm đầu. Thứ Bảy này bên em có xe đưa đón tham quan nhà mẫu, em xin phép đăng ký lịch cho gia đình mình nhé ạ?"
409,Lê Hồng Trang,769425692,"Tìm nhà phố liền kề khu vực nội thành, ưu tiên gần trường học và bệnh viện. Ngân sách 8-10 tỷ. Đang cân nhắc giữa 2 dự án, cần tư vấn thêm về chính sách chiết khấu.",22,18,14,8,8,70,0,70,WARM,☀️ WARM LEAD,"Tìm nhà phố 8-10 tỷ gần trường học, đang so sánh 2 dự án, quan tâm chính sách chiết khấu.","Chuyên viên tư vấn gọi trong 1 - 2 giờ, hỗ trợ phương án tài chính & hẹn nhà mẫu","Dạ em chào anh/chị Lê Hồng Trang, biết anh/chị đang cân nhắc nhà phố nội thành gần trường học tài chính 8-10 tỷ. Em đã làm bảng so sánh chi tiết ưu thế và chính sách chiết khấu thanh toán sớm 8% bên em so với dự án anh/chị đang xem. Em xin phép gửi qua Zalo để anh/chị tham khảo nhé ạ."
410,Nguyễn Anh Trang,790680474,"Cần mua đất nền vùng ven (Long An, Đồng Nai) để đầu tư dài hạn. Tài chính 2-3 tỷ. Yêu cầu sổ hồng riêng, không dính quy hoạch.",12,14,10,8,8,52,0,52,WARM,☀️ WARM LEAD,"Cần mua đất nền vùng ven (Long An, Đồng Nai) 2-3 tỷ đầu tư dài hạn, yêu cầu sổ hồng riêng.","Chuyên viên tư vấn gọi trong 1 - 2 giờ, hỗ trợ phương án tài chính & hẹn nhà mẫu","Dạ em chào anh/chị Nguyễn Anh Trang, em phụ trách đất nền khu Đông & vùng ven. Em có 3 lô đất Long An/Đồng Nai tài chính 2-3 tỷ đã có sổ hồng riêng từng nền, không dính quy hoạch. Em xin phép gửi sổ và trích lục bản đồ địa chính qua Zalo cho anh/chị xem trước nhé ạ."
411,Lý Minh Hoa,955617574,"Quan tâm căn hộ 2PN tại Quận 7 cho gia đình trẻ. Tài chính khoảng 4-5 tỷ, cần hỗ trợ vay ngân hàng 70%. Muốn đi xem nhà mẫu vào cuối tuần này.",16,16,18,8,8,66,0,66,WARM,☀️ WARM LEAD,"Gia đình trẻ, quan tâm căn 2PN Q7 (4-5 tỷ), cần hỗ trợ vay 70%, muốn đi xem nhà mẫu cuối tuần.","Chuyên viên tư vấn gọi trong 1 - 2 giờ, hỗ trợ phương án tài chính & hẹn nhà mẫu","Dạ em chào anh/chị Lý Minh Hoa, em là [Tên Sales] dự án căn hộ Quận 7. Em thấy gia đình mình quan tâm căn 2PN tài chính 4-5 tỷ và cần gói vay 70%. Em đã lập sẵn bảng tính dòng tiền miễn lãi 2 năm đầu. Thứ Bảy này bên em có xe đưa đón tham quan nhà mẫu, em xin phép đăng ký lịch cho gia đình mình nhé ạ?"
412,Bùi Hồng Quân,842429681,"Spam, gọi điện đến chỉ để quảng cáo ngược lại dịch vụ bảo hiểm.",0,0,0,0,0,0,-50,0,COLD,❄️ COLD LEAD,Lý do loại: Spam / Mời chào dịch vụ khác,Chặn số / Đưa vào Blacklist / Drip Marketing tự động,Không thực hiện gọi trực tiếp. Chuyển vào hệ thống chăm sóc tự động định kỳ.
413,Nguyễn Thị Lan,938945241,"Quan tâm căn hộ 2PN tại Quận 7 cho gia đình trẻ. Tài chính khoảng 4-5 tỷ, cần hỗ trợ vay ngân hàng 70%. Muốn đi xem nhà mẫu vào cuối tuần này.",16,16,18,8,8,66,0,66,WARM,☀️ WARM LEAD,"Gia đình trẻ, quan tâm căn 2PN Q7 (4-5 tỷ), cần hỗ trợ vay 70%, muốn đi xem nhà mẫu cuối tuần.","Chuyên viên tư vấn gọi trong 1 - 2 giờ, hỗ trợ phương án tài chính & hẹn nhà mẫu","Dạ em chào anh/chị Nguyễn Thị Lan, em là [Tên Sales] dự án căn hộ Quận 7. Em thấy gia đình mình quan tâm căn 2PN tài chính 4-5 tỷ và cần gói vay 70%. Em đã lập sẵn bảng tính dòng tiền miễn lãi 2 năm đầu. Thứ Bảy này bên em có xe đưa đón tham quan nhà mẫu, em xin phép đăng ký lịch cho gia đình mình nhé ạ?"
414,Lý Thị Tuấn,754661216,"Tìm nhà phố liền kề khu vực nội thành, ưu tiên gần trường học và bệnh viện. Ngân sách 8-10 tỷ. Đang cân nhắc giữa 2 dự án, cần tư vấn thêm về chính sách chiết khấu.",22,18,14,8,8,70,0,70,WARM,☀️ WARM LEAD,"Tìm nhà phố 8-10 tỷ gần trường học, đang so sánh 2 dự án, quan tâm chính sách chiết khấu.","Chuyên viên tư vấn gọi trong 1 - 2 giờ, hỗ trợ phương án tài chính & hẹn nhà mẫu","Dạ em chào anh/chị Lý Thị Tuấn, biết anh/chị đang cân nhắc nhà phố nội thành gần trường học tài chính 8-10 tỷ. Em đã làm bảng so sánh chi tiết ưu thế và chính sách chiết khấu thanh toán sớm 8% bên em so với dự án anh/chị đang xem. Em xin phép gửi qua Zalo để anh/chị tham khảo nhé ạ."
415,Lý Bảo Quân,342995463,"Cần mua đất nền vùng ven (Long An, Đồng Nai) để đầu tư dài hạn. Tài chính 2-3 tỷ. Yêu cầu sổ hồng riêng, không dính quy hoạch.",12,14,10,8,8,52,0,52,WARM,☀️ WARM LEAD,"Cần mua đất nền vùng ven (Long An, Đồng Nai) 2-3 tỷ đầu tư dài hạn, yêu cầu sổ hồng riêng.","Chuyên viên tư vấn gọi trong 1 - 2 giờ, hỗ trợ phương án tài chính & hẹn nhà mẫu","Dạ em chào anh/chị Lý Bảo Quân, em phụ trách đất nền khu Đông & vùng ven. Em có 3 lô đất Long An/Đồng Nai tài chính 2-3 tỷ đã có sổ hồng riêng từng nền, không dính quy hoạch. Em xin phép gửi sổ và trích lục bản đồ địa chính qua Zalo cho anh/chị xem trước nhé ạ."
416,Đỗ Hoàng Hoa,960527789,"Hỏi giá cho vui, chưa có ý định mua trong năm nay. Ngân sách rất thấp so với mặt bằng chung (đòi mua nhà Q1 giá 1 tỷ).",0,0,0,0,0,0,-50,0,COLD,❄️ COLD LEAD,"Lý do loại: Yêu cầu phi thực tế (Giá vô lý), Khách không thiện chí (Hỏi cho vui)",Chặn số / Đưa vào Blacklist / Drip Marketing tự động,Không thực hiện gọi trực tiếp. Chuyển vào hệ thống chăm sóc tự động định kỳ.
417,Phạm Ngọc Trang,743815014,"Chủ doanh nghiệp lớn, cần tìm quỹ đất công nghiệp hoặc sàn văn phòng diện tích trên 2000m2 tại khu Đông. Tài chính cực mạnh, yêu cầu pháp lý chuẩn 100%.",30,25,18,15,10,98,50,100,HOT,🔥 HOT LEAD,"VIP Flags: Ngân sách VIP (>= 20 tỷ / Tài chính mạnh), Sản phẩm VIP / Độc bản, Chân dung VIP (Chủ DN/NĐT gom sỉ), Minh bạch / Muốn gặp CĐT. Khách hàng phân khúc cao cấp/tài chính mạnh.",Giao Giám đốc Dự án / Senior Broker gọi ngay trong vòng 5 - 15 phút,"Dạ em chào anh/chị Phạm Ngọc Trang, em phụ trách BĐS Thương mại & Doanh nghiệp. Nhận thông tin doanh nghiệp mình cần quỹ đất/sàn văn phòng >2000m2 chuẩn pháp lý 100% tại Khu Đông, bên em có sẵn 2 quỹ đất sổ đỏ hoàn chỉnh. Chiều nay em xin phép mang trích lục quy hoạch 1/500 qua văn phòng gửi anh/chị ạ."
418,Hồ Anh Tuấn,332112396,"Khách hàng nhầm số, không có nhu cầu về bất động sản. Có vẻ là dữ liệu cũ từ ngành khác trộn vào.",0,0,0,0,0,0,-50,0,COLD,❄️ COLD LEAD,Lý do loại: Nhầm số / Không có nhu cầu BĐS,Chặn số / Đưa vào Blacklist / Drip Marketing tự động,Không thực hiện gọi trực tiếp. Chuyển vào hệ thống chăm sóc tự động định kỳ.
419,Trần Thị Mai,751235639,"Đang tìm thuê mặt bằng kinh doanh spa tại Quận 1, diện tích khoảng 80-100m2. Giá thuê mong muốn dưới 50 triệu/tháng. Cần ký hợp đồng dài hạn.",14,16,14,8,6,58,0,58,WARM,☀️ WARM LEAD,"Tìm thuê mặt bằng spa Quận 1 (80-100m2), giá dưới 50 triệu/tháng, hợp đồng dài hạn.","Chuyên viên tư vấn gọi trong 1 - 2 giờ, hỗ trợ phương án tài chính & hẹn nhà mẫu","Dạ em chào anh/chị Trần Thị Mai, em bên mảng mặt bằng thương mại. Em nắm được nhu cầu thuê mặt bằng spa 80-100m2 tại Quận 1 dưới 50 triệu. Em đang có sẵn 2 căn vỉa hè rộng, hạ tầng cấp thoát nước hoàn chỉnh. Chiều nay em có thể dẫn anh/chị qua xem trực tiếp được không ạ?"
420,Dương Hoàng Anh,943229439,"Spam, gọi điện đến chỉ để quảng cáo ngược lại dịch vụ bảo hiểm.",0,0,0,0,0,0,-50,0,COLD,❄️ COLD LEAD,Lý do loại: Spam / Mời chào dịch vụ khác,Chặn số / Đưa vào Blacklist / Drip Marketing tự động,Không thực hiện gọi trực tiếp. Chuyển vào hệ thống chăm sóc tự động định kỳ.
421,Đặng Hồng Cường,889904401,"Số điện thoại hay bị thuê bao, gọi nhiều lần không bắt máy. Nhắn tin Zalo không phản hồi.",0,0,0,0,0,0,-50,0,COLD,❄️ COLD LEAD,Lý do loại: Không liên lạc được (Thuê bao/Không rep),Chặn số / Đưa vào Blacklist / Drip Marketing tự động,Không thực hiện gọi trực tiếp. Chuyển vào hệ thống chăm sóc tự động định kỳ.
422,Lý Bảo Hùng,985879385,"Tìm nhà phố liền kề khu vực nội thành, ưu tiên gần trường học và bệnh viện. Ngân sách 8-10 tỷ. Đang cân nhắc giữa 2 dự án, cần tư vấn thêm về chính sách chiết khấu.",22,18,14,8,8,70,0,70,WARM,☀️ WARM LEAD,"Tìm nhà phố 8-10 tỷ gần trường học, đang so sánh 2 dự án, quan tâm chính sách chiết khấu.","Chuyên viên tư vấn gọi trong 1 - 2 giờ, hỗ trợ phương án tài chính & hẹn nhà mẫu","Dạ em chào anh/chị Lý Bảo Hùng, biết anh/chị đang cân nhắc nhà phố nội thành gần trường học tài chính 8-10 tỷ. Em đã làm bảng so sánh chi tiết ưu thế và chính sách chiết khấu thanh toán sớm 8% bên em so với dự án anh/chị đang xem. Em xin phép gửi qua Zalo để anh/chị tham khảo nhé ạ."
423,Đỗ Ngọc Quân,795783409,"Đang tìm thuê mặt bằng kinh doanh spa tại Quận 1, diện tích khoảng 80-100m2. Giá thuê mong muốn dưới 50 triệu/tháng. Cần ký hợp đồng dài hạn.",14,16,14,8,6,58,0,58,WARM,☀️ WARM LEAD,"Tìm thuê mặt bằng spa Quận 1 (80-100m2), giá dưới 50 triệu/tháng, hợp đồng dài hạn.","Chuyên viên tư vấn gọi trong 1 - 2 giờ, hỗ trợ phương án tài chính & hẹn nhà mẫu","Dạ em chào anh/chị Đỗ Ngọc Quân, em bên mảng mặt bằng thương mại. Em nắm được nhu cầu thuê mặt bằng spa 80-100m2 tại Quận 1 dưới 50 triệu. Em đang có sẵn 2 căn vỉa hè rộng, hạ tầng cấp thoát nước hoàn chỉnh. Chiều nay em có thể dẫn anh/chị qua xem trực tiếp được không ạ?"
424,Phạm Minh Nam,838441690,"Khách hàng nhầm số, không có nhu cầu về bất động sản. Có vẻ là dữ liệu cũ từ ngành khác trộn vào.",0,0,0,0,0,0,-50,0,COLD,❄️ COLD LEAD,Lý do loại: Nhầm số / Không có nhu cầu BĐS,Chặn số / Đưa vào Blacklist / Drip Marketing tự động,Không thực hiện gọi trực tiếp. Chuyển vào hệ thống chăm sóc tự động định kỳ.
425,Phan Phương Linh,756303868,"Tìm nhà phố liền kề khu vực nội thành, ưu tiên gần trường học và bệnh viện. Ngân sách 8-10 tỷ. Đang cân nhắc giữa 2 dự án, cần tư vấn thêm về chính sách chiết khấu.",22,18,14,8,8,70,0,70,WARM,☀️ WARM LEAD,"Tìm nhà phố 8-10 tỷ gần trường học, đang so sánh 2 dự án, quan tâm chính sách chiết khấu.","Chuyên viên tư vấn gọi trong 1 - 2 giờ, hỗ trợ phương án tài chính & hẹn nhà mẫu","Dạ em chào anh/chị Phan Phương Linh, biết anh/chị đang cân nhắc nhà phố nội thành gần trường học tài chính 8-10 tỷ. Em đã làm bảng so sánh chi tiết ưu thế và chính sách chiết khấu thanh toán sớm 8% bên em so với dự án anh/chị đang xem. Em xin phép gửi qua Zalo để anh/chị tham khảo nhé ạ."
426,Trần Bảo Dũng,829976671,"Tìm nhà phố liền kề khu vực nội thành, ưu tiên gần trường học và bệnh viện. Ngân sách 8-10 tỷ. Đang cân nhắc giữa 2 dự án, cần tư vấn thêm về chính sách chiết khấu.",22,18,14,8,8,70,0,70,WARM,☀️ WARM LEAD,"Tìm nhà phố 8-10 tỷ gần trường học, đang so sánh 2 dự án, quan tâm chính sách chiết khấu.","Chuyên viên tư vấn gọi trong 1 - 2 giờ, hỗ trợ phương án tài chính & hẹn nhà mẫu","Dạ em chào anh/chị Trần Bảo Dũng, biết anh/chị đang cân nhắc nhà phố nội thành gần trường học tài chính 8-10 tỷ. Em đã làm bảng so sánh chi tiết ưu thế và chính sách chiết khấu thanh toán sớm 8% bên em so với dự án anh/chị đang xem. Em xin phép gửi qua Zalo để anh/chị tham khảo nhé ạ."
427,Đỗ Minh Lan,767056879,"Tìm nhà phố liền kề khu vực nội thành, ưu tiên gần trường học và bệnh viện. Ngân sách 8-10 tỷ. Đang cân nhắc giữa 2 dự án, cần tư vấn thêm về chính sách chiết khấu.",22,18,14,8,8,70,0,70,WARM,☀️ WARM LEAD,"Tìm nhà phố 8-10 tỷ gần trường học, đang so sánh 2 dự án, quan tâm chính sách chiết khấu.","Chuyên viên tư vấn gọi trong 1 - 2 giờ, hỗ trợ phương án tài chính & hẹn nhà mẫu","Dạ em chào anh/chị Đỗ Minh Lan, biết anh/chị đang cân nhắc nhà phố nội thành gần trường học tài chính 8-10 tỷ. Em đã làm bảng so sánh chi tiết ưu thế và chính sách chiết khấu thanh toán sớm 8% bên em so với dự án anh/chị đang xem. Em xin phép gửi qua Zalo để anh/chị tham khảo nhé ạ."
428,Phan Đức Dũng,363482745,"Tìm nhà thuê nguyên căn giá 2 triệu ở trung tâm thành phố. Yêu cầu phi thực tế, thái độ không hợp tác khi tư vấn.",0,0,0,0,0,0,-50,0,COLD,❄️ COLD LEAD,"Lý do loại: Yêu cầu phi thực tế (Giá vô lý), Khách không thiện chí (Hỏi cho vui)",Chặn số / Đưa vào Blacklist / Drip Marketing tự động,Không thực hiện gọi trực tiếp. Chuyển vào hệ thống chăm sóc tự động định kỳ.
429,Ngô Phương Hùng,938996408,"Tìm nhà phố liền kề khu vực nội thành, ưu tiên gần trường học và bệnh viện. Ngân sách 8-10 tỷ. Đang cân nhắc giữa 2 dự án, cần tư vấn thêm về chính sách chiết khấu.",22,18,14,8,8,70,0,70,WARM,☀️ WARM LEAD,"Tìm nhà phố 8-10 tỷ gần trường học, đang so sánh 2 dự án, quan tâm chính sách chiết khấu.","Chuyên viên tư vấn gọi trong 1 - 2 giờ, hỗ trợ phương án tài chính & hẹn nhà mẫu","Dạ em chào anh/chị Ngô Phương Hùng, biết anh/chị đang cân nhắc nhà phố nội thành gần trường học tài chính 8-10 tỷ. Em đã làm bảng so sánh chi tiết ưu thế và chính sách chiết khấu thanh toán sớm 8% bên em so với dự án anh/chị đang xem. Em xin phép gửi qua Zalo để anh/chị tham khảo nhé ạ."
430,Vũ Đức Cường,733040005,"Tìm nhà phố liền kề khu vực nội thành, ưu tiên gần trường học và bệnh viện. Ngân sách 8-10 tỷ. Đang cân nhắc giữa 2 dự án, cần tư vấn thêm về chính sách chiết khấu.",22,18,14,8,8,70,0,70,WARM,☀️ WARM LEAD,"Tìm nhà phố 8-10 tỷ gần trường học, đang so sánh 2 dự án, quan tâm chính sách chiết khấu.","Chuyên viên tư vấn gọi trong 1 - 2 giờ, hỗ trợ phương án tài chính & hẹn nhà mẫu","Dạ em chào anh/chị Vũ Đức Cường, biết anh/chị đang cân nhắc nhà phố nội thành gần trường học tài chính 8-10 tỷ. Em đã làm bảng so sánh chi tiết ưu thế và chính sách chiết khấu thanh toán sớm 8% bên em so với dự án anh/chị đang xem. Em xin phép gửi qua Zalo để anh/chị tham khảo nhé ạ."
431,Vũ Hồng Hùng,316590822,"Đang tìm thuê mặt bằng kinh doanh spa tại Quận 1, diện tích khoảng 80-100m2. Giá thuê mong muốn dưới 50 triệu/tháng. Cần ký hợp đồng dài hạn.",14,16,14,8,6,58,0,58,WARM,☀️ WARM LEAD,"Tìm thuê mặt bằng spa Quận 1 (80-100m2), giá dưới 50 triệu/tháng, hợp đồng dài hạn.","Chuyên viên tư vấn gọi trong 1 - 2 giờ, hỗ trợ phương án tài chính & hẹn nhà mẫu","Dạ em chào anh/chị Vũ Hồng Hùng, em bên mảng mặt bằng thương mại. Em nắm được nhu cầu thuê mặt bằng spa 80-100m2 tại Quận 1 dưới 50 triệu. Em đang có sẵn 2 căn vỉa hè rộng, hạ tầng cấp thoát nước hoàn chỉnh. Chiều nay em có thể dẫn anh/chị qua xem trực tiếp được không ạ?"
432,Phan Hoàng Lan,931236481,"Khách hàng nhầm số, không có nhu cầu về bất động sản. Có vẻ là dữ liệu cũ từ ngành khác trộn vào.",0,0,0,0,0,0,-50,0,COLD,❄️ COLD LEAD,Lý do loại: Nhầm số / Không có nhu cầu BĐS,Chặn số / Đưa vào Blacklist / Drip Marketing tự động,Không thực hiện gọi trực tiếp. Chuyển vào hệ thống chăm sóc tự động định kỳ.
433,Lê Thị Dũng,971690651,"Tìm nhà phố liền kề khu vực nội thành, ưu tiên gần trường học và bệnh viện. Ngân sách 8-10 tỷ. Đang cân nhắc giữa 2 dự án, cần tư vấn thêm về chính sách chiết khấu.",22,18,14,8,8,70,0,70,WARM,☀️ WARM LEAD,"Tìm nhà phố 8-10 tỷ gần trường học, đang so sánh 2 dự án, quan tâm chính sách chiết khấu.","Chuyên viên tư vấn gọi trong 1 - 2 giờ, hỗ trợ phương án tài chính & hẹn nhà mẫu","Dạ em chào anh/chị Lê Thị Dũng, biết anh/chị đang cân nhắc nhà phố nội thành gần trường học tài chính 8-10 tỷ. Em đã làm bảng so sánh chi tiết ưu thế và chính sách chiết khấu thanh toán sớm 8% bên em so với dự án anh/chị đang xem. Em xin phép gửi qua Zalo để anh/chị tham khảo nhé ạ."
434,Phan Phương Hùng,355086867,"Cần mua đất nền vùng ven (Long An, Đồng Nai) để đầu tư dài hạn. Tài chính 2-3 tỷ. Yêu cầu sổ hồng riêng, không dính quy hoạch.",12,14,10,8,8,52,0,52,WARM,☀️ WARM LEAD,"Cần mua đất nền vùng ven (Long An, Đồng Nai) 2-3 tỷ đầu tư dài hạn, yêu cầu sổ hồng riêng.","Chuyên viên tư vấn gọi trong 1 - 2 giờ, hỗ trợ phương án tài chính & hẹn nhà mẫu","Dạ em chào anh/chị Phan Phương Hùng, em phụ trách đất nền khu Đông & vùng ven. Em có 3 lô đất Long An/Đồng Nai tài chính 2-3 tỷ đã có sổ hồng riêng từng nền, không dính quy hoạch. Em xin phép gửi sổ và trích lục bản đồ địa chính qua Zalo cho anh/chị xem trước nhé ạ."
435,Đặng Minh Tuấn,833988476,"Tìm nhà phố liền kề khu vực nội thành, ưu tiên gần trường học và bệnh viện. Ngân sách 8-10 tỷ. Đang cân nhắc giữa 2 dự án, cần tư vấn thêm về chính sách chiết khấu.",22,18,14,8,8,70,0,70,WARM,☀️ WARM LEAD,"Tìm nhà phố 8-10 tỷ gần trường học, đang so sánh 2 dự án, quan tâm chính sách chiết khấu.","Chuyên viên tư vấn gọi trong 1 - 2 giờ, hỗ trợ phương án tài chính & hẹn nhà mẫu","Dạ em chào anh/chị Đặng Minh Tuấn, biết anh/chị đang cân nhắc nhà phố nội thành gần trường học tài chính 8-10 tỷ. Em đã làm bảng so sánh chi tiết ưu thế và chính sách chiết khấu thanh toán sớm 8% bên em so với dự án anh/chị đang xem. Em xin phép gửi qua Zalo để anh/chị tham khảo nhé ạ."
436,Đỗ Anh Cường,338521582,"Khách hàng nhầm số, không có nhu cầu về bất động sản. Có vẻ là dữ liệu cũ từ ngành khác trộn vào.",0,0,0,0,0,0,-50,0,COLD,❄️ COLD LEAD,Lý do loại: Nhầm số / Không có nhu cầu BĐS,Chặn số / Đưa vào Blacklist / Drip Marketing tự động,Không thực hiện gọi trực tiếp. Chuyển vào hệ thống chăm sóc tự động định kỳ.
437,Đặng Hoàng Cường,789488516,"Quan tâm căn hộ 2PN tại Quận 7 cho gia đình trẻ. Tài chính khoảng 4-5 tỷ, cần hỗ trợ vay ngân hàng 70%. Muốn đi xem nhà mẫu vào cuối tuần này.",16,16,18,8,8,66,0,66,WARM,☀️ WARM LEAD,"Gia đình trẻ, quan tâm căn 2PN Q7 (4-5 tỷ), cần hỗ trợ vay 70%, muốn đi xem nhà mẫu cuối tuần.","Chuyên viên tư vấn gọi trong 1 - 2 giờ, hỗ trợ phương án tài chính & hẹn nhà mẫu","Dạ em chào anh/chị Đặng Hoàng Cường, em là [Tên Sales] dự án căn hộ Quận 7. Em thấy gia đình mình quan tâm căn 2PN tài chính 4-5 tỷ và cần gói vay 70%. Em đã lập sẵn bảng tính dòng tiền miễn lãi 2 năm đầu. Thứ Bảy này bên em có xe đưa đón tham quan nhà mẫu, em xin phép đăng ký lịch cho gia đình mình nhé ạ?"
438,Bùi Anh Cường,888131691,"Đang tìm thuê mặt bằng kinh doanh spa tại Quận 1, diện tích khoảng 80-100m2. Giá thuê mong muốn dưới 50 triệu/tháng. Cần ký hợp đồng dài hạn.",14,16,14,8,6,58,0,58,WARM,☀️ WARM LEAD,"Tìm thuê mặt bằng spa Quận 1 (80-100m2), giá dưới 50 triệu/tháng, hợp đồng dài hạn.","Chuyên viên tư vấn gọi trong 1 - 2 giờ, hỗ trợ phương án tài chính & hẹn nhà mẫu","Dạ em chào anh/chị Bùi Anh Cường, em bên mảng mặt bằng thương mại. Em nắm được nhu cầu thuê mặt bằng spa 80-100m2 tại Quận 1 dưới 50 triệu. Em đang có sẵn 2 căn vỉa hè rộng, hạ tầng cấp thoát nước hoàn chỉnh. Chiều nay em có thể dẫn anh/chị qua xem trực tiếp được không ạ?"
439,Lý Hoàng Tuấn,325335558,"Tìm nhà phố liền kề khu vực nội thành, ưu tiên gần trường học và bệnh viện. Ngân sách 8-10 tỷ. Đang cân nhắc giữa 2 dự án, cần tư vấn thêm về chính sách chiết khấu.",22,18,14,8,8,70,0,70,WARM,☀️ WARM LEAD,"Tìm nhà phố 8-10 tỷ gần trường học, đang so sánh 2 dự án, quan tâm chính sách chiết khấu.","Chuyên viên tư vấn gọi trong 1 - 2 giờ, hỗ trợ phương án tài chính & hẹn nhà mẫu","Dạ em chào anh/chị Lý Hoàng Tuấn, biết anh/chị đang cân nhắc nhà phố nội thành gần trường học tài chính 8-10 tỷ. Em đã làm bảng so sánh chi tiết ưu thế và chính sách chiết khấu thanh toán sớm 8% bên em so với dự án anh/chị đang xem. Em xin phép gửi qua Zalo để anh/chị tham khảo nhé ạ."
440,Đặng Minh Dũng,357931715,"Tìm nhà phố liền kề khu vực nội thành, ưu tiên gần trường học và bệnh viện. Ngân sách 8-10 tỷ. Đang cân nhắc giữa 2 dự án, cần tư vấn thêm về chính sách chiết khấu.",22,18,14,8,8,70,0,70,WARM,☀️ WARM LEAD,"Tìm nhà phố 8-10 tỷ gần trường học, đang so sánh 2 dự án, quan tâm chính sách chiết khấu.","Chuyên viên tư vấn gọi trong 1 - 2 giờ, hỗ trợ phương án tài chính & hẹn nhà mẫu","Dạ em chào anh/chị Đặng Minh Dũng, biết anh/chị đang cân nhắc nhà phố nội thành gần trường học tài chính 8-10 tỷ. Em đã làm bảng so sánh chi tiết ưu thế và chính sách chiết khấu thanh toán sớm 8% bên em so với dự án anh/chị đang xem. Em xin phép gửi qua Zalo để anh/chị tham khảo nhé ạ."
441,Đỗ Anh Cường,833554834,"Tìm nhà phố liền kề khu vực nội thành, ưu tiên gần trường học và bệnh viện. Ngân sách 8-10 tỷ. Đang cân nhắc giữa 2 dự án, cần tư vấn thêm về chính sách chiết khấu.",22,18,14,8,8,70,0,70,WARM,☀️ WARM LEAD,"Tìm nhà phố 8-10 tỷ gần trường học, đang so sánh 2 dự án, quan tâm chính sách chiết khấu.","Chuyên viên tư vấn gọi trong 1 - 2 giờ, hỗ trợ phương án tài chính & hẹn nhà mẫu","Dạ em chào anh/chị Đỗ Anh Cường, biết anh/chị đang cân nhắc nhà phố nội thành gần trường học tài chính 8-10 tỷ. Em đã làm bảng so sánh chi tiết ưu thế và chính sách chiết khấu thanh toán sớm 8% bên em so với dự án anh/chị đang xem. Em xin phép gửi qua Zalo để anh/chị tham khảo nhé ạ."
442,Nguyễn Bảo Trang,889193400,"Khách hàng VIP, quan tâm biệt thự đơn lập phân khu cao cấp nhất. Ngân sách trên 30 tỷ, thanh toán thẳng. Yêu cầu vị trí ven sông, hướng Đông Nam. Đã từng mua nhiều dự án của tập đoàn.",30,25,18,15,10,98,50,100,HOT,🔥 HOT LEAD,"VIP Flags: Ngân sách VIP (>= 20 tỷ / Tài chính mạnh), Sản phẩm VIP / Độc bản, Vị trí Đắc địa (Ven sông/Phú Mỹ Hưng), Chân dung VIP (Chủ DN/NĐT gom sỉ). Khách hàng phân khúc cao cấp/tài chính mạnh.",Giao Giám đốc Dự án / Senior Broker gọi ngay trong vòng 5 - 15 phút,"Dạ em chào anh/chị Nguyễn Bảo Trang, em là [Tên Sales] phụ trách phân khu Biệt thự ven sông cao cấp nhất. Em được biết anh/chị đã từng sở hữu nhiều sản phẩm của tập đoàn và đang tìm căn biệt thự đơn lập hướng Đông Nam thanh toán thẳng trên 30 tỷ. Em đã chuẩn bị sẵn sơ đồ lô góc vị trí đắc địa nhất, em xin phép mang tài liệu qua gửi anh/chị tham khảo ạ."
443,Dương Đức Tuấn,883386816,"Cần mua đất nền vùng ven (Long An, Đồng Nai) để đầu tư dài hạn. Tài chính 2-3 tỷ. Yêu cầu sổ hồng riêng, không dính quy hoạch.",12,14,10,8,8,52,0,52,WARM,☀️ WARM LEAD,"Cần mua đất nền vùng ven (Long An, Đồng Nai) 2-3 tỷ đầu tư dài hạn, yêu cầu sổ hồng riêng.","Chuyên viên tư vấn gọi trong 1 - 2 giờ, hỗ trợ phương án tài chính & hẹn nhà mẫu","Dạ em chào anh/chị Dương Đức Tuấn, em phụ trách đất nền khu Đông & vùng ven. Em có 3 lô đất Long An/Đồng Nai tài chính 2-3 tỷ đã có sổ hồng riêng từng nền, không dính quy hoạch. Em xin phép gửi sổ và trích lục bản đồ địa chính qua Zalo cho anh/chị xem trước nhé ạ."
444,Lý Thị Tâm,970759243,"Tìm nhà phố liền kề khu vực nội thành, ưu tiên gần trường học và bệnh viện. Ngân sách 8-10 tỷ. Đang cân nhắc giữa 2 dự án, cần tư vấn thêm về chính sách chiết khấu.",22,18,14,8,8,70,0,70,WARM,☀️ WARM LEAD,"Tìm nhà phố 8-10 tỷ gần trường học, đang so sánh 2 dự án, quan tâm chính sách chiết khấu.","Chuyên viên tư vấn gọi trong 1 - 2 giờ, hỗ trợ phương án tài chính & hẹn nhà mẫu","Dạ em chào anh/chị Lý Thị Tâm, biết anh/chị đang cân nhắc nhà phố nội thành gần trường học tài chính 8-10 tỷ. Em đã làm bảng so sánh chi tiết ưu thế và chính sách chiết khấu thanh toán sớm 8% bên em so với dự án anh/chị đang xem. Em xin phép gửi qua Zalo để anh/chị tham khảo nhé ạ."
445,Hồ Hồng Quân,371141585,"Tìm nhà phố liền kề khu vực nội thành, ưu tiên gần trường học và bệnh viện. Ngân sách 8-10 tỷ. Đang cân nhắc giữa 2 dự án, cần tư vấn thêm về chính sách chiết khấu.",22,18,14,8,8,70,0,70,WARM,☀️ WARM LEAD,"Tìm nhà phố 8-10 tỷ gần trường học, đang so sánh 2 dự án, quan tâm chính sách chiết khấu.","Chuyên viên tư vấn gọi trong 1 - 2 giờ, hỗ trợ phương án tài chính & hẹn nhà mẫu","Dạ em chào anh/chị Hồ Hồng Quân, biết anh/chị đang cân nhắc nhà phố nội thành gần trường học tài chính 8-10 tỷ. Em đã làm bảng so sánh chi tiết ưu thế và chính sách chiết khấu thanh toán sớm 8% bên em so với dự án anh/chị đang xem. Em xin phép gửi qua Zalo để anh/chị tham khảo nhé ạ."
446,Bùi Ngọc Tuấn,980564133,"Cần mua đất nền vùng ven (Long An, Đồng Nai) để đầu tư dài hạn. Tài chính 2-3 tỷ. Yêu cầu sổ hồng riêng, không dính quy hoạch.",12,14,10,8,8,52,0,52,WARM,☀️ WARM LEAD,"Cần mua đất nền vùng ven (Long An, Đồng Nai) 2-3 tỷ đầu tư dài hạn, yêu cầu sổ hồng riêng.","Chuyên viên tư vấn gọi trong 1 - 2 giờ, hỗ trợ phương án tài chính & hẹn nhà mẫu","Dạ em chào anh/chị Bùi Ngọc Tuấn, em phụ trách đất nền khu Đông & vùng ven. Em có 3 lô đất Long An/Đồng Nai tài chính 2-3 tỷ đã có sổ hồng riêng từng nền, không dính quy hoạch. Em xin phép gửi sổ và trích lục bản đồ địa chính qua Zalo cho anh/chị xem trước nhé ạ."
447,Lý Phương Hùng,746007573,"Hỏi giá cho vui, chưa có ý định mua trong năm nay. Ngân sách rất thấp so với mặt bằng chung (đòi mua nhà Q1 giá 1 tỷ).",0,0,0,0,0,0,-50,0,COLD,❄️ COLD LEAD,"Lý do loại: Yêu cầu phi thực tế (Giá vô lý), Khách không thiện chí (Hỏi cho vui)",Chặn số / Đưa vào Blacklist / Drip Marketing tự động,Không thực hiện gọi trực tiếp. Chuyển vào hệ thống chăm sóc tự động định kỳ.
448,Ngô Phương Quân,980722108,"Số điện thoại hay bị thuê bao, gọi nhiều lần không bắt máy. Nhắn tin Zalo không phản hồi.",0,0,0,0,0,0,-50,0,COLD,❄️ COLD LEAD,Lý do loại: Không liên lạc được (Thuê bao/Không rep),Chặn số / Đưa vào Blacklist / Drip Marketing tự động,Không thực hiện gọi trực tiếp. Chuyển vào hệ thống chăm sóc tự động định kỳ.
449,Lý Văn Dũng,999639478,"Tìm nhà phố liền kề khu vực nội thành, ưu tiên gần trường học và bệnh viện. Ngân sách 8-10 tỷ. Đang cân nhắc giữa 2 dự án, cần tư vấn thêm về chính sách chiết khấu.",22,18,14,8,8,70,0,70,WARM,☀️ WARM LEAD,"Tìm nhà phố 8-10 tỷ gần trường học, đang so sánh 2 dự án, quan tâm chính sách chiết khấu.","Chuyên viên tư vấn gọi trong 1 - 2 giờ, hỗ trợ phương án tài chính & hẹn nhà mẫu","Dạ em chào anh/chị Lý Văn Dũng, biết anh/chị đang cân nhắc nhà phố nội thành gần trường học tài chính 8-10 tỷ. Em đã làm bảng so sánh chi tiết ưu thế và chính sách chiết khấu thanh toán sớm 8% bên em so với dự án anh/chị đang xem. Em xin phép gửi qua Zalo để anh/chị tham khảo nhé ạ."
450,Phạm Hồng Mai,878711588,"Đang tìm thuê mặt bằng kinh doanh spa tại Quận 1, diện tích khoảng 80-100m2. Giá thuê mong muốn dưới 50 triệu/tháng. Cần ký hợp đồng dài hạn.",14,16,14,8,6,58,0,58,WARM,☀️ WARM LEAD,"Tìm thuê mặt bằng spa Quận 1 (80-100m2), giá dưới 50 triệu/tháng, hợp đồng dài hạn.","Chuyên viên tư vấn gọi trong 1 - 2 giờ, hỗ trợ phương án tài chính & hẹn nhà mẫu","Dạ em chào anh/chị Phạm Hồng Mai, em bên mảng mặt bằng thương mại. Em nắm được nhu cầu thuê mặt bằng spa 80-100m2 tại Quận 1 dưới 50 triệu. Em đang có sẵn 2 căn vỉa hè rộng, hạ tầng cấp thoát nước hoàn chỉnh. Chiều nay em có thể dẫn anh/chị qua xem trực tiếp được không ạ?"
451,Dương Phương Cường,387868578,"Quan tâm căn hộ 2PN tại Quận 7 cho gia đình trẻ. Tài chính khoảng 4-5 tỷ, cần hỗ trợ vay ngân hàng 70%. Muốn đi xem nhà mẫu vào cuối tuần này.",16,16,18,8,8,66,0,66,WARM,☀️ WARM LEAD,"Gia đình trẻ, quan tâm căn 2PN Q7 (4-5 tỷ), cần hỗ trợ vay 70%, muốn đi xem nhà mẫu cuối tuần.","Chuyên viên tư vấn gọi trong 1 - 2 giờ, hỗ trợ phương án tài chính & hẹn nhà mẫu","Dạ em chào anh/chị Dương Phương Cường, em là [Tên Sales] dự án căn hộ Quận 7. Em thấy gia đình mình quan tâm căn 2PN tài chính 4-5 tỷ và cần gói vay 70%. Em đã lập sẵn bảng tính dòng tiền miễn lãi 2 năm đầu. Thứ Bảy này bên em có xe đưa đón tham quan nhà mẫu, em xin phép đăng ký lịch cho gia đình mình nhé ạ?"
452,Lê Văn Tâm,794361563,"Spam, gọi điện đến chỉ để quảng cáo ngược lại dịch vụ bảo hiểm.",0,0,0,0,0,0,-50,0,COLD,❄️ COLD LEAD,Lý do loại: Spam / Mời chào dịch vụ khác,Chặn số / Đưa vào Blacklist / Drip Marketing tự động,Không thực hiện gọi trực tiếp. Chuyển vào hệ thống chăm sóc tự động định kỳ.
453,Đặng Phương Lan,738271164,"Spam, gọi điện đến chỉ để quảng cáo ngược lại dịch vụ bảo hiểm.",0,0,0,0,0,0,-50,0,COLD,❄️ COLD LEAD,Lý do loại: Spam / Mời chào dịch vụ khác,Chặn số / Đưa vào Blacklist / Drip Marketing tự động,Không thực hiện gọi trực tiếp. Chuyển vào hệ thống chăm sóc tự động định kỳ.
454,Dương Hồng Sơn,928516289,"Khách hàng nhầm số, không có nhu cầu về bất động sản. Có vẻ là dữ liệu cũ từ ngành khác trộn vào.",0,0,0,0,0,0,-50,0,COLD,❄️ COLD LEAD,Lý do loại: Nhầm số / Không có nhu cầu BĐS,Chặn số / Đưa vào Blacklist / Drip Marketing tự động,Không thực hiện gọi trực tiếp. Chuyển vào hệ thống chăm sóc tự động định kỳ.
455,Dương Minh Trang,755011953,"Quan tâm căn hộ 2PN tại Quận 7 cho gia đình trẻ. Tài chính khoảng 4-5 tỷ, cần hỗ trợ vay ngân hàng 70%. Muốn đi xem nhà mẫu vào cuối tuần này.",16,16,18,8,8,66,0,66,WARM,☀️ WARM LEAD,"Gia đình trẻ, quan tâm căn 2PN Q7 (4-5 tỷ), cần hỗ trợ vay 70%, muốn đi xem nhà mẫu cuối tuần.","Chuyên viên tư vấn gọi trong 1 - 2 giờ, hỗ trợ phương án tài chính & hẹn nhà mẫu","Dạ em chào anh/chị Dương Minh Trang, em là [Tên Sales] dự án căn hộ Quận 7. Em thấy gia đình mình quan tâm căn 2PN tài chính 4-5 tỷ và cần gói vay 70%. Em đã lập sẵn bảng tính dòng tiền miễn lãi 2 năm đầu. Thứ Bảy này bên em có xe đưa đón tham quan nhà mẫu, em xin phép đăng ký lịch cho gia đình mình nhé ạ?"
456,Đỗ Phương Trang,871955988,"Cần mua đất nền vùng ven (Long An, Đồng Nai) để đầu tư dài hạn. Tài chính 2-3 tỷ. Yêu cầu sổ hồng riêng, không dính quy hoạch.",12,14,10,8,8,52,0,52,WARM,☀️ WARM LEAD,"Cần mua đất nền vùng ven (Long An, Đồng Nai) 2-3 tỷ đầu tư dài hạn, yêu cầu sổ hồng riêng.","Chuyên viên tư vấn gọi trong 1 - 2 giờ, hỗ trợ phương án tài chính & hẹn nhà mẫu","Dạ em chào anh/chị Đỗ Phương Trang, em phụ trách đất nền khu Đông & vùng ven. Em có 3 lô đất Long An/Đồng Nai tài chính 2-3 tỷ đã có sổ hồng riêng từng nền, không dính quy hoạch. Em xin phép gửi sổ và trích lục bản đồ địa chính qua Zalo cho anh/chị xem trước nhé ạ."
457,Vũ Đức Hoa,325115854,"Đang tìm thuê mặt bằng kinh doanh spa tại Quận 1, diện tích khoảng 80-100m2. Giá thuê mong muốn dưới 50 triệu/tháng. Cần ký hợp đồng dài hạn.",14,16,14,8,6,58,0,58,WARM,☀️ WARM LEAD,"Tìm thuê mặt bằng spa Quận 1 (80-100m2), giá dưới 50 triệu/tháng, hợp đồng dài hạn.","Chuyên viên tư vấn gọi trong 1 - 2 giờ, hỗ trợ phương án tài chính & hẹn nhà mẫu","Dạ em chào anh/chị Vũ Đức Hoa, em bên mảng mặt bằng thương mại. Em nắm được nhu cầu thuê mặt bằng spa 80-100m2 tại Quận 1 dưới 50 triệu. Em đang có sẵn 2 căn vỉa hè rộng, hạ tầng cấp thoát nước hoàn chỉnh. Chiều nay em có thể dẫn anh/chị qua xem trực tiếp được không ạ?"
458,Phạm Ngọc Anh,382502418,"Tìm nhà phố liền kề khu vực nội thành, ưu tiên gần trường học và bệnh viện. Ngân sách 8-10 tỷ. Đang cân nhắc giữa 2 dự án, cần tư vấn thêm về chính sách chiết khấu.",22,18,14,8,8,70,0,70,WARM,☀️ WARM LEAD,"Tìm nhà phố 8-10 tỷ gần trường học, đang so sánh 2 dự án, quan tâm chính sách chiết khấu.","Chuyên viên tư vấn gọi trong 1 - 2 giờ, hỗ trợ phương án tài chính & hẹn nhà mẫu","Dạ em chào anh/chị Phạm Ngọc Anh, biết anh/chị đang cân nhắc nhà phố nội thành gần trường học tài chính 8-10 tỷ. Em đã làm bảng so sánh chi tiết ưu thế và chính sách chiết khấu thanh toán sớm 8% bên em so với dự án anh/chị đang xem. Em xin phép gửi qua Zalo để anh/chị tham khảo nhé ạ."
459,Phan Phương Linh,760996756,"Quan tâm căn hộ 2PN tại Quận 7 cho gia đình trẻ. Tài chính khoảng 4-5 tỷ, cần hỗ trợ vay ngân hàng 70%. Muốn đi xem nhà mẫu vào cuối tuần này.",16,16,18,8,8,66,0,66,WARM,☀️ WARM LEAD,"Gia đình trẻ, quan tâm căn 2PN Q7 (4-5 tỷ), cần hỗ trợ vay 70%, muốn đi xem nhà mẫu cuối tuần.","Chuyên viên tư vấn gọi trong 1 - 2 giờ, hỗ trợ phương án tài chính & hẹn nhà mẫu","Dạ em chào anh/chị Phan Phương Linh, em là [Tên Sales] dự án căn hộ Quận 7. Em thấy gia đình mình quan tâm căn 2PN tài chính 4-5 tỷ và cần gói vay 70%. Em đã lập sẵn bảng tính dòng tiền miễn lãi 2 năm đầu. Thứ Bảy này bên em có xe đưa đón tham quan nhà mẫu, em xin phép đăng ký lịch cho gia đình mình nhé ạ?"
460,Phan Phương Linh,860442127,"Quan tâm căn hộ 2PN tại Quận 7 cho gia đình trẻ. Tài chính khoảng 4-5 tỷ, cần hỗ trợ vay ngân hàng 70%. Muốn đi xem nhà mẫu vào cuối tuần này.",16,16,18,8,8,66,0,66,WARM,☀️ WARM LEAD,"Gia đình trẻ, quan tâm căn 2PN Q7 (4-5 tỷ), cần hỗ trợ vay 70%, muốn đi xem nhà mẫu cuối tuần.","Chuyên viên tư vấn gọi trong 1 - 2 giờ, hỗ trợ phương án tài chính & hẹn nhà mẫu","Dạ em chào anh/chị Phan Phương Linh, em là [Tên Sales] dự án căn hộ Quận 7. Em thấy gia đình mình quan tâm căn 2PN tài chính 4-5 tỷ và cần gói vay 70%. Em đã lập sẵn bảng tính dòng tiền miễn lãi 2 năm đầu. Thứ Bảy này bên em có xe đưa đón tham quan nhà mẫu, em xin phép đăng ký lịch cho gia đình mình nhé ạ?"
461,Đặng Ngọc Cường,365671701,"Chủ doanh nghiệp lớn, cần tìm quỹ đất công nghiệp hoặc sàn văn phòng diện tích trên 2000m2 tại khu Đông. Tài chính cực mạnh, yêu cầu pháp lý chuẩn 100%.",30,25,18,15,10,98,50,100,HOT,🔥 HOT LEAD,"VIP Flags: Ngân sách VIP (>= 20 tỷ / Tài chính mạnh), Sản phẩm VIP / Độc bản, Chân dung VIP (Chủ DN/NĐT gom sỉ), Minh bạch / Muốn gặp CĐT. Khách hàng phân khúc cao cấp/tài chính mạnh.",Giao Giám đốc Dự án / Senior Broker gọi ngay trong vòng 5 - 15 phút,"Dạ em chào anh/chị Đặng Ngọc Cường, em phụ trách BĐS Thương mại & Doanh nghiệp. Nhận thông tin doanh nghiệp mình cần quỹ đất/sàn văn phòng >2000m2 chuẩn pháp lý 100% tại Khu Đông, bên em có sẵn 2 quỹ đất sổ đỏ hoàn chỉnh. Chiều nay em xin phép mang trích lục quy hoạch 1/500 qua văn phòng gửi anh/chị ạ."
462,Ngô Văn Linh,393805101,"Cần mua đất nền vùng ven (Long An, Đồng Nai) để đầu tư dài hạn. Tài chính 2-3 tỷ. Yêu cầu sổ hồng riêng, không dính quy hoạch.",12,14,10,8,8,52,0,52,WARM,☀️ WARM LEAD,"Cần mua đất nền vùng ven (Long An, Đồng Nai) 2-3 tỷ đầu tư dài hạn, yêu cầu sổ hồng riêng.","Chuyên viên tư vấn gọi trong 1 - 2 giờ, hỗ trợ phương án tài chính & hẹn nhà mẫu","Dạ em chào anh/chị Ngô Văn Linh, em phụ trách đất nền khu Đông & vùng ven. Em có 3 lô đất Long An/Đồng Nai tài chính 2-3 tỷ đã có sổ hồng riêng từng nền, không dính quy hoạch. Em xin phép gửi sổ và trích lục bản đồ địa chính qua Zalo cho anh/chị xem trước nhé ạ."
463,Đỗ Minh Dũng,849017052,"Quan tâm căn hộ 2PN tại Quận 7 cho gia đình trẻ. Tài chính khoảng 4-5 tỷ, cần hỗ trợ vay ngân hàng 70%. Muốn đi xem nhà mẫu vào cuối tuần này.",16,16,18,8,8,66,0,66,WARM,☀️ WARM LEAD,"Gia đình trẻ, quan tâm căn 2PN Q7 (4-5 tỷ), cần hỗ trợ vay 70%, muốn đi xem nhà mẫu cuối tuần.","Chuyên viên tư vấn gọi trong 1 - 2 giờ, hỗ trợ phương án tài chính & hẹn nhà mẫu","Dạ em chào anh/chị Đỗ Minh Dũng, em là [Tên Sales] dự án căn hộ Quận 7. Em thấy gia đình mình quan tâm căn 2PN tài chính 4-5 tỷ và cần gói vay 70%. Em đã lập sẵn bảng tính dòng tiền miễn lãi 2 năm đầu. Thứ Bảy này bên em có xe đưa đón tham quan nhà mẫu, em xin phép đăng ký lịch cho gia đình mình nhé ạ?"
464,Bùi Phương Tuấn,930846419,"Cần mua đất nền vùng ven (Long An, Đồng Nai) để đầu tư dài hạn. Tài chính 2-3 tỷ. Yêu cầu sổ hồng riêng, không dính quy hoạch.",12,14,10,8,8,52,0,52,WARM,☀️ WARM LEAD,"Cần mua đất nền vùng ven (Long An, Đồng Nai) 2-3 tỷ đầu tư dài hạn, yêu cầu sổ hồng riêng.","Chuyên viên tư vấn gọi trong 1 - 2 giờ, hỗ trợ phương án tài chính & hẹn nhà mẫu","Dạ em chào anh/chị Bùi Phương Tuấn, em phụ trách đất nền khu Đông & vùng ven. Em có 3 lô đất Long An/Đồng Nai tài chính 2-3 tỷ đã có sổ hồng riêng từng nền, không dính quy hoạch. Em xin phép gửi sổ và trích lục bản đồ địa chính qua Zalo cho anh/chị xem trước nhé ạ."
465,Nguyễn Hoàng Mai,762499897,"Cần mua đất nền vùng ven (Long An, Đồng Nai) để đầu tư dài hạn. Tài chính 2-3 tỷ. Yêu cầu sổ hồng riêng, không dính quy hoạch.",12,14,10,8,8,52,0,52,WARM,☀️ WARM LEAD,"Cần mua đất nền vùng ven (Long An, Đồng Nai) 2-3 tỷ đầu tư dài hạn, yêu cầu sổ hồng riêng.","Chuyên viên tư vấn gọi trong 1 - 2 giờ, hỗ trợ phương án tài chính & hẹn nhà mẫu","Dạ em chào anh/chị Nguyễn Hoàng Mai, em phụ trách đất nền khu Đông & vùng ven. Em có 3 lô đất Long An/Đồng Nai tài chính 2-3 tỷ đã có sổ hồng riêng từng nền, không dính quy hoạch. Em xin phép gửi sổ và trích lục bản đồ địa chính qua Zalo cho anh/chị xem trước nhé ạ."
466,Đặng Anh Linh,986275695,"Spam, gọi điện đến chỉ để quảng cáo ngược lại dịch vụ bảo hiểm.",0,0,0,0,0,0,-50,0,COLD,❄️ COLD LEAD,Lý do loại: Spam / Mời chào dịch vụ khác,Chặn số / Đưa vào Blacklist / Drip Marketing tự động,Không thực hiện gọi trực tiếp. Chuyển vào hệ thống chăm sóc tự động định kỳ.
467,Phạm Ngọc Hùng,723953299,"Tìm nhà phố liền kề khu vực nội thành, ưu tiên gần trường học và bệnh viện. Ngân sách 8-10 tỷ. Đang cân nhắc giữa 2 dự án, cần tư vấn thêm về chính sách chiết khấu.",22,18,14,8,8,70,0,70,WARM,☀️ WARM LEAD,"Tìm nhà phố 8-10 tỷ gần trường học, đang so sánh 2 dự án, quan tâm chính sách chiết khấu.","Chuyên viên tư vấn gọi trong 1 - 2 giờ, hỗ trợ phương án tài chính & hẹn nhà mẫu","Dạ em chào anh/chị Phạm Ngọc Hùng, biết anh/chị đang cân nhắc nhà phố nội thành gần trường học tài chính 8-10 tỷ. Em đã làm bảng so sánh chi tiết ưu thế và chính sách chiết khấu thanh toán sớm 8% bên em so với dự án anh/chị đang xem. Em xin phép gửi qua Zalo để anh/chị tham khảo nhé ạ."
468,Lê Minh Dũng,732888978,"Đang tìm thuê mặt bằng kinh doanh spa tại Quận 1, diện tích khoảng 80-100m2. Giá thuê mong muốn dưới 50 triệu/tháng. Cần ký hợp đồng dài hạn.",14,16,14,8,6,58,0,58,WARM,☀️ WARM LEAD,"Tìm thuê mặt bằng spa Quận 1 (80-100m2), giá dưới 50 triệu/tháng, hợp đồng dài hạn.","Chuyên viên tư vấn gọi trong 1 - 2 giờ, hỗ trợ phương án tài chính & hẹn nhà mẫu","Dạ em chào anh/chị Lê Minh Dũng, em bên mảng mặt bằng thương mại. Em nắm được nhu cầu thuê mặt bằng spa 80-100m2 tại Quận 1 dưới 50 triệu. Em đang có sẵn 2 căn vỉa hè rộng, hạ tầng cấp thoát nước hoàn chỉnh. Chiều nay em có thể dẫn anh/chị qua xem trực tiếp được không ạ?"
469,Lý Hồng Hùng,324700770,"Đang tìm thuê mặt bằng kinh doanh spa tại Quận 1, diện tích khoảng 80-100m2. Giá thuê mong muốn dưới 50 triệu/tháng. Cần ký hợp đồng dài hạn.",14,16,14,8,6,58,0,58,WARM,☀️ WARM LEAD,"Tìm thuê mặt bằng spa Quận 1 (80-100m2), giá dưới 50 triệu/tháng, hợp đồng dài hạn.","Chuyên viên tư vấn gọi trong 1 - 2 giờ, hỗ trợ phương án tài chính & hẹn nhà mẫu","Dạ em chào anh/chị Lý Hồng Hùng, em bên mảng mặt bằng thương mại. Em nắm được nhu cầu thuê mặt bằng spa 80-100m2 tại Quận 1 dưới 50 triệu. Em đang có sẵn 2 căn vỉa hè rộng, hạ tầng cấp thoát nước hoàn chỉnh. Chiều nay em có thể dẫn anh/chị qua xem trực tiếp được không ạ?"
470,Phạm Ngọc Tuấn,996757375,"Hỏi giá cho vui, chưa có ý định mua trong năm nay. Ngân sách rất thấp so với mặt bằng chung (đòi mua nhà Q1 giá 1 tỷ).",0,0,0,0,0,0,-50,0,COLD,❄️ COLD LEAD,"Lý do loại: Yêu cầu phi thực tế (Giá vô lý), Khách không thiện chí (Hỏi cho vui)",Chặn số / Đưa vào Blacklist / Drip Marketing tự động,Không thực hiện gọi trực tiếp. Chuyển vào hệ thống chăm sóc tự động định kỳ.
471,Phạm Văn Anh,740777626,"Cần mua đất nền vùng ven (Long An, Đồng Nai) để đầu tư dài hạn. Tài chính 2-3 tỷ. Yêu cầu sổ hồng riêng, không dính quy hoạch.",12,14,10,8,8,52,0,52,WARM,☀️ WARM LEAD,"Cần mua đất nền vùng ven (Long An, Đồng Nai) 2-3 tỷ đầu tư dài hạn, yêu cầu sổ hồng riêng.","Chuyên viên tư vấn gọi trong 1 - 2 giờ, hỗ trợ phương án tài chính & hẹn nhà mẫu","Dạ em chào anh/chị Phạm Văn Anh, em phụ trách đất nền khu Đông & vùng ven. Em có 3 lô đất Long An/Đồng Nai tài chính 2-3 tỷ đã có sổ hồng riêng từng nền, không dính quy hoạch. Em xin phép gửi sổ và trích lục bản đồ địa chính qua Zalo cho anh/chị xem trước nhé ạ."
472,Phan Đức Dũng,940495402,"Quan tâm căn hộ 2PN tại Quận 7 cho gia đình trẻ. Tài chính khoảng 4-5 tỷ, cần hỗ trợ vay ngân hàng 70%. Muốn đi xem nhà mẫu vào cuối tuần này.",16,16,18,8,8,66,0,66,WARM,☀️ WARM LEAD,"Gia đình trẻ, quan tâm căn 2PN Q7 (4-5 tỷ), cần hỗ trợ vay 70%, muốn đi xem nhà mẫu cuối tuần.","Chuyên viên tư vấn gọi trong 1 - 2 giờ, hỗ trợ phương án tài chính & hẹn nhà mẫu","Dạ em chào anh/chị Phan Đức Dũng, em là [Tên Sales] dự án căn hộ Quận 7. Em thấy gia đình mình quan tâm căn 2PN tài chính 4-5 tỷ và cần gói vay 70%. Em đã lập sẵn bảng tính dòng tiền miễn lãi 2 năm đầu. Thứ Bảy này bên em có xe đưa đón tham quan nhà mẫu, em xin phép đăng ký lịch cho gia đình mình nhé ạ?"
473,Hồ Bảo Lan,314706568,"Số điện thoại hay bị thuê bao, gọi nhiều lần không bắt máy. Nhắn tin Zalo không phản hồi.",0,0,0,0,0,0,-50,0,COLD,❄️ COLD LEAD,Lý do loại: Không liên lạc được (Thuê bao/Không rep),Chặn số / Đưa vào Blacklist / Drip Marketing tự động,Không thực hiện gọi trực tiếp. Chuyển vào hệ thống chăm sóc tự động định kỳ.
474,Bùi Minh Cường,954482809,"Quan tâm căn hộ 2PN tại Quận 7 cho gia đình trẻ. Tài chính khoảng 4-5 tỷ, cần hỗ trợ vay ngân hàng 70%. Muốn đi xem nhà mẫu vào cuối tuần này.",16,16,18,8,8,66,0,66,WARM,☀️ WARM LEAD,"Gia đình trẻ, quan tâm căn 2PN Q7 (4-5 tỷ), cần hỗ trợ vay 70%, muốn đi xem nhà mẫu cuối tuần.","Chuyên viên tư vấn gọi trong 1 - 2 giờ, hỗ trợ phương án tài chính & hẹn nhà mẫu","Dạ em chào anh/chị Bùi Minh Cường, em là [Tên Sales] dự án căn hộ Quận 7. Em thấy gia đình mình quan tâm căn 2PN tài chính 4-5 tỷ và cần gói vay 70%. Em đã lập sẵn bảng tính dòng tiền miễn lãi 2 năm đầu. Thứ Bảy này bên em có xe đưa đón tham quan nhà mẫu, em xin phép đăng ký lịch cho gia đình mình nhé ạ?"
475,Nguyễn Văn Tâm,869579337,"Khách hàng nhầm số, không có nhu cầu về bất động sản. Có vẻ là dữ liệu cũ từ ngành khác trộn vào.",0,0,0,0,0,0,-50,0,COLD,❄️ COLD LEAD,Lý do loại: Nhầm số / Không có nhu cầu BĐS,Chặn số / Đưa vào Blacklist / Drip Marketing tự động,Không thực hiện gọi trực tiếp. Chuyển vào hệ thống chăm sóc tự động định kỳ.
476,Đặng Ngọc Nam,931093475,"Tìm nhà phố liền kề khu vực nội thành, ưu tiên gần trường học và bệnh viện. Ngân sách 8-10 tỷ. Đang cân nhắc giữa 2 dự án, cần tư vấn thêm về chính sách chiết khấu.",22,18,14,8,8,70,0,70,WARM,☀️ WARM LEAD,"Tìm nhà phố 8-10 tỷ gần trường học, đang so sánh 2 dự án, quan tâm chính sách chiết khấu.","Chuyên viên tư vấn gọi trong 1 - 2 giờ, hỗ trợ phương án tài chính & hẹn nhà mẫu","Dạ em chào anh/chị Đặng Ngọc Nam, biết anh/chị đang cân nhắc nhà phố nội thành gần trường học tài chính 8-10 tỷ. Em đã làm bảng so sánh chi tiết ưu thế và chính sách chiết khấu thanh toán sớm 8% bên em so với dự án anh/chị đang xem. Em xin phép gửi qua Zalo để anh/chị tham khảo nhé ạ."
477,Hồ Ngọc Hùng,724938942,"Tìm nhà phố liền kề khu vực nội thành, ưu tiên gần trường học và bệnh viện. Ngân sách 8-10 tỷ. Đang cân nhắc giữa 2 dự án, cần tư vấn thêm về chính sách chiết khấu.",22,18,14,8,8,70,0,70,WARM,☀️ WARM LEAD,"Tìm nhà phố 8-10 tỷ gần trường học, đang so sánh 2 dự án, quan tâm chính sách chiết khấu.","Chuyên viên tư vấn gọi trong 1 - 2 giờ, hỗ trợ phương án tài chính & hẹn nhà mẫu","Dạ em chào anh/chị Hồ Ngọc Hùng, biết anh/chị đang cân nhắc nhà phố nội thành gần trường học tài chính 8-10 tỷ. Em đã làm bảng so sánh chi tiết ưu thế và chính sách chiết khấu thanh toán sớm 8% bên em so với dự án anh/chị đang xem. Em xin phép gửi qua Zalo để anh/chị tham khảo nhé ạ."
478,Ngô Đức Hoa,718968486,"Tìm nhà phố liền kề khu vực nội thành, ưu tiên gần trường học và bệnh viện. Ngân sách 8-10 tỷ. Đang cân nhắc giữa 2 dự án, cần tư vấn thêm về chính sách chiết khấu.",22,18,14,8,8,70,0,70,WARM,☀️ WARM LEAD,"Tìm nhà phố 8-10 tỷ gần trường học, đang so sánh 2 dự án, quan tâm chính sách chiết khấu.","Chuyên viên tư vấn gọi trong 1 - 2 giờ, hỗ trợ phương án tài chính & hẹn nhà mẫu","Dạ em chào anh/chị Ngô Đức Hoa, biết anh/chị đang cân nhắc nhà phố nội thành gần trường học tài chính 8-10 tỷ. Em đã làm bảng so sánh chi tiết ưu thế và chính sách chiết khấu thanh toán sớm 8% bên em so với dự án anh/chị đang xem. Em xin phép gửi qua Zalo để anh/chị tham khảo nhé ạ."
479,Đặng Hồng Sơn,340292564,"Số điện thoại hay bị thuê bao, gọi nhiều lần không bắt máy. Nhắn tin Zalo không phản hồi.",0,0,0,0,0,0,-50,0,COLD,❄️ COLD LEAD,Lý do loại: Không liên lạc được (Thuê bao/Không rep),Chặn số / Đưa vào Blacklist / Drip Marketing tự động,Không thực hiện gọi trực tiếp. Chuyển vào hệ thống chăm sóc tự động định kỳ.
480,Đặng Phương Tâm,378575956,"Quan tâm căn hộ 2PN tại Quận 7 cho gia đình trẻ. Tài chính khoảng 4-5 tỷ, cần hỗ trợ vay ngân hàng 70%. Muốn đi xem nhà mẫu vào cuối tuần này.",16,16,18,8,8,66,0,66,WARM,☀️ WARM LEAD,"Gia đình trẻ, quan tâm căn 2PN Q7 (4-5 tỷ), cần hỗ trợ vay 70%, muốn đi xem nhà mẫu cuối tuần.","Chuyên viên tư vấn gọi trong 1 - 2 giờ, hỗ trợ phương án tài chính & hẹn nhà mẫu","Dạ em chào anh/chị Đặng Phương Tâm, em là [Tên Sales] dự án căn hộ Quận 7. Em thấy gia đình mình quan tâm căn 2PN tài chính 4-5 tỷ và cần gói vay 70%. Em đã lập sẵn bảng tính dòng tiền miễn lãi 2 năm đầu. Thứ Bảy này bên em có xe đưa đón tham quan nhà mẫu, em xin phép đăng ký lịch cho gia đình mình nhé ạ?"
481,Đỗ Bảo Hoa,768236575,"Khách hàng nhầm số, không có nhu cầu về bất động sản. Có vẻ là dữ liệu cũ từ ngành khác trộn vào.",0,0,0,0,0,0,-50,0,COLD,❄️ COLD LEAD,Lý do loại: Nhầm số / Không có nhu cầu BĐS,Chặn số / Đưa vào Blacklist / Drip Marketing tự động,Không thực hiện gọi trực tiếp. Chuyển vào hệ thống chăm sóc tự động định kỳ.
482,Vũ Hoàng Linh,320340407,"Cần mua đất nền vùng ven (Long An, Đồng Nai) để đầu tư dài hạn. Tài chính 2-3 tỷ. Yêu cầu sổ hồng riêng, không dính quy hoạch.",12,14,10,8,8,52,0,52,WARM,☀️ WARM LEAD,"Cần mua đất nền vùng ven (Long An, Đồng Nai) 2-3 tỷ đầu tư dài hạn, yêu cầu sổ hồng riêng.","Chuyên viên tư vấn gọi trong 1 - 2 giờ, hỗ trợ phương án tài chính & hẹn nhà mẫu","Dạ em chào anh/chị Vũ Hoàng Linh, em phụ trách đất nền khu Đông & vùng ven. Em có 3 lô đất Long An/Đồng Nai tài chính 2-3 tỷ đã có sổ hồng riêng từng nền, không dính quy hoạch. Em xin phép gửi sổ và trích lục bản đồ địa chính qua Zalo cho anh/chị xem trước nhé ạ."
483,Vũ Hoàng Nam,898008940,"Khách hàng nhầm số, không có nhu cầu về bất động sản. Có vẻ là dữ liệu cũ từ ngành khác trộn vào.",0,0,0,0,0,0,-50,0,COLD,❄️ COLD LEAD,Lý do loại: Nhầm số / Không có nhu cầu BĐS,Chặn số / Đưa vào Blacklist / Drip Marketing tự động,Không thực hiện gọi trực tiếp. Chuyển vào hệ thống chăm sóc tự động định kỳ.
484,Đỗ Minh Mai,331324043,"Đang tìm thuê mặt bằng kinh doanh spa tại Quận 1, diện tích khoảng 80-100m2. Giá thuê mong muốn dưới 50 triệu/tháng. Cần ký hợp đồng dài hạn.",14,16,14,8,6,58,0,58,WARM,☀️ WARM LEAD,"Tìm thuê mặt bằng spa Quận 1 (80-100m2), giá dưới 50 triệu/tháng, hợp đồng dài hạn.","Chuyên viên tư vấn gọi trong 1 - 2 giờ, hỗ trợ phương án tài chính & hẹn nhà mẫu","Dạ em chào anh/chị Đỗ Minh Mai, em bên mảng mặt bằng thương mại. Em nắm được nhu cầu thuê mặt bằng spa 80-100m2 tại Quận 1 dưới 50 triệu. Em đang có sẵn 2 căn vỉa hè rộng, hạ tầng cấp thoát nước hoàn chỉnh. Chiều nay em có thể dẫn anh/chị qua xem trực tiếp được không ạ?"
485,Ngô Anh Nam,854926152,"Tìm nhà thuê nguyên căn giá 2 triệu ở trung tâm thành phố. Yêu cầu phi thực tế, thái độ không hợp tác khi tư vấn.",0,0,0,0,0,0,-50,0,COLD,❄️ COLD LEAD,"Lý do loại: Yêu cầu phi thực tế (Giá vô lý), Khách không thiện chí (Hỏi cho vui)",Chặn số / Đưa vào Blacklist / Drip Marketing tự động,Không thực hiện gọi trực tiếp. Chuyển vào hệ thống chăm sóc tự động định kỳ.
486,Phan Đức Hùng,943449497,"Cần mua đất nền vùng ven (Long An, Đồng Nai) để đầu tư dài hạn. Tài chính 2-3 tỷ. Yêu cầu sổ hồng riêng, không dính quy hoạch.",12,14,10,8,8,52,0,52,WARM,☀️ WARM LEAD,"Cần mua đất nền vùng ven (Long An, Đồng Nai) 2-3 tỷ đầu tư dài hạn, yêu cầu sổ hồng riêng.","Chuyên viên tư vấn gọi trong 1 - 2 giờ, hỗ trợ phương án tài chính & hẹn nhà mẫu","Dạ em chào anh/chị Phan Đức Hùng, em phụ trách đất nền khu Đông & vùng ven. Em có 3 lô đất Long An/Đồng Nai tài chính 2-3 tỷ đã có sổ hồng riêng từng nền, không dính quy hoạch. Em xin phép gửi sổ và trích lục bản đồ địa chính qua Zalo cho anh/chị xem trước nhé ạ."
487,Lê Minh Sơn,732084167,"Số điện thoại hay bị thuê bao, gọi nhiều lần không bắt máy. Nhắn tin Zalo không phản hồi.",0,0,0,0,0,0,-50,0,COLD,❄️ COLD LEAD,Lý do loại: Không liên lạc được (Thuê bao/Không rep),Chặn số / Đưa vào Blacklist / Drip Marketing tự động,Không thực hiện gọi trực tiếp. Chuyển vào hệ thống chăm sóc tự động định kỳ.
488,Ngô Thị Hùng,926952924,"Hỏi giá cho vui, chưa có ý định mua trong năm nay. Ngân sách rất thấp so với mặt bằng chung (đòi mua nhà Q1 giá 1 tỷ).",0,0,0,0,0,0,-50,0,COLD,❄️ COLD LEAD,"Lý do loại: Yêu cầu phi thực tế (Giá vô lý), Khách không thiện chí (Hỏi cho vui)",Chặn số / Đưa vào Blacklist / Drip Marketing tự động,Không thực hiện gọi trực tiếp. Chuyển vào hệ thống chăm sóc tự động định kỳ.
489,Lê Ngọc Hùng,763616480,"Tìm nhà thuê nguyên căn giá 2 triệu ở trung tâm thành phố. Yêu cầu phi thực tế, thái độ không hợp tác khi tư vấn.",0,0,0,0,0,0,-50,0,COLD,❄️ COLD LEAD,"Lý do loại: Yêu cầu phi thực tế (Giá vô lý), Khách không thiện chí (Hỏi cho vui)",Chặn số / Đưa vào Blacklist / Drip Marketing tự động,Không thực hiện gọi trực tiếp. Chuyển vào hệ thống chăm sóc tự động định kỳ.
490,Hồ Đức Linh,998261552,"Cần mua đất nền vùng ven (Long An, Đồng Nai) để đầu tư dài hạn. Tài chính 2-3 tỷ. Yêu cầu sổ hồng riêng, không dính quy hoạch.",12,14,10,8,8,52,0,52,WARM,☀️ WARM LEAD,"Cần mua đất nền vùng ven (Long An, Đồng Nai) 2-3 tỷ đầu tư dài hạn, yêu cầu sổ hồng riêng.","Chuyên viên tư vấn gọi trong 1 - 2 giờ, hỗ trợ phương án tài chính & hẹn nhà mẫu","Dạ em chào anh/chị Hồ Đức Linh, em phụ trách đất nền khu Đông & vùng ven. Em có 3 lô đất Long An/Đồng Nai tài chính 2-3 tỷ đã có sổ hồng riêng từng nền, không dính quy hoạch. Em xin phép gửi sổ và trích lục bản đồ địa chính qua Zalo cho anh/chị xem trước nhé ạ."
491,Nguyễn Anh Mai,878513571,"Khách hàng nhầm số, không có nhu cầu về bất động sản. Có vẻ là dữ liệu cũ từ ngành khác trộn vào.",0,0,0,0,0,0,-50,0,COLD,❄️ COLD LEAD,Lý do loại: Nhầm số / Không có nhu cầu BĐS,Chặn số / Đưa vào Blacklist / Drip Marketing tự động,Không thực hiện gọi trực tiếp. Chuyển vào hệ thống chăm sóc tự động định kỳ.
492,Đặng Bảo Mai,394368963,"Cần mua đất nền vùng ven (Long An, Đồng Nai) để đầu tư dài hạn. Tài chính 2-3 tỷ. Yêu cầu sổ hồng riêng, không dính quy hoạch.",12,14,10,8,8,52,0,52,WARM,☀️ WARM LEAD,"Cần mua đất nền vùng ven (Long An, Đồng Nai) 2-3 tỷ đầu tư dài hạn, yêu cầu sổ hồng riêng.","Chuyên viên tư vấn gọi trong 1 - 2 giờ, hỗ trợ phương án tài chính & hẹn nhà mẫu","Dạ em chào anh/chị Đặng Bảo Mai, em phụ trách đất nền khu Đông & vùng ven. Em có 3 lô đất Long An/Đồng Nai tài chính 2-3 tỷ đã có sổ hồng riêng từng nền, không dính quy hoạch. Em xin phép gửi sổ và trích lục bản đồ địa chính qua Zalo cho anh/chị xem trước nhé ạ."
493,Ngô Hồng Hùng,918065088,"Cần mua đất nền vùng ven (Long An, Đồng Nai) để đầu tư dài hạn. Tài chính 2-3 tỷ. Yêu cầu sổ hồng riêng, không dính quy hoạch.",12,14,10,8,8,52,0,52,WARM,☀️ WARM LEAD,"Cần mua đất nền vùng ven (Long An, Đồng Nai) 2-3 tỷ đầu tư dài hạn, yêu cầu sổ hồng riêng.","Chuyên viên tư vấn gọi trong 1 - 2 giờ, hỗ trợ phương án tài chính & hẹn nhà mẫu","Dạ em chào anh/chị Ngô Hồng Hùng, em phụ trách đất nền khu Đông & vùng ven. Em có 3 lô đất Long An/Đồng Nai tài chính 2-3 tỷ đã có sổ hồng riêng từng nền, không dính quy hoạch. Em xin phép gửi sổ và trích lục bản đồ địa chính qua Zalo cho anh/chị xem trước nhé ạ."
494,Nguyễn Minh Dũng,318987849,"Quan tâm căn hộ 2PN tại Quận 7 cho gia đình trẻ. Tài chính khoảng 4-5 tỷ, cần hỗ trợ vay ngân hàng 70%. Muốn đi xem nhà mẫu vào cuối tuần này.",16,16,18,8,8,66,0,66,WARM,☀️ WARM LEAD,"Gia đình trẻ, quan tâm căn 2PN Q7 (4-5 tỷ), cần hỗ trợ vay 70%, muốn đi xem nhà mẫu cuối tuần.","Chuyên viên tư vấn gọi trong 1 - 2 giờ, hỗ trợ phương án tài chính & hẹn nhà mẫu","Dạ em chào anh/chị Nguyễn Minh Dũng, em là [Tên Sales] dự án căn hộ Quận 7. Em thấy gia đình mình quan tâm căn 2PN tài chính 4-5 tỷ và cần gói vay 70%. Em đã lập sẵn bảng tính dòng tiền miễn lãi 2 năm đầu. Thứ Bảy này bên em có xe đưa đón tham quan nhà mẫu, em xin phép đăng ký lịch cho gia đình mình nhé ạ?"
495,Lý Ngọc Tuấn,374423783,"Tìm nhà phố liền kề khu vực nội thành, ưu tiên gần trường học và bệnh viện. Ngân sách 8-10 tỷ. Đang cân nhắc giữa 2 dự án, cần tư vấn thêm về chính sách chiết khấu.",22,18,14,8,8,70,0,70,WARM,☀️ WARM LEAD,"Tìm nhà phố 8-10 tỷ gần trường học, đang so sánh 2 dự án, quan tâm chính sách chiết khấu.","Chuyên viên tư vấn gọi trong 1 - 2 giờ, hỗ trợ phương án tài chính & hẹn nhà mẫu","Dạ em chào anh/chị Lý Ngọc Tuấn, biết anh/chị đang cân nhắc nhà phố nội thành gần trường học tài chính 8-10 tỷ. Em đã làm bảng so sánh chi tiết ưu thế và chính sách chiết khấu thanh toán sớm 8% bên em so với dự án anh/chị đang xem. Em xin phép gửi qua Zalo để anh/chị tham khảo nhé ạ."
496,Vũ Hoàng Mai,865000120,"Số điện thoại hay bị thuê bao, gọi nhiều lần không bắt máy. Nhắn tin Zalo không phản hồi.",0,0,0,0,0,0,-50,0,COLD,❄️ COLD LEAD,Lý do loại: Không liên lạc được (Thuê bao/Không rep),Chặn số / Đưa vào Blacklist / Drip Marketing tự động,Không thực hiện gọi trực tiếp. Chuyển vào hệ thống chăm sóc tự động định kỳ.
497,Lý Bảo Linh,993992948,"Hỏi giá cho vui, chưa có ý định mua trong năm nay. Ngân sách rất thấp so với mặt bằng chung (đòi mua nhà Q1 giá 1 tỷ).",0,0,0,0,0,0,-50,0,COLD,❄️ COLD LEAD,"Lý do loại: Yêu cầu phi thực tế (Giá vô lý), Khách không thiện chí (Hỏi cho vui)",Chặn số / Đưa vào Blacklist / Drip Marketing tự động,Không thực hiện gọi trực tiếp. Chuyển vào hệ thống chăm sóc tự động định kỳ.
498,Đặng Hoàng Tâm,766295016,"Spam, gọi điện đến chỉ để quảng cáo ngược lại dịch vụ bảo hiểm.",0,0,0,0,0,0,-50,0,COLD,❄️ COLD LEAD,Lý do loại: Spam / Mời chào dịch vụ khác,Chặn số / Đưa vào Blacklist / Drip Marketing tự động,Không thực hiện gọi trực tiếp. Chuyển vào hệ thống chăm sóc tự động định kỳ.
499,Lê Thị Anh,855054674,"Tìm nhà thuê nguyên căn giá 2 triệu ở trung tâm thành phố. Yêu cầu phi thực tế, thái độ không hợp tác khi tư vấn.",0,0,0,0,0,0,-50,0,COLD,❄️ COLD LEAD,"Lý do loại: Yêu cầu phi thực tế (Giá vô lý), Khách không thiện chí (Hỏi cho vui)",Chặn số / Đưa vào Blacklist / Drip Marketing tự động,Không thực hiện gọi trực tiếp. Chuyển vào hệ thống chăm sóc tự động định kỳ.
500,Trần Anh Linh,895668746,"Hỏi giá cho vui, chưa có ý định mua trong năm nay. Ngân sách rất thấp so với mặt bằng chung (đòi mua nhà Q1 giá 1 tỷ).",0,0,0,0,0,0,-50,0,COLD,❄️ COLD LEAD,"Lý do loại: Yêu cầu phi thực tế (Giá vô lý), Khách không thiện chí (Hỏi cho vui)",Chặn số / Đưa vào Blacklist / Drip Marketing tự động,Không thực hiện gọi trực tiếp. Chuyển vào hệ thống chăm sóc tự động định kỳ.
